"mean","lower","upper"
0.73456845818698,0.690115475068261,0.774041163424267
