"location_iso3","year","disease","vaccine","target_deaths_averted","observed_deaths_averted","region","income_group","coverage","pop"
"AFG",2019,"HepB","HepB",4018.0683912944,4018.0683912944,"EMRO","Low income",0.72,1302369
"AFG",2019,"HepB","HepB_BD",428.609114687141,428.609114687141,"EMRO","Low income",0.36,1302369
"AFG",2019,"Hib","Hib3",3983.22385829523,3983.22385829523,"EMRO","Low income",0.72,1302369
"AFG",2019,"Measles","MCV1",13905.6453452684,13905.6453452684,"EMRO","Low income",0.64,1302369
"AFG",2019,"Measles","MCV2",1047.4131352772,1047.4131352772,"EMRO","Low income",0.41,1235806
"AFG",2019,"PCV","PCV3",3608.63500854203,3608.63500854203,"EMRO","Low income",0.68,1302369
"AFG",2019,"Rota","Rota",1054.79890713841,1054.79890713841,"EMRO","Low income",0.58,1302369
"AFG",2019,"D","DTP3",200.233416406546,200.233416406546,"EMRO","Low income",0.72,1302369
"AFG",2019,"P","DTP3",5643.00564638469,5643.00564638469,"EMRO","Low income",0.72,1302369
"AFG",2019,"T","DTP3",651.379870150389,651.379870150389,"EMRO","Low income",0.72,1302369
"AFG",2019,"TB","BCG",1618.92445937096,1618.92445937096,"EMRO","Low income",0.86,1302369
"AFG",2020,"HepB","HepB",4087.88645951853,3974.33405786523,"EMRO","Low income",0.7,1324999
"AFG",2020,"HepB","HepB_BD",436.05663859578,460.282007406656,"EMRO","Low income",0.38,1324999
"AFG",2020,"Hib","Hib3",4052.43646694395,3939.86878730662,"EMRO","Low income",0.7,1324999
"AFG",2020,"Measles","MCV1",14147.2702259001,14589.3724204595,"EMRO","Low income",0.66,1324999
"AFG",2020,"Measles","MCV2",1064.54221497414,1116.47110350946,"EMRO","Low income",0.43,1256016
"AFG",2020,"PCV","PCV3",3671.33875090944,3671.33875090944,"EMRO","Low income",0.68,1324999
"AFG",2020,"Rota","Rota",1073.12712231286,1147.13588936892,"EMRO","Low income",0.62,1324999
"AFG",2020,"D","DTP3",203.712677824224,198.053992329107,"EMRO","Low income",0.7,1324999
"AFG",2020,"P","DTP3",5741.05866958909,5581.58481765606,"EMRO","Low income",0.7,1324999
"AFG",2020,"T","DTP3",662.698264907561,644.28997977124,"EMRO","Low income",0.7,1324999
"AFG",2020,"TB","BCG",1647.05493584542,1666.20673742502,"EMRO","Low income",0.87,1324999
"AFG",2021,"HepB","HepB",4172.25124412254,3824.56364044566,"EMRO","Low income",0.66,1352344
"AFG",2021,"HepB","HepB_BD",445.055867110218,482.143856036069,"EMRO","Low income",0.39,1352344
"AFG",2021,"Hib","Hib3",4136.0696434132,3791.39717312877,"EMRO","Low income",0.66,1352344
"AFG",2021,"Measles","MCV1",14439.2380721605,14213.624977283,"EMRO","Low income",0.63,1352344
"AFG",2021,"Measles","MCV2",1087.43720902923,1167.00578529966,"EMRO","Low income",0.44,1283029
"AFG",2021,"PCV","PCV3",3747.10692744665,3581.79338652988,"EMRO","Low income",0.65,1352344
"AFG",2021,"Rota","Rota",1095.27405311028,1114.15808850873,"EMRO","Low income",0.59,1352344
"AFG",2021,"D","DTP3",207.916849431224,190.590445311956,"EMRO","Low income",0.66,1352344
"AFG",2021,"P","DTP3",5859.54121132679,5371.24611038289,"EMRO","Low income",0.66,1352344
"AFG",2021,"T","DTP3",676.374866968315,620.010294720956,"EMRO","Low income",0.66,1352344
"AFG",2021,"TB","BCG",1681.04644619425,1641.95234279438,"EMRO","Low income",0.84,1352344
"AFG",2022,"HepB","HepB",4384.40088560005,4095.01892692416,"EMRO","Low income",0.69,1385020
"AFG",2022,"HepB","HepB_BD",576.452202150801,557.10053126809,"EMRO","Low income",0.44,1385020
"AFG",2022,"Hib","Hib3",4346.37953144121,4059.50708186932,"EMRO","Low income",0.69,1385020
"AFG",2022,"Measles","MCV1",15559.1753726689,15712.3839122093,"EMRO","Low income",0.68,1385020
"AFG",2022,"Measles","MCV2",1330.00857284437,1321.16309942227,"EMRO","Low income",0.49,1304297
"AFG",2022,"PCV","PCV3",3983.46056093493,3781.21038964345,"EMRO","Low income",0.67,1385020
"AFG",2022,"Rota","Rota",1209.54817696784,1218.44020646864,"EMRO","Low income",0.63,1385020
"AFG",2022,"D","DTP3",218.488956066965,204.068111872866,"EMRO","Low income",0.69,1385020
"AFG",2022,"P","DTP3",6157.48577278071,5751.07556077238,"EMRO","Low income",0.69,1385020
"AFG",2022,"T","DTP3",710.767015747434,663.8545283755,"EMRO","Low income",0.69,1385020
"AFG",2022,"TB","BCG",1721.66471615799,1761.70343048725,"EMRO","Low income",0.88,1385020
"AGO",2019,"HPV","HPV",0,0,"AFRO","Lower middle income",0,449048
"AGO",2019,"HepB","HepB",8619.21558165127,8619.21558165127,"AFRO","Lower middle income",0.57,1207116
"AGO",2019,"Hib","Hib3",5343.18053015996,5343.18053015996,"AFRO","Lower middle income",0.57,1207116
"AGO",2019,"Measles","MCV1",20436.7334563024,20436.7334563024,"AFRO","Lower middle income",0.51,1207116
"AGO",2019,"Measles","MCV2",2045.86486312844,2045.86486312844,"AFRO","Lower middle income",0.33,1123557
"AGO",2019,"PCV","PCV3",4402.00511072606,4402.00511072606,"AFRO","Lower middle income",0.53,1207116
"AGO",2019,"Rota","Rota",1527.5344609992,1527.5344609992,"AFRO","Lower middle income",0.58,1207116
"AGO",2019,"YF","YF",669.085821437303,669.085821437303,"AFRO","Lower middle income",0.45,1207116
"AGO",2019,"D","DTP3",152.13694815053,152.13694815053,"AFRO","Lower middle income",0.57,1207116
"AGO",2019,"P","DTP3",5859.90531830907,5859.90531830907,"AFRO","Lower middle income",0.57,1207116
"AGO",2019,"T","DTP3",426.816579915846,426.816579915846,"AFRO","Lower middle income",0.57,1207116
"AGO",2019,"TB","BCG",2262.71209131935,2262.71209131935,"AFRO","Lower middle income",0.69,1207116
"AGO",2019,"Rubella","Rubella",457.39034070244,457.39034070244,"AFRO","Lower middle income",0.51,1207116
"AGO",2020,"HepB","HepB",8813.25425186306,7885.54327798274,"AFRO","Lower middle income",0.51,1234291
"AGO",2020,"Hib","Hib3",5463.46800121253,4888.36610634805,"AFRO","Lower middle income",0.51,1234291
"AGO",2020,"Measles","MCV1",20896.8120499711,18028.6221607594,"AFRO","Lower middle income",0.44,1234291
"AGO",2020,"Measles","MCV2",2096.42347634488,1842.31153981823,"AFRO","Lower middle income",0.29,1151323
"AGO",2020,"PCV","PCV3",4501.10452526781,4501.10452526781,"AFRO","Lower middle income",0.53,1234291
"AGO",2020,"Rota","Rota",1561.9228287929,1157.97726962232,"AFRO","Lower middle income",0.43,1234291
"AGO",2020,"YF","YF",684.148505717488,456.099003811658,"AFRO","Lower middle income",0.3,1234291
"AGO",2020,"D","DTP3",155.561906121422,139.186968634956,"AFRO","Lower middle income",0.51,1234291
"AGO",2020,"P","DTP3",5991.8254709912,5361.10700036055,"AFRO","Lower middle income",0.51,1234291
"AGO",2020,"T","DTP3",436.425217825718,390.485721212484,"AFRO","Lower middle income",0.51,1234291
"AGO",2020,"TB","BCG",2313.65102434783,1944.80810742281,"AFRO","Lower middle income",0.58,1234291
"AGO",2020,"Rubella","Rubella",467.687265363027,403.494895607317,"AFRO","Lower middle income",0.44,1234291
"AGO",2021,"HPV","HPV",4136.57051570107,0,"AFRO","Lower middle income",0,479680
"AGO",2021,"HepB","HepB",9013.57641903111,7115.98138344561,"AFRO","Lower middle income",0.45,1262346
"AGO",2021,"Hib","Hib3",5587.65070591832,4411.30318888288,"AFRO","Lower middle income",0.45,1262346
"AGO",2021,"Measles","MCV1",21371.7892328736,15085.9688702637,"AFRO","Lower middle income",0.36,1262346
"AGO",2021,"Measles","MCV2",2144.76061336294,1429.84040890863,"AFRO","Lower middle income",0.22,1177869
"AGO",2021,"PCV","PCV3",4603.4130468858,2953.13289800221,"AFRO","Lower middle income",0.34,1262346
"AGO",2021,"Rota","Rota",1597.42478494569,936.421425657817,"AFRO","Lower middle income",0.34,1262346
"AGO",2021,"YF","YF",699.698960454583,482.014839424268,"AFRO","Lower middle income",0.31,1262346
"AGO",2021,"D","DTP3",159.097773494866,125.603505390684,"AFRO","Lower middle income",0.45,1262346
"AGO",2021,"P","DTP3",6128.01755502054,4837.90859606885,"AFRO","Lower middle income",0.45,1262346
"AGO",2021,"T","DTP3",446.345009419516,352.377639015407,"AFRO","Lower middle income",0.45,1262346
"AGO",2021,"TB","BCG",2366.23949780188,1920.42625908558,"AFRO","Lower middle income",0.56,1262346
"AGO",2021,"Rubella","Rubella",478.317632294131,337.635975737034,"AFRO","Lower middle income",0.36,1262346
"AGO",2022,"HPV","HPV",4990.00120449589,0,"AFRO","Lower middle income",0,495981
"AGO",2022,"HepB","HepB",9841.34521408868,6779.82331565931,"AFRO","Lower middle income",0.42,1288621
"AGO",2022,"Hib","Hib3",6100.79695076236,4202.91377968007,"AFRO","Lower middle income",0.42,1288621
"AGO",2022,"Measles","MCV1",24023.930399949,15827.7516357115,"AFRO","Lower middle income",0.37,1288621
"AGO",2022,"Measles","MCV2",2800.85581975005,1663.07786305558,"AFRO","Lower middle income",0.25,1205604
"AGO",2022,"PCV","PCV3",5120.75688145877,2127.95339778094,"AFRO","Lower middle income",0.24,1288621
"AGO",2022,"Rota","Rota",1736.77033335306,1040.25771474993,"AFRO","Lower middle income",0.37,1288621
"AGO",2022,"YF","YF",816.153147966588,317.45012826029,"AFRO","Lower middle income",0.2,1288621
"AGO",2022,"D","DTP3",173.70864116157,119.670011554184,"AFRO","Lower middle income",0.42,1288621
"AGO",2022,"P","DTP3",6690.78880938089,4609.36640095229,"AFRO","Lower middle income",0.42,1288621
"AGO",2022,"T","DTP3",487.335450222465,335.731363557451,"AFRO","Lower middle income",0.42,1288621
"AGO",2022,"TB","BCG",2479.10021940992,2100.42730508666,"AFRO","Lower middle income",0.6,1288621
"AGO",2022,"Rubella","Rubella",537.674659902939,354.237663699585,"AFRO","Lower middle income",0.37,1288621
"ALB",2019,"HepB","HepB",201.323731597561,201.323731597561,"EURO","Upper middle income",0.99,29036
"ALB",2019,"HepB","HepB_BD",40.8132524948668,40.8132524948668,"EURO","Upper middle income",0.99,29036
"ALB",2019,"Hib","Hib3",18.1912330753229,18.1912330753229,"EURO","Upper middle income",0.99,29036
"ALB",2019,"Measles","MCV1",151.976766439789,151.976766439789,"EURO","Upper middle income",0.95,29036
"ALB",2019,"Measles","MCV2",21.7583467032435,21.7583467032435,"EURO","Upper middle income",0.96,30651
"ALB",2019,"PCV","PCV3",17.9628904164178,17.9628904164178,"EURO","Upper middle income",0.96,29036
"ALB",2019,"D","DTP3",0.454986796536896,0.454986796536896,"EURO","Upper middle income",0.99,29036
"ALB",2019,"P","DTP3",22.4413646260328,22.4413646260328,"EURO","Upper middle income",0.99,29036
"ALB",2019,"T","DTP3",2.66896449063941,2.66896449063941,"EURO","Upper middle income",0.99,29036
"ALB",2019,"TB","BCG",1.66790487934516,1.66790487934516,"EURO","Upper middle income",0.99,29036
"ALB",2019,"Rubella","Rubella",4.739184384697,4.739184384697,"EURO","Upper middle income",0.95,29036
"ALB",2020,"HepB","HepB",197.64199508157,195.645611292868,"EURO","Upper middle income",0.98,28505
"ALB",2020,"HepB","HepB_BD",40.066874306591,40.066874306591,"EURO","Upper middle income",0.99,28505
"ALB",2020,"Hib","Hib3",17.8585583004574,17.678168822675,"EURO","Upper middle income",0.98,28505
"ALB",2020,"Measles","MCV1",149.197469602086,142.915470881998,"EURO","Upper middle income",0.91,28505
"ALB",2020,"Measles","MCV2",20.9277941717504,20.491798459839,"EURO","Upper middle income",0.94,29481
"ALB",2020,"PCV","PCV3",17.634391490563,16.8996251784563,"EURO","Upper middle income",0.92,28505
"ALB",2020,"D","DTP3",0.446666160465774,0.44215438106713,"EURO","Upper middle income",0.98,28505
"ALB",2020,"P","DTP3",22.0309649629793,21.8084299633532,"EURO","Upper middle income",0.98,28505
"ALB",2020,"T","DTP3",2.62015542105236,2.59368920467809,"EURO","Upper middle income",0.98,28505
"ALB",2020,"TB","BCG",1.63740283047713,1.62086340794706,"EURO","Upper middle income",0.98,28505
"ALB",2020,"Rubella","Rubella",4.65251587290908,4.45662046773396,"EURO","Upper middle income",0.91,28505
"ALB",2021,"HPV","HPV",18.996596741885,0,"EURO","Upper middle income",0,15608
"ALB",2021,"HepB","HepB",196.387015214538,194.403307990149,"EURO","Upper middle income",0.98,28324
"ALB",2021,"HepB","HepB_BD",39.8124591426025,39.8124591426025,"EURO","Upper middle income",0.99,28324
"ALB",2021,"Hib","Hib3",17.7451606841661,17.5659166368513,"EURO","Upper middle income",0.98,28324
"ALB",2021,"Measles","MCV1",148.250101000158,135.765881968565,"EURO","Upper middle income",0.87,28324
"ALB",2021,"Measles","MCV2",20.0255443704447,19.1911466883428,"EURO","Upper middle income",0.92,28210
"ALB",2021,"PCV","PCV3",17.5224172804318,16.2447410204003,"EURO","Upper middle income",0.89,28324
"ALB",2021,"D","DTP3",0.443829936117614,0.43934680544976,"EURO","Upper middle income",0.98,28324
"ALB",2021,"P","DTP3",21.8910735524092,21.6699515973344,"EURO","Upper middle income",0.98,28324
"ALB",2021,"T","DTP3",2.60351805458295,2.57721989241545,"EURO","Upper middle income",0.98,28324
"ALB",2021,"TB","BCG",1.62700571024151,1.62700571024151,"EURO","Upper middle income",0.99,28324
"ALB",2021,"Rubella","Rubella",4.62297349883448,4.23367046735368,"EURO","Upper middle income",0.87,28324
"ALB",2022,"HPV","HPV",27.5948043574126,0,"EURO","Upper middle income",0,15818
"ALB",2022,"HepB","HepB",194.924027634737,190.986168490601,"EURO","Upper middle income",0.97,28113
"ALB",2022,"HepB","HepB_BD",39.5158757193894,39.5158757193894,"EURO","Upper middle income",0.99,28113
"ALB",2022,"Hib","Hib3",17.6129678828542,17.2571503498672,"EURO","Upper middle income",0.97,28113
"ALB",2022,"Measles","MCV1",148.413865678492,133.205590085365,"EURO","Upper middle income",0.86,28113
"ALB",2022,"Measles","MCV2",19.8011792881708,19.0689670277493,"EURO","Upper middle income",0.93,27729
"ALB",2022,"PCV","PCV3",17.4953336449215,15.7613947018635,"EURO","Upper middle income",0.87,28113
"ALB",2022,"D","DTP3",0.440523619336057,0.431624152278763,"EURO","Upper middle income",0.97,28113
"ALB",2022,"P","DTP3",21.7279957201977,21.2890463117089,"EURO","Upper middle income",0.97,28113
"ALB",2022,"T","DTP3",2.5841231135606,2.53191860621594,"EURO","Upper middle income",0.97,28113
"ALB",2022,"TB","BCG",1.61488531040882,1.61488531040882,"EURO","Upper middle income",0.99,28113
"ALB",2022,"Rubella","Rubella",4.62808027287968,4.15383132090141,"EURO","Upper middle income",0.86,28113
"ARE",2019,"HPV","HPV",20.0819773620367,20.0819773620367,"EMRO","High income",0.33,44334
"ARE",2019,"HepB","HepB",871.417302687421,871.417302687421,"EMRO","High income",0.98,96433
"ARE",2019,"HepB","HepB_BD",580.174164897348,580.174164897348,"EMRO","High income",0.91,96433
"ARE",2019,"Hib","Hib3",18.6905041932534,18.6905041932534,"EMRO","High income",0.99,96433
"ARE",2019,"Measles","MCV1",296.883776966847,296.883776966847,"EMRO","High income",0.99,96433
"ARE",2019,"Measles","MCV2",50.1966288906775,50.1966288906775,"EMRO","High income",0.94,96433
"ARE",2019,"PCV","PCV3",18.5804454851821,18.5804454851821,"EMRO","High income",0.99,96433
"ARE",2019,"Rota","Rota",5.27812690108812,5.27812690108812,"EMRO","High income",0.92,96433
"ARE",2019,"D","DTP3",19.7346822496609,19.7346822496609,"EMRO","High income",0.99,96433
"ARE",2019,"P","DTP3",306.582545333849,306.582545333849,"EMRO","High income",0.99,96433
"ARE",2019,"T","DTP3",27.4992188377572,27.4992188377572,"EMRO","High income",0.99,96433
"ARE",2019,"TB","BCG",64.8768487964996,64.8768487964996,"EMRO","High income",0.94,96433
"ARE",2019,"Rubella","Rubella",332.425459319544,332.425459319544,"EMRO","High income",0.99,96433
"ARE",2020,"HPV","HPV",27.3731491524586,0,"EMRO","High income",0,40698
"ARE",2020,"HepB","HepB",885.161827045137,821.935982256198,"EMRO","High income",0.91,97954
"ARE",2020,"HepB","HepB_BD",589.325025129933,537.516231711917,"EMRO","High income",0.83,97954
"ARE",2020,"Hib","Hib3",18.9853022071899,17.2593656428999,"EMRO","High income",0.9,97954
"ARE",2020,"Measles","MCV1",301.566408688006,301.566408688006,"EMRO","High income",0.99,97954
"ARE",2020,"Measles","MCV2",50.9883606893638,49.9035019512923,"EMRO","High income",0.92,97954
"ARE",2020,"PCV","PCV3",18.8735075861534,16.013885224615,"EMRO","High income",0.84,97954
"ARE",2020,"Rota","Rota",5.36137673274902,5.0117217284393,"EMRO","High income",0.86,97954
"ARE",2020,"D","DTP3",20.0459496757675,18.2235906143341,"EMRO","High income",0.9,97954
"ARE",2020,"P","DTP3",311.418151935871,283.107410850792,"EMRO","High income",0.9,97954
"ARE",2020,"T","DTP3",27.9329532632363,25.3935938756694,"EMRO","High income",0.9,97954
"ARE",2020,"TB","BCG",65.9001259632317,60.2916046046588,"EMRO","High income",0.86,97954
"ARE",2020,"Rubella","Rubella",337.668676098292,337.668676098292,"EMRO","High income",0.99,97954
"ARE",2021,"HPV","HPV",35.2513976729463,0,"EMRO","High income",0,43528
"ARE",2021,"HepB","HepB",886.869726521539,859.720653260676,"EMRO","High income",0.95,98143
"ARE",2021,"HepB","HepB_BD",590.46211427126,622.905087582868,"EMRO","High income",0.96,98143
"ARE",2021,"Hib","Hib3",19.0219339130636,18.4455116732738,"EMRO","High income",0.96,98143
"ARE",2021,"Measles","MCV1",302.14827416815,302.14827416815,"EMRO","High income",0.99,98143
"ARE",2021,"Measles","MCV2",51.0867415637568,52.1736935119219,"EMRO","High income",0.96,98143
"ARE",2021,"PCV","PCV3",18.9099235868658,18.1458862702248,"EMRO","High income",0.95,98143
"ARE",2021,"Rota","Rota",5.37172138638735,5.31333311044836,"EMRO","High income",0.91,98143
"ARE",2021,"D","DTP3",20.0846278766446,19.4760027894736,"EMRO","High income",0.96,98143
"ARE",2021,"P","DTP3",312.019026129022,302.563904125112,"EMRO","High income",0.96,98143
"ARE",2021,"T","DTP3",27.9868492569349,27.1387629158157,"EMRO","High income",0.96,98143
"ARE",2021,"TB","BCG",66.0272787472635,69.5393680423307,"EMRO","High income",0.99,98143
"ARE",2021,"Rubella","Rubella",338.320200076716,338.320200076716,"EMRO","High income",0.99,98143
"ARE",2022,"HPV","HPV",41.2622150993199,0,"EMRO","High income",0,46247
"ARE",2022,"HepB","HepB",869.323632709842,841.438789007952,"EMRO","High income",0.95,96056
"ARE",2022,"HepB","HepB_BD",590.286976497588,609.659080045036,"EMRO","High income",0.96,96056
"ARE",2022,"Hib","Hib3",18.6174346000554,18.0532699152053,"EMRO","High income",0.96,96056
"ARE",2022,"Measles","MCV1",295.723124659893,292.736022390601,"EMRO","High income",0.98,96056
"ARE",2022,"Measles","MCV2",50.576517446396,48.4046306221413,"EMRO","High income",0.91,96056
"ARE",2022,"PCV","PCV3",18.5078061610098,17.7600160130902,"EMRO","High income",0.95,96056
"ARE",2022,"Rota","Rota",5.35180692758434,5.20034567169566,"EMRO","High income",0.91,96056
"ARE",2022,"D","DTP3",19.6575304944721,19.0618477522154,"EMRO","High income",0.96,96056
"ARE",2022,"P","DTP3",305.383976176083,296.129916291959,"EMRO","High income",0.96,96056
"ARE",2022,"T","DTP3",27.3917120143478,26.5616601351252,"EMRO","High income",0.96,96056
"ARE",2022,"TB","BCG",65.367837393414,65.998178036925,"EMRO","High income",0.96,96056
"ARE",2022,"Rubella","Rubella",331.125858579512,327.781152937295,"EMRO","High income",0.98,96056
"ARG",2019,"HPV","HPV",970.272708400759,970.272708400759,"PAHO","Upper middle income",0.6,347240
"ARG",2019,"HepB","HepB",5128.78944689368,5128.78944689368,"PAHO","Upper middle income",0.83,668425
"ARG",2019,"HepB","HepB_BD",2125.83820487533,2125.83820487533,"PAHO","Upper middle income",0.77,668425
"ARG",2019,"Hib","Hib3",217.992031831973,217.992031831973,"PAHO","Upper middle income",0.83,668425
"ARG",2019,"Measles","MCV1",3199.16735055763,3199.16735055763,"PAHO","Upper middle income",0.86,668425
"ARG",2019,"Measles","MCV2",480.790228088952,480.790228088952,"PAHO","Upper middle income",0.84,668425
"ARG",2019,"PCV","PCV3",223.312178928989,223.312178928989,"PAHO","Upper middle income",0.8,668425
"ARG",2019,"Rota","Rota",54.7493965687061,54.7493965687061,"PAHO","Upper middle income",0.77,668425
"ARG",2019,"YF","YF",49.7734108562995,49.7734108562995,"PAHO","Upper middle income",0.08,668425
"ARG",2019,"D","DTP3",25.7069681460481,25.7069681460481,"PAHO","Upper middle income",0.83,668425
"ARG",2019,"P","DTP3",781.782311277282,781.782311277282,"PAHO","Upper middle income",0.83,668425
"ARG",2019,"T","DTP3",91.6347228724413,91.6347228724413,"PAHO","Upper middle income",0.83,668425
"ARG",2019,"TB","BCG",89.5362391366174,89.5362391366174,"PAHO","Upper middle income",0.85,668425
"ARG",2019,"Rubella","Rubella",692.808902695103,692.808902695103,"PAHO","Upper middle income",0.86,668425
"ARG",2020,"HPV","HPV",2627.1280150722,0,"PAHO","Upper middle income",0,342524
"ARG",2020,"HepB","HepB",5032.04126103007,4486.3982327256,"PAHO","Upper middle income",0.74,655816
"ARG",2020,"HepB","HepB_BD",2085.73693109701,1950.29946803876,"PAHO","Upper middle income",0.72,655816
"ARG",2020,"Hib","Hib3",213.879885324333,190.688090530128,"PAHO","Upper middle income",0.74,655816
"ARG",2020,"Measles","MCV1",3138.81906746951,2810.33800226921,"PAHO","Upper middle income",0.77,655816
"ARG",2020,"Measles","MCV2",471.720722929849,398.716325333563,"PAHO","Upper middle income",0.71,655816
"ARG",2020,"PCV","PCV3",219.099674513213,205.405944856137,"PAHO","Upper middle income",0.75,655816
"ARG",2020,"Rota","Rota",53.7166178106782,50.2285257450497,"PAHO","Upper middle income",0.72,655816
"ARG",2020,"YF","YF",48.8344978331674,48.8344978331674,"PAHO","Upper middle income",0.08,655816
"ARG",2020,"D","DTP3",25.2220384062066,22.4871185790276,"PAHO","Upper middle income",0.74,655816
"ARG",2020,"P","DTP3",767.034967651752,683.862501279875,"PAHO","Upper middle income",0.74,655816
"ARG",2020,"T","DTP3",89.9061486558895,80.1572891630822,"PAHO","Upper middle income",0.74,655816
"ARG",2020,"TB","BCG",87.847250186064,77.5122795759389,"PAHO","Upper middle income",0.75,655816
"ARG",2020,"Rubella","Rubella",679.739930927018,608.604356760237,"PAHO","Upper middle income",0.77,655816
"ARG",2021,"HPV","HPV",2661.76171740025,0,"PAHO","Upper middle income",0,347177
"ARG",2021,"HepB","HepB",4839.6497936382,4723.03172632162,"PAHO","Upper middle income",0.81,630742
"ARG",2021,"HepB","HepB_BD",2005.99235668845,2005.99235668845,"PAHO","Upper middle income",0.77,630742
"ARG",2021,"Hib","Hib3",205.702554724558,200.745866658906,"PAHO","Upper middle income",0.81,630742
"ARG",2021,"Measles","MCV1",3018.8117036697,3018.8117036697,"PAHO","Upper middle income",0.86,630742
"ARG",2021,"Measles","MCV2",453.685290115244,426.68021332267,"PAHO","Upper middle income",0.79,630742
"ARG",2021,"PCV","PCV3",210.722774226022,208.088739548197,"PAHO","Upper middle income",0.79,630742
"ARG",2021,"Rota","Rota",51.6628550555991,52.3338012251523,"PAHO","Upper middle income",0.78,630742
"ARG",2021,"YF","YF",46.9673945623279,35.2255459217459,"PAHO","Upper middle income",0.06,630742
"ARG",2021,"D","DTP3",24.2577170249088,23.6731937231038,"PAHO","Upper middle income",0.81,630742
"ARG",2021,"P","DTP3",737.708701170147,719.932587888939,"PAHO","Upper middle income",0.81,630742
"ARG",2021,"T","DTP3",86.4687412559514,84.385157129302,"PAHO","Upper middle income",0.81,630742
"ARG",2021,"TB","BCG",84.4885612379972,79.5186458710562,"PAHO","Upper middle income",0.8,630742
"ARG",2021,"Rubella","Rubella",653.751240458862,653.751240458862,"PAHO","Upper middle income",0.86,630742
"ARG",2022,"HPV","HPV",3030.78752273376,0,"PAHO","Upper middle income",0,351258
"ARG",2022,"HepB","HepB",4836.91906117281,4675.15309312754,"PAHO","Upper middle income",0.81,624348
"ARG",2022,"HepB","HepB_BD",2032.32777234546,1985.65707676628,"PAHO","Upper middle income",0.77,624348
"ARG",2022,"Hib","Hib3",205.586488755252,198.710852229207,"PAHO","Upper middle income",0.81,624348
"ARG",2022,"Measles","MCV1",3001.07099373655,2883.969347761,"PAHO","Upper middle income",0.83,624348
"ARG",2022,"Measles","MCV2",452.574309363488,497.202535658628,"PAHO","Upper middle income",0.93,624348
"ARG",2022,"PCV","PCV3",211.93799052208,200.764622925659,"PAHO","Upper middle income",0.77,624348
"ARG",2022,"Rota","Rota",52.3411042809168,51.8032795141618,"PAHO","Upper middle income",0.78,624348
"ARG",2022,"YF","YF",46.4912735479805,46.4912735479805,"PAHO","Upper middle income",0.08,624348
"ARG",2022,"D","DTP3",24.2440298082215,23.4332122399212,"PAHO","Upper middle income",0.81,624348
"ARG",2022,"P","DTP3",737.292455122152,712.634439094405,"PAHO","Upper middle income",0.81,624348
"ARG",2022,"T","DTP3",86.4199519821285,83.5297222689554,"PAHO","Upper middle income",0.81,624348
"ARG",2022,"TB","BCG",84.1320201561071,77.728637332536,"PAHO","Upper middle income",0.79,624348
"ARG",2022,"Rubella","Rubella",649.909327725012,624.54989698502,"PAHO","Upper middle income",0.83,624348
"ARM",2019,"HPV","HPV",6.81984821947092,6.81984821947092,"EURO","Upper middle income",0.08,18547
"ARM",2019,"HepB","HepB",173.729566475847,173.729566475847,"EURO","Upper middle income",0.92,37532
"ARM",2019,"HepB","HepB_BD",65.0403068278241,65.0403068278241,"EURO","Upper middle income",0.96,37532
"ARM",2019,"Hib","Hib3",22.9736076928586,22.9736076928586,"EURO","Upper middle income",0.92,37532
"ARM",2019,"Measles","MCV1",186.949783484691,186.949783484691,"EURO","Upper middle income",0.95,37532
"ARM",2019,"Measles","MCV2",24.8292014100227,24.8292014100227,"EURO","Upper middle income",0.96,40940
"ARM",2019,"PCV","PCV3",20.284568016289,20.284568016289,"EURO","Upper middle income",0.92,37532
"ARM",2019,"Rota","Rota",3.38106479376661,3.38106479376661,"EURO","Upper middle income",0.92,37532
"ARM",2019,"D","DTP3",1.15873005365406,1.15873005365406,"EURO","Upper middle income",0.92,37532
"ARM",2019,"P","DTP3",45.014002658068,45.014002658068,"EURO","Upper middle income",0.92,37532
"ARM",2019,"T","DTP3",4.75819548520874,4.75819548520874,"EURO","Upper middle income",0.92,37532
"ARM",2019,"TB","BCG",4.67369520758453,4.67369520758453,"EURO","Upper middle income",0.99,37532
"ARM",2019,"Rubella","Rubella",8.0369403718198,8.0369403718198,"EURO","Upper middle income",0.95,37532
"ARM",2020,"HPV","HPV",56.4460381947836,0,"EURO","Upper middle income",0,14796
"ARM",2020,"HepB","HepB",167.434346119694,167.434346119694,"EURO","Upper middle income",0.92,36172
"ARM",2020,"HepB","HepB_BD",62.6835228225529,63.3364761852878,"EURO","Upper middle income",0.97,36172
"ARM",2020,"Hib","Hib3",22.1411418913483,22.1411418913483,"EURO","Upper middle income",0.92,36172
"ARM",2020,"Measles","MCV1",180.175518709588,178.278934302118,"EURO","Upper middle income",0.94,36172
"ARM",2020,"Measles","MCV2",23.1765493865172,22.6937046076315,"EURO","Upper middle income",0.94,38215
"ARM",2020,"PCV","PCV3",19.5495415721306,19.5495415721306,"EURO","Upper middle income",0.92,36172
"ARM",2020,"Rota","Rota",3.25854939039022,3.25854939039022,"EURO","Upper middle income",0.92,36172
"ARM",2020,"D","DTP3",1.11674260632992,1.10460409973938,"EURO","Upper middle income",0.91,36172
"ARM",2020,"P","DTP3",43.382886713941,42.9113335974851,"EURO","Upper middle income",0.91,36172
"ARM",2020,"T","DTP3",4.5857787245809,4.53593330366154,"EURO","Upper middle income",0.91,36172
"ARM",2020,"TB","BCG",4.50434037751113,4.50434037751113,"EURO","Upper middle income",0.99,36172
"ARM",2020,"Rubella","Rubella",7.74571584593057,7.66418199492077,"EURO","Upper middle income",0.94,36172
"ARM",2021,"HPV","HPV",60.8141588850396,0,"EURO","Upper middle income",0,15941
"ARM",2021,"HepB","HepB",160.643840044343,162.389968740477,"EURO","Upper middle income",0.93,34705
"ARM",2021,"HepB","HepB_BD",60.1413153698081,58.8883712996037,"EURO","Upper middle income",0.94,34705
"ARM",2021,"Hib","Hib3",21.2431806186896,21.4740847558493,"EURO","Upper middle income",0.93,34705
"ARM",2021,"Measles","MCV1",172.868278691149,171.048612599663,"EURO","Upper middle income",0.94,34705
"ARM",2021,"Measles","MCV2",22.6064602481337,22.1354923262976,"EURO","Upper middle income",0.94,37275
"ARM",2021,"PCV","PCV3",18.7566858415568,18.9605628615737,"EURO","Upper middle income",0.93,34705
"ARM",2021,"Rota","Rota",3.12639490748349,3.12639490748349,"EURO","Upper middle income",0.92,34705
"ARM",2021,"D","DTP3",1.07145173484132,1.08309794935046,"EURO","Upper middle income",0.93,34705
"ARM",2021,"P","DTP3",41.62344032421,42.0758690233862,"EURO","Upper middle income",0.93,34705
"ARM",2021,"T","DTP3",4.39979682175661,4.44762070025397,"EURO","Upper middle income",0.93,34705
"ARM",2021,"TB","BCG",4.32166130713048,4.27800816261401,"EURO","Upper middle income",0.98,34705
"ARM",2021,"Rubella","Rubella",7.43157880219563,7.35335165690936,"EURO","Upper middle income",0.94,34705
"ARM",2022,"HPV","HPV",68.5450453556976,0,"EURO","Upper middle income",0,16570
"ARM",2022,"HepB","HepB",154.870717518019,161.397535703991,"EURO","Upper middle income",0.96,33415
"ARM",2022,"HepB","HepB_BD",57.9058364236317,57.9058364236317,"EURO","Upper middle income",0.96,33415
"ARM",2022,"Hib","Hib3",20.4797558616204,21.3428476400022,"EURO","Upper middle income",0.96,33415
"ARM",2022,"Measles","MCV1",166.442689308882,166.442689308882,"EURO","Upper middle income",0.95,33415
"ARM",2022,"Measles","MCV2",21.8144002324647,21.359933560955,"EURO","Upper middle income",0.94,35969
"ARM",2022,"PCV","PCV3",18.0826192510098,18.2557904630309,"EURO","Upper middle income",0.93,33415
"ARM",2022,"Rota","Rota",3.01404039167015,3.01018544398677,"EURO","Upper middle income",0.92,33415
"ARM",2022,"D","DTP3",1.03294654133639,1.04283872576129,"EURO","Upper middle income",0.93,33415
"ARM",2022,"P","DTP3",40.1276019472609,40.5118906041334,"EURO","Upper middle income",0.93,33415
"ARM",2022,"T","DTP3",4.24167954731944,4.28230069727665,"EURO","Upper middle income",0.93,33415
"ARM",2022,"TB","BCG",4.16102326978144,4.11899273170284,"EURO","Upper middle income",0.98,33415
"ARM",2022,"Rubella","Rubella",7.15534377396245,7.15534377396245,"EURO","Upper middle income",0.95,33415
"ATG",2019,"HepB","HepB",7.19993598299528,7.19993598299528,"PAHO","High income",0.99,985
"ATG",2019,"Hib","Hib3",0.326833890866961,0.326833890866961,"PAHO","High income",0.99,985
"ATG",2019,"Measles","MCV1",4.43512007879001,4.43512007879001,"PAHO","High income",0.93,985
"ATG",2019,"Measles","MCV2",0.686494697751666,0.686494697751666,"PAHO","High income",0.8,985
"ATG",2019,"D","DTP3",0.0625138006817364,0.0625138006817364,"PAHO","High income",0.95,985
"ATG",2019,"P","DTP3",1.56514617576916,1.56514617576916,"PAHO","High income",0.95,985
"ATG",2019,"T","DTP3",0.175637174762155,0.175637174762155,"PAHO","High income",0.95,985
"ATG",2019,"Rubella","Rubella",1.15683937877031,1.15683937877031,"PAHO","High income",0.93,985
"ATG",2020,"HepB","HepB",7.70429698078886,7.39301225429234,"PAHO","High income",0.95,1054
"ATG",2020,"Hib","Hib3",0.349728853780484,0.349728853780484,"PAHO","High income",0.99,1054
"ATG",2020,"Measles","MCV1",4.74580361730423,4.54168303161373,"PAHO","High income",0.89,1054
"ATG",2020,"Measles","MCV2",0.734584174040869,0.734584174040869,"PAHO","High income",0.8,1054
"ATG",2020,"D","DTP3",0.0668929400188326,0.0675970762295572,"PAHO","High income",0.96,1054
"ATG",2020,"P","DTP3",1.67478585711745,1.69241518192921,"PAHO","High income",0.96,1054
"ATG",2020,"T","DTP3",0.187940692588134,0.189919015668009,"PAHO","High income",0.96,1054
"ATG",2020,"Rubella","Rubella",1.23787685809533,1.18463484269338,"PAHO","High income",0.89,1054
"ATG",2021,"HepB","HepB",8.20134839890427,7.62145507776962,"PAHO","High income",0.92,1122
"ATG",2021,"Hib","Hib3",0.372292005637289,0.345968328471016,"PAHO","High income",0.92,1122
"ATG",2021,"Measles","MCV1",5.05198449583999,4.61740518436988,"PAHO","High income",0.85,1122
"ATG",2021,"Measles","MCV2",0.781976701398345,0.742877866328428,"PAHO","High income",0.76,1122
"ATG",2021,"D","DTP3",0.0712086135684347,0.0689599205083789,"PAHO","High income",0.92,1122
"ATG",2021,"P","DTP3",1.78283655757664,1.72653645575843,"PAHO","High income",0.92,1122
"ATG",2021,"T","DTP3",0.200065898561562,0.19374802808067,"PAHO","High income",0.92,1122
"ATG",2021,"Rubella","Rubella",1.31773988119826,1.20438591292314,"PAHO","High income",0.85,1122
"ATG",2022,"HepB","HepB",8.22327713793877,8.22327713793877,"PAHO","High income",0.99,1125
"ATG",2022,"Hib","Hib3",0.373287438807442,0.373287438807442,"PAHO","High income",0.99,1125
"ATG",2022,"Measles","MCV1",5.08847787555983,5.39229844195445,"PAHO","High income",0.99,1125
"ATG",2022,"Measles","MCV2",0.816165111364017,0.891876836070138,"PAHO","High income",0.91,1125
"ATG",2022,"D","DTP3",0.071491036319522,0.0744052850753769,"PAHO","High income",0.99,1125
"ATG",2022,"P","DTP3",1.7899075224515,1.8628710160437,"PAHO","High income",0.99,1125
"ATG",2022,"T","DTP3",0.200859386296247,0.209047185029496,"PAHO","High income",0.99,1125
"ATG",2022,"Rubella","Rubella",1.32725867166488,1.40650604017841,"PAHO","High income",0.99,1125
"AUS",2019,"HPV","HPV",538.264891788743,538.264891788743,"WPRO","High income",0.8,156217
"AUS",2019,"HepB","HepB",2639.23218841795,2639.23218841795,"WPRO","High income",0.95,303046
"AUS",2019,"Hib","Hib3",39.4314624948612,39.4314624948612,"WPRO","High income",0.95,303046
"AUS",2019,"Measles","MCV1",903.929436086533,903.929436086533,"WPRO","High income",0.94,303046
"AUS",2019,"Measles","MCV2",136.530969703684,136.530969703684,"WPRO","High income",0.94,303046
"AUS",2019,"PCV","PCV3",47.2056153626166,47.2056153626166,"WPRO","High income",0.96,303046
"AUS",2019,"Rota","Rota",10.439550713606,10.439550713606,"WPRO","High income",0.92,303046
"AUS",2019,"D","DTP3",1.30394800432414,1.30394800432414,"WPRO","High income",0.95,303046
"AUS",2019,"P","DTP3",53.5669615392264,53.5669615392264,"WPRO","High income",0.95,303046
"AUS",2019,"T","DTP3",8.70296706389111,8.70296706389111,"WPRO","High income",0.95,303046
"AUS",2019,"Rubella","Rubella",181.164874399186,181.164874399186,"WPRO","High income",0.94,303046
"AUS",2020,"HPV","HPV",1232.99337153891,0,"WPRO","High income",0,154871
"AUS",2020,"HepB","HepB",2683.52623919009,2683.52623919009,"WPRO","High income",0.95,308132
"AUS",2020,"Hib","Hib3",40.0932379951116,40.0932379951116,"WPRO","High income",0.95,308132
"AUS",2020,"Measles","MCV1",919.100021119617,909.322361320472,"WPRO","High income",0.93,308132
"AUS",2020,"Measles","MCV2",138.822359499005,138.822359499005,"WPRO","High income",0.94,308132
"AUS",2020,"PCV","PCV3",47.9978639312638,48.4978416805478,"WPRO","High income",0.97,308132
"AUS",2020,"Rota","Rota",10.614756969189,10.7301347623324,"WPRO","High income",0.93,308132
"AUS",2020,"D","DTP3",1.32583207324434,1.32583207324434,"WPRO","High income",0.95,308132
"AUS",2020,"P","DTP3",54.4659721395594,54.4659721395594,"WPRO","High income",0.95,308132
"AUS",2020,"T","DTP3",8.84902835652309,8.84902835652309,"WPRO","High income",0.95,308132
"AUS",2020,"Rubella","Rubella",184.205351921391,182.245720517972,"WPRO","High income",0.93,308132
"AUS",2021,"HPV","HPV",1240.22659567,0,"WPRO","High income",0,155783
"AUS",2021,"HepB","HepB",2591.4371135777,2591.4371135777,"WPRO","High income",0.95,297558
"AUS",2021,"Hib","Hib3",38.7173799259713,38.7173799259713,"WPRO","High income",0.95,297558
"AUS",2021,"Measles","MCV1",887.559760376433,878.117635266045,"WPRO","High income",0.93,297558
"AUS",2021,"Measles","MCV2",134.058467305586,134.058467305586,"WPRO","High income",0.94,297558
"AUS",2021,"PCV","PCV3",46.3507470683311,46.3507470683311,"WPRO","High income",0.96,297558
"AUS",2021,"Rota","Rota",10.250496067393,10.5847513739384,"WPRO","High income",0.95,297558
"AUS",2021,"D","DTP3",1.2803342075813,1.2803342075813,"WPRO","High income",0.95,297558
"AUS",2021,"P","DTP3",52.5968926885329,52.5968926885329,"WPRO","High income",0.95,297558
"AUS",2021,"T","DTP3",8.54536101317065,8.54536101317065,"WPRO","High income",0.95,297558
"AUS",2021,"Rubella","Rubella",177.884076003224,175.991692215955,"WPRO","High income",0.93,297558
"AUS",2022,"HPV","HPV",1249.87089451147,0,"WPRO","High income",0,157063
"AUS",2022,"HepB","HepB",2613.00248965988,2582.16907138766,"WPRO","High income",0.94,299648
"AUS",2022,"Hib","Hib3",39.03957754159,38.5789106925249,"WPRO","High income",0.94,299648
"AUS",2022,"Measles","MCV1",896.307030437282,912.810728958496,"WPRO","High income",0.96,299648
"AUS",2022,"Measles","MCV2",135.379669178199,130.691559672249,"WPRO","High income",0.91,299648
"AUS",2022,"PCV","PCV3",46.6763073334654,46.6763073334654,"WPRO","High income",0.96,299648
"AUS",2022,"Rota","Rota",10.3890293827997,9.8736898357336,"WPRO","High income",0.88,299648
"AUS",2022,"D","DTP3",1.29098887041402,1.27575520723008,"WPRO","High income",0.94,299648
"AUS",2022,"P","DTP3",53.0345925908919,52.4087846237266,"WPRO","High income",0.94,299648
"AUS",2022,"T","DTP3",8.61647364910594,8.51479929666816,"WPRO","High income",0.94,299648
"AUS",2022,"Rubella","Rubella",179.637197451254,182.944856600692,"WPRO","High income",0.96,299648
"AUT",2019,"HepB","HepB",580.985668415844,580.985668415844,"EURO","High income",0.85,84185
"AUT",2019,"Hib","Hib3",8.9331349955104,8.9331349955104,"EURO","High income",0.85,84185
"AUT",2019,"Measles","MCV1",202.636522090426,202.636522090426,"EURO","High income",0.95,84185
"AUT",2019,"Measles","MCV2",29.6423506431969,29.6423506431969,"EURO","High income",0.86,84185
"AUT",2019,"Rota","Rota",1.84861676903751,1.84861676903751,"EURO","High income",0.61,84185
"AUT",2019,"D","DTP3",0.400654124774286,0.400654124774286,"EURO","High income",0.85,84185
"AUT",2019,"P","DTP3",15.0997886993106,15.0997886993106,"EURO","High income",0.85,84185
"AUT",2019,"T","DTP3",2.36861117624245,2.36861117624245,"EURO","High income",0.85,84185
"AUT",2019,"Rubella","Rubella",48.4839181821088,48.4839181821088,"EURO","High income",0.95,84185
"AUT",2020,"HepB","HepB",575.492236188499,575.492236188499,"EURO","High income",0.85,83389
"AUT",2020,"Hib","Hib3",8.8486689331902,8.8486689331902,"EURO","High income",0.85,83389
"AUT",2020,"Measles","MCV1",200.720519577105,200.720519577105,"EURO","High income",0.95,83389
"AUT",2020,"Measles","MCV2",29.3620713640856,30.0449102330178,"EURO","High income",0.88,83389
"AUT",2020,"Rota","Rota",1.83113742060069,1.83113742060069,"EURO","High income",0.61,83389
"AUT",2020,"D","DTP3",0.396865793321886,0.396865793321886,"EURO","High income",0.85,83389
"AUT",2020,"P","DTP3",14.9570146682522,14.9570146682522,"EURO","High income",0.85,83389
"AUT",2020,"T","DTP3",2.34621509028546,2.34621509028546,"EURO","High income",0.85,83389
"AUT",2020,"Rubella","Rubella",48.0254849829289,48.0254849829289,"EURO","High income",0.95,83389
"AUT",2021,"HepB","HepB",575.989129555796,582.765472256453,"EURO","High income",0.86,83461
"AUT",2021,"Hib","Hib3",8.85630907953072,8.96050095105461,"EURO","High income",0.86,83461
"AUT",2021,"Measles","MCV1",200.893826337104,209.352513761824,"EURO","High income",0.99,83461
"AUT",2021,"Measles","MCV2",29.3874232586786,33.1462797219979,"EURO","High income",0.97,83461
"AUT",2021,"Rota","Rota",1.83271846719297,1.83271846719297,"EURO","High income",0.61,83461
"AUT",2021,"D","DTP3",0.397208456468334,0.401881497132667,"EURO","High income",0.86,83461
"AUT",2021,"P","DTP3",14.9699289022173,15.1460457128316,"EURO","High income",0.86,83461
"AUT",2021,"T","DTP3",2.34824086690468,2.37586723004474,"EURO","High income",0.86,83461
"AUT",2021,"Rubella","Rubella",48.0669513024527,50.0908229362402,"EURO","High income",0.99,83461
"AUT",2022,"HepB","HepB",590.677624517222,578.099383724004,"EURO","High income",0.84,84764
"AUT",2022,"Hib","Hib3",9.0821568336226,8.88875598206936,"EURO","High income",0.84,84764
"AUT",2022,"Measles","MCV1",204.030197285418,204.030197285418,"EURO","High income",0.95,84764
"AUT",2022,"Measles","MCV2",30.0789871151191,32.6226148850572,"EURO","High income",0.94,84764
"AUT",2022,"Rota","Rota",2.04024773838998,1.86133101871706,"EURO","High income",0.61,84764
"AUT",2022,"D","DTP3",0.407337804596779,0.398663711017245,"EURO","High income",0.84,84764
"AUT",2022,"P","DTP3",15.3516821575655,15.0247743033588,"EURO","High income",0.84,84764
"AUT",2022,"T","DTP3",2.40812415700834,2.35684412836061,"EURO","High income",0.84,84764
"AUT",2022,"Rubella","Rubella",48.8173765016127,48.8173765016127,"EURO","High income",0.95,84764
"AZE",2019,"HPV","HPV",0,0,"EURO","Upper middle income",0,80171
"AZE",2019,"HepB","HepB",519.357006257219,519.357006257219,"EURO","Upper middle income",0.94,140468
"AZE",2019,"HepB","HepB_BD",437.760915530831,437.760915530831,"EURO","Upper middle income",0.98,140468
"AZE",2019,"Hib","Hib3",203.908978366933,203.908978366933,"EURO","Upper middle income",0.94,140468
"AZE",2019,"Measles","MCV1",669.041058185101,669.041058185101,"EURO","Upper middle income",0.98,140468
"AZE",2019,"Measles","MCV2",103.768800706009,103.768800706009,"EURO","Upper middle income",0.97,168007
"AZE",2019,"PCV","PCV3",185.062059701062,185.062059701062,"EURO","Upper middle income",0.95,140468
"AZE",2019,"D","DTP3",12.3703725138729,12.3703725138729,"EURO","Upper middle income",0.94,140468
"AZE",2019,"P","DTP3",405.996966205937,405.996966205937,"EURO","Upper middle income",0.94,140468
"AZE",2019,"T","DTP3",36.429411620847,36.429411620847,"EURO","Upper middle income",0.94,140468
"AZE",2019,"TB","BCG",63.1989587058842,63.1989587058842,"EURO","Upper middle income",0.96,140468
"AZE",2019,"Rubella","Rubella",40.4320435164739,40.4320435164739,"EURO","Upper middle income",0.98,140468
"AZE",2020,"HepB","HepB",534.889503219421,449.534795258875,"EURO","Upper middle income",0.79,144669
"AZE",2020,"HepB","HepB_BD",450.853104542884,450.853104542884,"EURO","Upper middle income",0.98,144669
"AZE",2020,"Hib","Hib3",210.007318331334,176.495512214632,"EURO","Upper middle income",0.79,144669
"AZE",2020,"Measles","MCV1",689.05018115571,576.552192395594,"EURO","Upper middle income",0.82,144669
"AZE",2020,"Measles","MCV2",89.5079791955897,72.898251097439,"EURO","Upper middle income",0.79,144918
"AZE",2020,"PCV","PCV3",190.596741712653,158.496237845259,"EURO","Upper middle income",0.79,144669
"AZE",2020,"D","DTP3",12.7403353162961,10.7073030849722,"EURO","Upper middle income",0.79,144669
"AZE",2020,"P","DTP3",418.139185466061,351.414847359775,"EURO","Upper middle income",0.79,144669
"AZE",2020,"T","DTP3",37.5189121349796,31.5318516879084,"EURO","Upper middle income",0.79,144669
"AZE",2020,"TB","BCG",65.0890605477515,63.7330384530067,"EURO","Upper middle income",0.94,144669
"AZE",2020,"Rubella","Rubella",41.6412514130248,34.8426797537555,"EURO","Upper middle income",0.82,144669
"AZE",2021,"HepB","HepB",480.261404524698,454.715585135086,"EURO","Upper middle income",0.89,129894
"AZE",2021,"HepB","HepB_BD",404.807617122489,404.807617122489,"EURO","Upper middle income",0.98,129894
"AZE",2021,"Hib","Hib3",188.55933619041,178.529584265388,"EURO","Upper middle income",0.89,129894
"AZE",2021,"Measles","MCV1",618.677700343818,587.112511550766,"EURO","Upper middle income",0.93,129894
"AZE",2021,"Measles","MCV2",86.4648388438275,80.2251082056132,"EURO","Upper middle income",0.9,139991
"AZE",2021,"PCV","PCV3",171.131155728064,162.124252795008,"EURO","Upper middle income",0.9,129894
"AZE",2021,"D","DTP3",11.4391688307444,10.8307024035772,"EURO","Upper middle income",0.89,129894
"AZE",2021,"P","DTP3",375.434760431942,355.464826366413,"EURO","Upper middle income",0.89,129894
"AZE",2021,"T","DTP3",33.6871173012949,31.8952493597367,"EURO","Upper middle income",0.89,129894
"AZE",2021,"TB","BCG",58.4415350267828,57.8327690369205,"EURO","Upper middle income",0.95,129894
"AZE",2021,"Rubella","Rubella",37.3884433502924,35.4808697099713,"EURO","Upper middle income",0.93,129894
"AZE",2022,"HepB","HepB",464.381996465253,408.889696230044,"EURO","Upper middle income",0.83,125247
"AZE",2022,"HepB","HepB_BD",390.325493261739,390.325493261739,"EURO","Upper middle income",0.98,125247
"AZE",2022,"Hib","Hib3",182.324792638552,160.537509301917,"EURO","Upper middle income",0.83,125247
"AZE",2022,"Measles","MCV1",596.544304855977,566.108370934753,"EURO","Upper middle income",0.93,125247
"AZE",2022,"Measles","MCV2",89.0700683960363,83.5605796292712,"EURO","Upper middle income",0.91,144209
"AZE",2022,"PCV","PCV3",165.221561209086,144.165655761601,"EURO","Upper middle income",0.83,125247
"AZE",2022,"D","DTP3",11.060943081157,9.73919249862756,"EURO","Upper middle income",0.83,125247
"AZE",2022,"P","DTP3",363.021350350616,319.641353023448,"EURO","Upper middle income",0.83,125247
"AZE",2022,"T","DTP3",32.5732832997827,28.6808705226364,"EURO","Upper middle income",0.83,125247
"AZE",2022,"TB","BCG",56.3507701471928,56.3507701471928,"EURO","Upper middle income",0.96,125247
"AZE",2022,"Rubella","Rubella",36.0508596570593,34.2115300827196,"EURO","Upper middle income",0.93,125247
"BDI",2019,"HepB","HepB",2441.98186074785,2441.98186074785,"AFRO","Low income",0.93,410607
"BDI",2019,"Hib","Hib3",1575.63158048801,1575.63158048801,"AFRO","Low income",0.93,410607
"BDI",2019,"Measles","MCV1",9753.80600776944,9753.80600776944,"AFRO","Low income",0.92,410607
"BDI",2019,"Measles","MCV2",910.217654180994,910.217654180994,"AFRO","Low income",0.8,408737
"BDI",2019,"PCV","PCV3",1370.47210077379,1370.47210077379,"AFRO","Low income",0.93,410607
"BDI",2019,"Rota","Rota",381.10137545285,381.10137545285,"AFRO","Low income",0.95,410607
"BDI",2019,"D","DTP3",23.9874559939952,23.9874559939952,"AFRO","Low income",0.93,410607
"BDI",2019,"P","DTP3",2091.01005744155,2091.01005744155,"AFRO","Low income",0.93,410607
"BDI",2019,"T","DTP3",136.327695141015,136.327695141015,"AFRO","Low income",0.93,410607
"BDI",2019,"TB","BCG",446.706110228486,446.706110228486,"AFRO","Low income",0.93,410607
"BDI",2019,"Rubella","Rubella",178.304112538778,178.304112538778,"AFRO","Low income",0.92,410607
"BDI",2020,"HepB","HepB",2479.788519399,2479.788519399,"AFRO","Low income",0.93,416964
"BDI",2020,"Hib","Hib3",1600.02544118002,1600.02544118002,"AFRO","Low income",0.93,416964
"BDI",2020,"Measles","MCV1",9904.81401491835,9689.49197111578,"AFRO","Low income",0.9,416964
"BDI",2020,"Measles","MCV2",903.741820237998,937.632138496923,"AFRO","Low income",0.83,405829
"BDI",2020,"PCV","PCV3",1391.6896911817,1391.6896911817,"AFRO","Low income",0.93,416964
"BDI",2020,"Rota","Rota",387.001570636453,391.075271379994,"AFRO","Low income",0.96,416964
"BDI",2020,"D","DTP3",24.35882876103,24.35882876103,"AFRO","Low income",0.93,416964
"BDI",2020,"P","DTP3",2123.38298565553,2123.38298565553,"AFRO","Low income",0.93,416964
"BDI",2020,"T","DTP3",138.438314682356,138.438314682356,"AFRO","Low income",0.93,416964
"BDI",2020,"TB","BCG",453.621995108,404.845436494236,"AFRO","Low income",0.83,416964
"BDI",2020,"Rubella","Rubella",181.064609177679,177.128422021642,"AFRO","Low income",0.9,416964
"BDI",2021,"HPV","HPV",4418.11530983872,0,"AFRO","Low income",0,189371
"BDI",2021,"HepB","HepB",2503.81540329874,2530.73814957077,"AFRO","Low income",0.94,421004
"BDI",2021,"Hib","Hib3",1615.52822507111,1632.89949630844,"AFRO","Low income",0.94,421004
"BDI",2021,"Measles","MCV1",10000.7826084187,9783.37429084436,"AFRO","Low income",0.9,421004
"BDI",2021,"Measles","MCV2",902.817655490288,959.24375895843,"AFRO","Low income",0.85,405414
"BDI",2021,"PCV","PCV3",1405.17389210162,1420.28328879088,"AFRO","Low income",0.94,421004
"BDI",2021,"Rota","Rota",390.751262085526,386.638090905678,"AFRO","Low income",0.94,421004
"BDI",2021,"D","DTP3",24.5948435445474,24.8593042278221,"AFRO","Low income",0.94,421004
"BDI",2021,"P","DTP3",2143.95662573488,2167.00992278579,"AFRO","Low income",0.94,421004
"BDI",2021,"T","DTP3",139.77965540078,141.2826624481,"AFRO","Low income",0.94,421004
"BDI",2021,"TB","BCG",458.017177570362,467.867009346069,"AFRO","Low income",0.95,421004
"BDI",2021,"Rubella","Rubella",182.818959723716,178.844634512331,"AFRO","Low income",0.9,421004
"BDI",2022,"HPV","HPV",4966.5730189559,0,"AFRO","Low income",0,192605
"BDI",2022,"HepB","HepB",2525.76544905671,2464.64049380143,"AFRO","Low income",0.91,423525
"BDI",2022,"Hib","Hib3",1629.69097781115,1590.25153257847,"AFRO","Low income",0.91,423525
"BDI",2022,"Measles","MCV1",10105.1820025957,9732.60270135088,"AFRO","Low income",0.89,423525
"BDI",2022,"Measles","MCV2",949.413978709182,973.991563300629,"AFRO","Low income",0.85,411647
"BDI",2022,"PCV","PCV3",1417.49254434288,1383.18842145608,"AFRO","Low income",0.91,423525
"BDI",2022,"Rota","Rota",393.091106675405,376.539902183809,"AFRO","Low income",0.91,423525
"BDI",2022,"D","DTP3",24.810457659111,24.2100305233123,"AFRO","Low income",0.91,423525
"BDI",2022,"P","DTP3",2162.75191949974,2110.4120973848,"AFRO","Low income",0.91,423525
"BDI",2022,"T","DTP3",141.005053178922,137.592650982372,"AFRO","Low income",0.91,423525
"BDI",2022,"TB","BCG",462.032448820934,465.71422155583,"AFRO","Low income",0.94,423525
"BDI",2022,"Rubella","Rubella",184.727429229209,177.916506230959,"AFRO","Low income",0.89,423525
"BEL",2019,"HPV","HPV",295.014568983706,295.014568983706,"EURO","High income",0.69,65986
"BEL",2019,"HepB","HepB",903.218921351752,903.218921351752,"EURO","High income",0.97,118401
"BEL",2019,"Hib","Hib3",16.2678994831696,16.2678994831696,"EURO","High income",0.97,118401
"BEL",2019,"Measles","MCV1",346.940388884925,346.940388884925,"EURO","High income",0.96,118401
"BEL",2019,"Measles","MCV2",45.788515813475,45.788515813475,"EURO","High income",0.82,118401
"BEL",2019,"PCV","PCV3",18.3239798322564,18.3239798322564,"EURO","High income",0.94,118401
"BEL",2019,"Rota","Rota",3.8814787326488,3.8814787326488,"EURO","High income",0.84,118401
"BEL",2019,"D","DTP3",0.701249457234938,0.701249457234938,"EURO","High income",0.97,118401
"BEL",2019,"P","DTP3",27.3067724007049,27.3067724007049,"EURO","High income",0.97,118401
"BEL",2019,"T","DTP3",3.93083134677804,3.93083134677804,"EURO","High income",0.97,118401
"BEL",2019,"Rubella","Rubella",66.8158005809951,66.8158005809951,"EURO","High income",0.96,118401
"BEL",2020,"HPV","HPV",318.578365837414,0,"EURO","High income",0,65556
"BEL",2020,"HepB","HepB",888.801105950236,888.801105950236,"EURO","High income",0.97,116511
"BEL",2020,"Hib","Hib3",16.0082198349978,16.0082198349978,"EURO","High income",0.97,116511
"BEL",2020,"Measles","MCV1",341.402282492306,341.402282492306,"EURO","High income",0.96,116511
"BEL",2020,"Measles","MCV2",45.0576073339228,45.6070903501901,"EURO","High income",0.83,116511
"BEL",2020,"PCV","PCV3",18.0314795840915,18.0314795840915,"EURO","High income",0.94,116511
"BEL",2020,"Rota","Rota",3.81951984036996,3.9104607889502,"EURO","High income",0.86,116511
"BEL",2020,"D","DTP3",0.690055620407765,0.690055620407765,"EURO","High income",0.97,116511
"BEL",2020,"P","DTP3",26.8708825025002,26.8708825025002,"EURO","High income",0.97,116511
"BEL",2020,"T","DTP3",3.86808465337671,3.86808465337671,"EURO","High income",0.97,116511
"BEL",2020,"Rubella","Rubella",65.7492397994301,65.7492397994301,"EURO","High income",0.96,116511
"BEL",2021,"HPV","HPV",325.245787857198,0,"EURO","High income",0,66928
"BEL",2021,"HepB","HepB",879.555395756249,879.555395756249,"EURO","High income",0.97,115299
"BEL",2021,"Hib","Hib3",15.8416951082336,15.8416951082336,"EURO","High income",0.97,115299
"BEL",2021,"Measles","MCV1",337.850861884976,337.850861884976,"EURO","High income",0.96,115299
"BEL",2021,"Measles","MCV2",44.5888977692575,45.1326648152241,"EURO","High income",0.83,115299
"BEL",2021,"PCV","PCV3",17.8439079963795,17.8439079963795,"EURO","High income",0.94,115299
"BEL",2021,"Rota","Rota",3.77978747135306,3.86978241114718,"EURO","High income",0.86,115299
"BEL",2021,"D","DTP3",0.682877350442404,0.689917323127377,"EURO","High income",0.98,115299
"BEL",2021,"P","DTP3",26.5913594566674,26.8654971830248,"EURO","High income",0.98,115299
"BEL",2021,"T","DTP3",3.82784709125903,3.86730943240603,"EURO","High income",0.98,115299
"BEL",2021,"Rubella","Rubella",65.0652865363313,65.0652865363313,"EURO","High income",0.96,115299
"BEL",2022,"HPV","HPV",326.387802561753,0,"EURO","High income",0,67163
"BEL",2022,"HepB","HepB",892.257862647338,891.043877234917,"EURO","High income",0.97,116805
"BEL",2022,"Hib","Hib3",16.0704795697718,16.0486144469356,"EURO","High income",0.97,116805
"BEL",2022,"Measles","MCV1",343.320865713386,342.263765708936,"EURO","High income",0.96,116805
"BEL",2022,"Measles","MCV2",47.3192224938994,45.7221737720383,"EURO","High income",0.83,116805
"BEL",2022,"PCV","PCV3",18.2095706312105,18.0769796226949,"EURO","High income",0.94,116805
"BEL",2022,"Rota","Rota",3.97962517764926,3.92032831623905,"EURO","High income",0.86,116805
"BEL",2022,"D","DTP3",0.692739409133104,0.698928810552505,"EURO","High income",0.98,116805
"BEL",2022,"P","DTP3",26.9753896891201,27.2164060266195,"EURO","High income",0.98,116805
"BEL",2022,"T","DTP3",3.88312854502019,3.91782303621182,"EURO","High income",0.98,116805
"BEL",2022,"Rubella","Rubella",66.1187317294696,65.9151492543402,"EURO","High income",0.96,116805
"BEN",2019,"HepB","HepB",6234.16256692208,6234.16256692208,"AFRO","Lower middle income",0.76,434946
"BEN",2019,"Hib","Hib3",1452.53800299181,1452.53800299181,"AFRO","Lower middle income",0.76,434946
"BEN",2019,"Measles","MCV1",9612.95797468857,9612.95797468857,"AFRO","Lower middle income",0.68,434946
"BEN",2019,"PCV","PCV3",1332.22950071867,1332.22950071867,"AFRO","Lower middle income",0.73,434946
"BEN",2019,"YF","YF",1945.7437156815,1945.7437156815,"AFRO","Lower middle income",0.71,434946
"BEN",2019,"D","DTP3",19.241655649379,19.241655649379,"AFRO","Lower middle income",0.76,434946
"BEN",2019,"P","DTP3",1450.11321479578,1450.11321479578,"AFRO","Lower middle income",0.76,434946
"BEN",2019,"T","DTP3",107.550121779932,107.550121779932,"AFRO","Lower middle income",0.76,434946
"BEN",2019,"TB","BCG",373.296048621621,373.296048621621,"AFRO","Lower middle income",0.88,434946
"BEN",2020,"HepB","HepB",6336.47285924041,6002.97428770144,"AFRO","Lower middle income",0.72,442084
"BEN",2020,"Hib","Hib3",1476.37594210461,1398.67194515173,"AFRO","Lower middle income",0.72,442084
"BEN",2020,"Measles","MCV1",9770.71846455013,9339.65735581998,"AFRO","Lower middle income",0.65,442084
"BEN",2020,"PCV","PCV3",1354.09302900984,1261.34693113246,"AFRO","Lower middle income",0.68,442084
"BEN",2020,"YF","YF",1977.67576849388,1866.25741533929,"AFRO","Lower middle income",0.67,442084
"BEN",2020,"D","DTP3",19.5574349369809,18.5280962560871,"AFRO","Lower middle income",0.72,442084
"BEN",2020,"P","DTP3",1473.91136014534,1396.33707803243,"AFRO","Lower middle income",0.72,442084
"BEN",2020,"T","DTP3",109.315151850941,103.561722806155,"AFRO","Lower middle income",0.72,442084
"BEN",2020,"TB","BCG",379.422296926149,379.422296926149,"AFRO","Lower middle income",0.88,442084
"BEN",2021,"HepB","HepB",6427.30226837761,6427.30226837761,"AFRO","Lower middle income",0.76,448421
"BEN",2021,"Hib","Hib3",1497.53887572156,1497.53887572156,"AFRO","Lower middle income",0.76,448421
"BEN",2021,"Measles","MCV1",9910.7756548349,9910.7756548349,"AFRO","Lower middle income",0.68,448421
"BEN",2021,"PCV","PCV3",1373.50311289624,1373.50311289624,"AFRO","Lower middle income",0.73,448421
"BEN",2021,"YF","YF",2006.02452426189,2006.02452426189,"AFRO","Lower middle income",0.71,448421
"BEN",2021,"D","DTP3",19.8377786390729,19.8377786390729,"AFRO","Lower middle income",0.76,448421
"BEN",2021,"P","DTP3",1495.03896550822,1495.03896550822,"AFRO","Lower middle income",0.76,448421
"BEN",2021,"T","DTP3",110.882116765481,110.882116765481,"AFRO","Lower middle income",0.76,448421
"BEN",2021,"TB","BCG",384.861080269634,384.861080269634,"AFRO","Lower middle income",0.88,448421
"BEN",2022,"HPV","HPV",2237.00755810255,0,"AFRO","Lower middle income",0,170919
"BEN",2022,"HepB","HepB",6676.17943447333,6523.47795644934,"AFRO","Lower middle income",0.76,455131
"BEN",2022,"Hib","Hib3",1555.52638213486,1519.94747357066,"AFRO","Lower middle income",0.76,455131
"BEN",2022,"Measles","MCV1",10547.8416534579,10059.0767037241,"AFRO","Lower middle income",0.68,455131
"BEN",2022,"PCV","PCV3",1438.48230025239,1394.05568712344,"AFRO","Lower middle income",0.73,455131
"BEN",2022,"YF","YF",2113.70740542839,2036.04190649376,"AFRO","Lower middle income",0.71,455131
"BEN",2022,"D","DTP3",20.6059345345281,20.1346235563898,"AFRO","Lower middle income",0.76,455131
"BEN",2022,"P","DTP3",1552.92967072198,1517.4101556589,"AFRO","Lower middle income",0.76,455131
"BEN",2022,"T","DTP3",115.175679731558,112.541314268489,"AFRO","Lower middle income",0.76,455131
"BEN",2022,"TB","BCG",390.619993988236,390.619993988236,"AFRO","Lower middle income",0.88,455131
"BFA",2019,"HepB","HepB",8057.93183034981,8057.93183034981,"AFRO","Low income",0.91,728339
"BFA",2019,"Hib","Hib3",2339.554279331,2339.554279331,"AFRO","Low income",0.91,728339
"BFA",2019,"Measles","MCV1",17257.000627419,17257.000627419,"AFRO","Low income",0.88,728339
"BFA",2019,"Measles","MCV2",1661.87029132992,1661.87029132992,"AFRO","Low income",0.71,693792
"BFA",2019,"MenA","MenA",862.7127700693,862.7127700693,"AFRO","Low income",0.71,728339
"BFA",2019,"PCV","PCV3",2166.47123015385,2166.47123015385,"AFRO","Low income",0.91,728339
"BFA",2019,"Rota","Rota",1211.90887045391,1211.90887045391,"AFRO","Low income",0.91,728339
"BFA",2019,"YF","YF",4012.52531658706,4012.52531658706,"AFRO","Low income",0.85,728339
"BFA",2019,"D","DTP3",30.3858541452749,30.3858541452749,"AFRO","Low income",0.91,728339
"BFA",2019,"P","DTP3",1928.83612624146,1928.83612624146,"AFRO","Low income",0.91,728339
"BFA",2019,"T","DTP3",203.536237628526,203.536237628526,"AFRO","Low income",0.91,728339
"BFA",2019,"TB","BCG",343.929014030997,343.929014030997,"AFRO","Low income",0.98,728339
"BFA",2019,"Rubella","Rubella",67.9581762885965,67.9581762885965,"AFRO","Low income",0.88,728339
"BFA",2020,"HepB","HepB",8151.39573672143,8151.39573672143,"AFRO","Low income",0.91,736787
"BFA",2020,"Hib","Hib3",2366.6907563723,2366.6907563723,"AFRO","Low income",0.91,736787
"BFA",2020,"Measles","MCV1",17457.1644814766,17457.1644814766,"AFRO","Low income",0.88,736787
"BFA",2020,"Measles","MCV2",1667.1136986735,1667.1136986735,"AFRO","Low income",0.71,695981
"BFA",2020,"MenA","MenA",872.719370679106,872.719370679106,"AFRO","Low income",0.71,736787
"BFA",2020,"PCV","PCV3",2191.60011787281,2191.60011787281,"AFRO","Low income",0.91,736787
"BFA",2020,"Rota","Rota",1225.96579468507,1225.96579468507,"AFRO","Low income",0.91,736787
"BFA",2020,"YF","YF",4059.06657536151,4059.06657536151,"AFRO","Low income",0.85,736787
"BFA",2020,"D","DTP3",30.7382994980836,30.7382994980836,"AFRO","Low income",0.91,736787
"BFA",2020,"P","DTP3",1951.20868571512,1951.20868571512,"AFRO","Low income",0.91,736787
"BFA",2020,"T","DTP3",205.897053313922,205.897053313922,"AFRO","Low income",0.91,736787
"BFA",2020,"TB","BCG",347.918244747098,347.918244747098,"AFRO","Low income",0.98,736787
"BFA",2020,"Rubella","Rubella",68.7464227964536,68.7464227964536,"AFRO","Low income",0.88,736787
"BFA",2021,"HPV","HPV",6553.35086712168,0,"AFRO","Low income",0,306729
"BFA",2021,"HepB","HepB",8242.16016473666,8242.16016473666,"AFRO","Low income",0.91,744991
"BFA",2021,"Hib","Hib3",2393.04346205967,2393.04346205967,"AFRO","Low income",0.91,744991
"BFA",2021,"Measles","MCV1",17651.5470878554,17651.5470878554,"AFRO","Low income",0.88,744991
"BFA",2021,"Measles","MCV2",1691.34978615747,1691.34978615747,"AFRO","Low income",0.71,706099
"BFA",2021,"MenA","MenA",882.436954888723,882.436954888723,"AFRO","Low income",0.71,744991
"BFA",2021,"PCV","PCV3",2216.00321858852,1607.2111255697,"AFRO","Low income",0.66,744991
"BFA",2021,"Rota","Rota",1239.6167187372,1239.6167187372,"AFRO","Low income",0.91,744991
"BFA",2021,"YF","YF",4104.26360270356,4104.26360270356,"AFRO","Low income",0.85,744991
"BFA",2021,"D","DTP3",31.0805653212893,31.0805653212893,"AFRO","Low income",0.91,744991
"BFA",2021,"P","DTP3",1972.9350680449,1972.9350680449,"AFRO","Low income",0.91,744991
"BFA",2021,"T","DTP3",208.189682561435,208.189682561435,"AFRO","Low income",0.91,744991
"BFA",2021,"TB","BCG",351.792256204826,351.792256204826,"AFRO","Low income",0.98,744991
"BFA",2021,"Rubella","Rubella",69.5119027148317,69.5119027148317,"AFRO","Low income",0.88,744991
"BFA",2022,"HPV","HPV",7321.02673085334,1626.89482907852,"AFRO","Low income",0.16,314105
"BFA",2022,"HepB","HepB",8380.70766162825,8344.35312202296,"AFRO","Low income",0.91,754228
"BFA",2022,"Hib","Hib3",2433.26958906939,2422.71434729056,"AFRO","Low income",0.91,754228
"BFA",2022,"Measles","MCV1",18051.0391671323,17870.4052223168,"AFRO","Low income",0.88,754228
"BFA",2022,"Measles","MCV2",1826.13020323605,1713.71990090473,"AFRO","Low income",0.71,715438
"BFA",2022,"MenA","MenA",951.978656773601,1094.70276777193,"AFRO","Low income",0.87,754228
"BFA",2022,"PCV","PCV3",2253.25336817342,2243.47901592044,"AFRO","Low income",0.91,754228
"BFA",2022,"Rota","Rota",1260.45419217296,1172.24012597595,"AFRO","Low income",0.85,754228
"BFA",2022,"YF","YF",4226.13055812517,4155.15157705248,"AFRO","Low income",0.85,754228
"BFA",2022,"D","DTP3",31.6030174990161,31.4659272677729,"AFRO","Low income",0.91,754228
"BFA",2022,"P","DTP3",2006.09933684626,1997.39711016827,"AFRO","Low income",0.91,754228
"BFA",2022,"T","DTP3",211.689269905169,210.770986359494,"AFRO","Low income",0.91,754228
"BFA",2022,"TB","BCG",356.154060670335,356.154060670335,"AFRO","Low income",0.98,754228
"BFA",2022,"Rubella","Rubella",71.0851050189599,70.3737674157166,"AFRO","Low income",0.88,754228
"BGD",2019,"HepB","HepB",21594.8690515821,21594.8690515821,"SEARO","Lower middle income",0.98,2951751
"BGD",2019,"Hib","Hib3",7034.87120504465,7034.87120504465,"SEARO","Lower middle income",0.98,2951751
"BGD",2019,"Measles","MCV1",23454.2523514068,23454.2523514068,"SEARO","Lower middle income",0.97,2951751
"BGD",2019,"Measles","MCV2",2141.49695893349,2141.49695893349,"SEARO","Lower middle income",0.93,2933725
"BGD",2019,"PCV","PCV3",6510.54363422551,6510.54363422551,"SEARO","Lower middle income",0.99,2951751
"BGD",2019,"D","DTP3",358.686546443117,358.686546443117,"SEARO","Lower middle income",0.98,2951751
"BGD",2019,"P","DTP3",11180.8679680506,11180.8679680506,"SEARO","Lower middle income",0.98,2951751
"BGD",2019,"T","DTP3",1286.12380458539,1286.12380458539,"SEARO","Lower middle income",0.98,2951751
"BGD",2019,"TB","BCG",2085.10046111024,2085.10046111024,"SEARO","Lower middle income",0.99,2951751
"BGD",2019,"Rubella","Rubella",847.444766923242,847.444766923242,"SEARO","Lower middle income",0.97,2951751
"BGD",2020,"HepB","HepB",21726.1318649168,21726.1318649168,"SEARO","Lower middle income",0.98,2969693
"BGD",2020,"Hib","Hib3",7077.63214902702,7077.63214902702,"SEARO","Lower middle income",0.98,2969693
"BGD",2020,"Measles","MCV1",23596.81728852,23596.81728852,"SEARO","Lower middle income",0.97,2969693
"BGD",2020,"Measles","MCV2",2112.30519594115,2112.30519594115,"SEARO","Lower middle income",0.93,2893734
"BGD",2020,"PCV","PCV3",6550.11749187315,6550.11749187315,"SEARO","Lower middle income",0.99,2969693
"BGD",2020,"D","DTP3",360.86679606996,360.86679606996,"SEARO","Lower middle income",0.98,2969693
"BGD",2020,"P","DTP3",11248.8300465195,11248.8300465195,"SEARO","Lower middle income",0.98,2969693
"BGD",2020,"T","DTP3",1293.94141294798,1293.94141294798,"SEARO","Lower middle income",0.98,2969693
"BGD",2020,"TB","BCG",2097.77458994876,2097.77458994876,"SEARO","Lower middle income",0.99,2969693
"BGD",2020,"Rubella","Rubella",852.595897221203,852.595897221203,"SEARO","Lower middle income",0.97,2969693
"BGD",2021,"HepB","HepB",21644.4492592496,21644.4492592496,"SEARO","Lower middle income",0.98,2958528
"BGD",2021,"Hib","Hib3",7051.02274430273,7051.02274430273,"SEARO","Lower middle income",0.98,2958528
"BGD",2021,"Measles","MCV1",23508.1015643606,23508.1015643606,"SEARO","Lower middle income",0.97,2958528
"BGD",2021,"Measles","MCV2",2139.0939361591,2139.0939361591,"SEARO","Lower middle income",0.93,2930433
"BGD",2021,"PCV","PCV3",6525.49135651278,6525.49135651278,"SEARO","Lower middle income",0.99,2958528
"BGD",2021,"D","DTP3",359.510063984144,359.510063984144,"SEARO","Lower middle income",0.98,2958528
"BGD",2021,"P","DTP3",11206.5384064512,11206.5384064512,"SEARO","Lower middle income",0.98,2958528
"BGD",2021,"T","DTP3",1289.07664885433,1289.07664885433,"SEARO","Lower middle income",0.98,2958528
"BGD",2021,"TB","BCG",2089.88769615308,2089.88769615308,"SEARO","Lower middle income",0.99,2958528
"BGD",2021,"Rubella","Rubella",849.390436861336,849.390436861336,"SEARO","Lower middle income",0.97,2958528
"BGD",2022,"HPV","HPV",9111.85938398769,0,"SEARO","Lower middle income",0,1442737
"BGD",2022,"HepB","HepB",21631.5146558622,21631.5146558622,"SEARO","Lower middle income",0.98,2956760
"BGD",2022,"Hib","Hib3",7046.8090920365,7046.8090920365,"SEARO","Lower middle income",0.98,2956760
"BGD",2022,"Measles","MCV1",23526.0622688734,23494.0532526441,"SEARO","Lower middle income",0.97,2956760
"BGD",2022,"Measles","MCV2",2176.13738659049,2155.05958443417,"SEARO","Lower middle income",0.93,2952305
"BGD",2022,"PCV","PCV3",6521.59175890264,6521.59175890264,"SEARO","Lower middle income",0.99,2956760
"BGD",2022,"D","DTP3",359.295222754613,359.295222754613,"SEARO","Lower middle income",0.98,2956760
"BGD",2022,"P","DTP3",11199.8414409661,11199.8414409661,"SEARO","Lower middle income",0.98,2956760
"BGD",2022,"T","DTP3",1288.30630376543,1288.30630376543,"SEARO","Lower middle income",0.98,2956760
"BGD",2022,"TB","BCG",2088.63879080326,2088.63879080326,"SEARO","Lower middle income",0.99,2956760
"BGD",2022,"Rubella","Rubella",850.039389760008,848.882845825398,"SEARO","Lower middle income",0.97,2956760
"BGR",2019,"HPV","HPV",10.6380338494423,10.6380338494423,"EURO","Upper middle income",0.04,35696
"BGR",2019,"HepB","HepB",482.04113935771,482.04113935771,"EURO","Upper middle income",0.93,62086
"BGR",2019,"HepB","HepB_BD",272.149760628199,272.149760628199,"EURO","Upper middle income",0.98,62086
"BGR",2019,"Hib","Hib3",15.8055560833992,15.8055560833992,"EURO","Upper middle income",0.92,62086
"BGR",2019,"Measles","MCV1",290.772674859856,290.772674859856,"EURO","Upper middle income",0.95,62086
"BGR",2019,"Measles","MCV2",46.7617356266055,46.7617356266055,"EURO","Upper middle income",0.95,62086
"BGR",2019,"PCV","PCV3",17.7213745733562,17.7213745733562,"EURO","Upper middle income",0.88,62086
"BGR",2019,"Rota","Rota",1.77648324355816,1.77648324355816,"EURO","Upper middle income",0.39,62086
"BGR",2019,"D","DTP3",2.03214390073803,2.03214390073803,"EURO","Upper middle income",0.93,62086
"BGR",2019,"P","DTP3",63.864055590822,63.864055590822,"EURO","Upper middle income",0.93,62086
"BGR",2019,"T","DTP3",7.13495420409627,7.13495420409627,"EURO","Upper middle income",0.93,62086
"BGR",2019,"TB","BCG",7.01373582948792,7.01373582948792,"EURO","Upper middle income",0.96,62086
"BGR",2019,"Rubella","Rubella",55.889781182705,55.889781182705,"EURO","Upper middle income",0.95,62086
"BGR",2020,"HPV","HPV",20.8952012920158,0,"EURO","Upper middle income",0,35057
"BGR",2020,"HepB","HepB",473.104674592695,462.930380515432,"EURO","Upper middle income",0.91,60935
"BGR",2020,"HepB","HepB_BD",267.104430368832,267.104430368832,"EURO","Upper middle income",0.98,60935
"BGR",2020,"Hib","Hib3",15.5125400241911,15.3439254587108,"EURO","Upper middle income",0.91,60935
"BGR",2020,"Measles","MCV1",285.382098099174,264.353943502393,"EURO","Upper middle income",0.88,60935
"BGR",2020,"Measles","MCV2",45.8948291145702,40.5806910065674,"EURO","Upper middle income",0.84,60935
"BGR",2020,"PCV","PCV3",17.3928415363763,16.7999037567271,"EURO","Upper middle income",0.85,60935
"BGR",2020,"Rota","Rota",1.74354937419412,2.01178773945476,"EURO","Upper middle income",0.45,60935
"BGR",2020,"D","DTP3",1.99447038932242,1.95157855299291,"EURO","Upper middle income",0.91,60935
"BGR",2020,"P","DTP3",62.6800925720249,61.3321335919813,"EURO","Upper middle income",0.91,60935
"BGR",2020,"T","DTP3",7.00268070783439,6.85208542379494,"EURO","Upper middle income",0.91,60935
"BGR",2020,"TB","BCG",6.88370957655263,6.95541488464172,"EURO","Upper middle income",0.97,60935
"BGR",2020,"Rubella","Rubella",54.8536516504225,50.8118036340756,"EURO","Upper middle income",0.88,60935
"BGR",2021,"HPV","HPV",19.6113417608807,0,"EURO","Upper middle income",0,32903
"BGR",2021,"HepB","HepB",458.927450734382,439.188635649033,"EURO","Upper middle income",0.89,59109
"BGR",2021,"HepB","HepB_BD",259.100283493416,256.456403049606,"EURO","Upper middle income",0.97,59109
"BGR",2021,"Hib","Hib3",15.0476857026325,14.5570002992858,"EURO","Upper middle income",0.89,59109
"BGR",2021,"Measles","MCV1",276.830236096563,259.346221185201,"EURO","Upper middle income",0.89,59109
"BGR",2021,"Measles","MCV2",44.5195282536002,40.3018887348381,"EURO","Upper middle income",0.86,59109
"BGR",2021,"PCV","PCV3",16.8716414273187,16.4881950312433,"EURO","Upper middle income",0.86,59109
"BGR",2021,"Rota","Rota",1.69130155016395,1.95150178865071,"EURO","Upper middle income",0.45,59109
"BGR",2021,"D","DTP3",1.93470337642503,1.85149032797664,"EURO","Upper middle income",0.89,59109
"BGR",2021,"P","DTP3",60.8017985039767,58.1866673855261,"EURO","Upper middle income",0.89,59109
"BGR",2021,"T","DTP3",6.79283587362572,6.50067088981386,"EURO","Upper middle income",0.89,59109
"BGR",2021,"TB","BCG",6.67742987380732,6.74698643499282,"EURO","Upper middle income",0.97,59109
"BGR",2021,"Rubella","Rubella",53.2098875097206,49.8492630354224,"EURO","Upper middle income",0.89,59109
"BGR",2022,"HPV","HPV",18.5354984676129,0,"EURO","Upper middle income",0,31098
"BGR",2022,"HepB","HepB",447.582461376525,436.750712159706,"EURO","Upper middle income",0.91,57489
"BGR",2022,"HepB","HepB_BD",251.999123614898,249.427703986174,"EURO","Upper middle income",0.97,57489
"BGR",2022,"Hib","Hib3",14.7000285387105,14.4761948091544,"EURO","Upper middle income",0.91,57489
"BGR",2022,"Measles","MCV1",269.243151515934,257.906597767894,"EURO","Upper middle income",0.91,57489
"BGR",2022,"Measles","MCV2",43.299381816157,39.6531180842701,"EURO","Upper middle income",0.87,57489
"BGR",2022,"PCV","PCV3",16.6166522977,16.2227718128058,"EURO","Upper middle income",0.87,57489
"BGR",2022,"Rota","Rota",2.26926905788275,1.89801699111372,"EURO","Upper middle income",0.45,57489
"BGR",2022,"D","DTP3",1.88687623254634,1.84121275839845,"EURO","Upper middle income",0.91,57489
"BGR",2022,"P","DTP3",59.2987379311947,57.8636748678004,"EURO","Upper middle income",0.91,57489
"BGR",2022,"T","DTP3",6.62491248928113,6.46458585260601,"EURO","Upper middle income",0.91,57489
"BGR",2022,"TB","BCG",6.4944215942633,6.4944215942633,"EURO","Upper middle income",0.96,57489
"BGR",2022,"Rubella","Rubella",51.7515644495141,49.5725512095345,"EURO","Upper middle income",0.91,57489
"BHR",2019,"HepB","HepB",238.627090192567,238.627090192567,"EMRO","High income",0.99,20794
"BHR",2019,"HepB","HepB_BD",89.2735249859272,89.2735249859272,"EMRO","High income",0.98,20794
"BHR",2019,"Hib","Hib3",7.42921874870376,7.42921874870376,"EMRO","High income",0.99,20794
"BHR",2019,"Measles","MCV1",120.818830083589,120.818830083589,"EMRO","High income",0.99,20794
"BHR",2019,"Measles","MCV2",21.6626550577056,21.6626550577056,"EMRO","High income",0.99,20794
"BHR",2019,"PCV","PCV3",7.94451317132349,7.94451317132349,"EMRO","High income",0.97,20794
"BHR",2019,"Rota","Rota",2.00093362206679,2.00093362206679,"EMRO","High income",0.99,20794
"BHR",2019,"D","DTP3",0.800534684742757,0.800534684742757,"EMRO","High income",0.99,20794
"BHR",2019,"P","DTP3",25.1975521757416,25.1975521757416,"EMRO","High income",0.99,20794
"BHR",2019,"T","DTP3",2.79419970758958,2.79419970758958,"EMRO","High income",0.99,20794
"BHR",2019,"Rubella","Rubella",26.8269305106716,26.8269305106716,"EMRO","High income",0.99,20794
"BHR",2020,"HepB","HepB",230.249780591693,227.924025232181,"EMRO","High income",0.98,20064
"BHR",2020,"HepB","HepB_BD",86.1394635624528,87.018437680437,"EMRO","High income",0.99,20064
"BHR",2020,"Hib","Hib3",7.16840651024296,7.09599836367485,"EMRO","High income",0.98,20064
"BHR",2020,"Measles","MCV1",116.577330325918,116.577330325918,"EMRO","High income",0.99,20064
"BHR",2020,"Measles","MCV2",20.9021598094549,20.9021598094549,"EMRO","High income",0.99,20064
"BHR",2020,"PCV","PCV3",7.66561086224077,7.82366469445192,"EMRO","High income",0.99,20064
"BHR",2020,"Rota","Rota",1.93068828475272,1.91118638288653,"EMRO","High income",0.98,20064
"BHR",2020,"D","DTP3",0.772430889423809,0.764628557207407,"EMRO","High income",0.98,20064
"BHR",2020,"P","DTP3",24.3129598371684,24.0673743842677,"EMRO","High income",0.98,20064
"BHR",2020,"T","DTP3",2.69610574844077,2.66887235704238,"EMRO","High income",0.98,20064
"BHR",2020,"Rubella","Rubella",25.8851367589745,25.8851367589745,"EMRO","High income",0.99,20064
"BHR",2021,"HepB","HepB",210.236043682208,208.112447281378,"EMRO","High income",0.98,18320
"BHR",2021,"HepB","HepB_BD",78.6520620247276,79.4546340862044,"EMRO","High income",0.99,18320
"BHR",2021,"Hib","Hib3",6.54531535424896,6.47920105774139,"EMRO","High income",0.98,18320
"BHR",2021,"Measles","MCV1",106.444213096631,106.444213096631,"EMRO","High income",0.99,18320
"BHR",2021,"Measles","MCV2",19.0853054081546,19.0853054081546,"EMRO","High income",0.99,18320
"BHR",2021,"PCV","PCV3",6.99930178410342,7.14361728480658,"EMRO","High income",0.99,18320
"BHR",2021,"Rota","Rota",1.76286928711472,1.76286928711472,"EMRO","High income",0.99,18320
"BHR",2021,"D","DTP3",0.705289767456349,0.698165628391133,"EMRO","High income",0.98,18320
"BHR",2021,"P","DTP3",22.1996323872072,21.9753936762253,"EMRO","High income",0.98,18320
"BHR",2021,"T","DTP3",2.46175524877566,2.43688903414156,"EMRO","High income",0.98,18320
"BHR",2021,"Rubella","Rubella",23.6351527823172,23.6351527823172,"EMRO","High income",0.99,18320
"BHR",2022,"HepB","HepB",198.714374039362,194.699942240587,"EMRO","High income",0.97,17316
"BHR",2022,"HepB","HepB_BD",74.4541154120287,75.1002425675063,"EMRO","High income",0.99,17316
"BHR",2022,"Hib","Hib3",6.18660920710562,6.06162720292167,"EMRO","High income",0.97,17316
"BHR",2022,"Measles","MCV1",100.610698361423,100.610698361423,"EMRO","High income",0.99,17316
"BHR",2022,"Measles","MCV2",18.0393639982317,18.0393639982317,"EMRO","High income",0.99,17316
"BHR",2022,"PCV","PCV3",6.63922768032675,6.75212210173093,"EMRO","High income",0.99,17316
"BHR",2022,"Rota","Rota",1.66625789168551,1.5989343405063,"EMRO","High income",0.95,17316
"BHR",2022,"D","DTP3",0.666637424305356,0.653170001592117,"EMRO","High income",0.97,17316
"BHR",2022,"P","DTP3",20.9830149790874,20.5591156865805,"EMRO","High income",0.97,17316
"BHR",2022,"T","DTP3",2.32684246112442,2.27983554271786,"EMRO","High income",0.97,17316
"BHR",2022,"Rubella","Rubella",22.3398638416269,22.3398638416269,"EMRO","High income",0.99,17316
"BHS",2019,"HPV","HPV",0.537274274671598,0.537274274671598,"PAHO","High income",0.08,3296
"BHS",2019,"HepB","HepB",44.9962543564029,44.9962543564029,"PAHO","High income",0.89,4618
"BHS",2019,"Hib","Hib3",1.42527703825393,1.42527703825393,"PAHO","High income",0.89,4618
"BHS",2019,"Measles","MCV1",20.4078408978367,20.4078408978367,"PAHO","High income",0.83,4618
"BHS",2019,"Measles","MCV2",3.27656534001105,3.27656534001105,"PAHO","High income",0.83,4618
"BHS",2019,"PCV","PCV3",1.29050050364096,1.29050050364096,"PAHO","High income",0.89,4618
"BHS",2019,"Rota","Rota",0.29685006237326,0.29685006237326,"PAHO","High income",0.78,4618
"BHS",2019,"D","DTP3",0.729890658425923,0.729890658425923,"PAHO","High income",0.89,4618
"BHS",2019,"P","DTP3",14.1383368551447,14.1383368551447,"PAHO","High income",0.89,4618
"BHS",2019,"T","DTP3",1.51655602781905,1.51655602781905,"PAHO","High income",0.89,4618
"BHS",2019,"Rubella","Rubella",8.66222324494912,8.66222324494912,"PAHO","High income",0.83,4618
"BHS",2020,"HPV","HPV",9.40229980675296,0,"PAHO","High income",0,3359
"BHS",2020,"HepB","HepB",44.8500993509144,41.8264971474819,"PAHO","High income",0.83,4603
"BHS",2020,"Hib","Hib3",1.42064751127822,1.32487352175384,"PAHO","High income",0.83,4603
"BHS",2020,"Measles","MCV1",20.3415529780732,21.3218687842454,"PAHO","High income",0.87,4603
"BHS",2020,"Measles","MCV2",3.26592253357966,3.26592253357966,"PAHO","High income",0.83,4603
"BHS",2020,"PCV","PCV3",1.28630875232987,1.19959130835257,"PAHO","High income",0.83,4603
"BHS",2020,"Rota","Rota",0.295885846059791,0.360373786867694,"PAHO","High income",0.95,4603
"BHS",2020,"D","DTP3",0.727519857240044,0.678473574729479,"PAHO","High income",0.83,4603
"BHS",2020,"P","DTP3",14.0924132837227,13.1423629499885,"PAHO","High income",0.83,4603
"BHS",2020,"T","DTP3",1.51163001213752,1.40972237086982,"PAHO","High income",0.83,4603
"BHS",2020,"Rubella","Rubella",8.63408696329597,9.05018753984036,"PAHO","High income",0.87,4603
"BHS",2021,"HPV","HPV",9.46077891659472,0,"PAHO","High income",0,3293
"BHS",2021,"HepB","HepB",45.0936910267286,43.5736789696478,"PAHO","High income",0.86,4628
"BHS",2021,"Hib","Hib3",1.42836338957106,1.38021630902372,"PAHO","High income",0.86,4628
"BHS",2021,"Measles","MCV1",20.4520328443456,20.2056228100764,"PAHO","High income",0.82,4628
"BHS",2021,"Measles","MCV2",3.28366054429865,3.16497401860111,"PAHO","High income",0.8,4628
"BHS",2021,"PCV","PCV3",1.29329500451502,1.16251236360901,"PAHO","High income",0.8,4628
"BHS",2021,"Rota","Rota",0.297492873248906,0.328004962812896,"PAHO","High income",0.86,4628
"BHS",2021,"D","DTP3",0.731471192549842,0.706814860216702,"PAHO","High income",0.86,4628
"BHS",2021,"P","DTP3",14.1689525694261,13.6913474266365,"PAHO","High income",0.86,4628
"BHS",2021,"T","DTP3",1.5198400382734,1.46860947518553,"PAHO","High income",0.86,4628
"BHS",2021,"Rubella","Rubella",8.68098076605122,8.57639063633976,"PAHO","High income",0.82,4628
"BHS",2022,"HPV","HPV",7.93604310145229,0,"PAHO","High income",0,2754
"BHS",2022,"HepB","HepB",45.515620979274,44.1374979046785,"PAHO","High income",0.87,4634
"BHS",2022,"Hib","Hib3",1.44172821474854,1.39807553293749,"PAHO","High income",0.87,4634
"BHS",2022,"Measles","MCV1",20.9368820945963,19.7383595298805,"PAHO","High income",0.8,4634
"BHS",2022,"Measles","MCV2",3.36150514610903,2.57487528128468,"PAHO","High income",0.65,4634
"BHS",2022,"PCV","PCV3",1.30539602990145,1.14946926627098,"PAHO","High income",0.79,4634
"BHS",2022,"Rota","Rota",0.309172805192341,0.313154383352462,"PAHO","High income",0.82,4634
"BHS",2022,"D","DTP3",0.738315378477714,0.715960647562976,"PAHO","High income",0.87,4634
"BHS",2022,"P","DTP3",14.3015277778226,13.8685057733209,"PAHO","High income",0.87,4634
"BHS",2022,"T","DTP3",1.53406078668907,1.48761245702812,"PAHO","High income",0.87,4634
"BHS",2022,"Rubella","Rubella",8.88677776666693,8.37805809996384,"PAHO","High income",0.8,4634
"BIH",2019,"HepB","HepB",125.478437059875,125.478437059875,"EURO","Upper middle income",0.8,31287
"BIH",2019,"Hib","Hib3",2.4505511755744,2.4505511755744,"EURO","Upper middle income",0.65,31287
"BIH",2019,"Measles","MCV1",114.985866415416,114.985866415416,"EURO","Upper middle income",0.65,31287
"BIH",2019,"Measles","MCV2",21.812159938865,21.812159938865,"EURO","Upper middle income",0.68,32300
"BIH",2019,"D","DTP3",0.458151803881182,0.458151803881182,"EURO","Upper middle income",0.73,31287
"BIH",2019,"P","DTP3",14.0128978900339,14.0128978900339,"EURO","Upper middle income",0.73,31287
"BIH",2019,"T","DTP3",1.88008746995066,1.88008746995066,"EURO","Upper middle income",0.73,31287
"BIH",2019,"TB","BCG",1.64693175799797,1.64693175799797,"EURO","Upper middle income",0.96,31287
"BIH",2019,"Rubella","Rubella",2.55761125290411,2.55761125290411,"EURO","Upper middle income",0.65,31287
"BIH",2020,"HepB","HepB",120.617636544754,119.109916087945,"EURO","Upper middle income",0.79,30075
"BIH",2020,"Hib","Hib3",2.35562139564036,2.50058271229516,"EURO","Upper middle income",0.69,30075
"BIH",2020,"Measles","MCV1",110.531528508443,103.729588292539,"EURO","Upper middle income",0.61,30075
"BIH",2020,"Measles","MCV2",21.7020861905667,19.1488995799118,"EURO","Upper middle income",0.6,32137
"BIH",2020,"D","DTP3",0.440403857887511,0.434370928327408,"EURO","Upper middle income",0.72,30075
"BIH",2020,"P","DTP3",13.4700643731508,13.2855429433816,"EURO","Upper middle income",0.72,30075
"BIH",2020,"T","DTP3",1.80725638951533,1.78249945267265,"EURO","Upper middle income",0.72,30075
"BIH",2020,"TB","BCG",1.58313269478662,1.58313269478662,"EURO","Upper middle income",0.96,30075
"BIH",2020,"Rubella","Rubella",2.45853416534315,2.30723975516819,"EURO","Upper middle income",0.61,30075
"BIH",2021,"HepB","HepB",116.266177337737,114.812850121015,"EURO","Upper middle income",0.79,28990
"BIH",2021,"Hib","Hib3",2.27063887812516,2.51516921884633,"EURO","Upper middle income",0.72,28990
"BIH",2021,"Measles","MCV1",106.543940530665,99.9873903441626,"EURO","Upper middle income",0.61,28990
"BIH",2021,"Measles","MCV2",21.5406897130005,19.9568154693975,"EURO","Upper middle income",0.63,31898
"BIH",2021,"D","DTP3",0.424515638908028,0.44196148708233,"EURO","Upper middle income",0.76,28990
"BIH",2021,"P","DTP3",12.9841119261062,13.517705566905,"EURO","Upper middle income",0.76,28990
"BIH",2021,"T","DTP3",1.74205694869657,1.81364833014986,"EURO","Upper middle income",0.76,28990
"BIH",2021,"TB","BCG",1.52601884694477,1.49422678763342,"EURO","Upper middle income",0.94,28990
"BIH",2021,"Rubella","Rubella",2.36983891781539,2.22400267671906,"EURO","Upper middle income",0.61,28990
"BIH",2022,"HPV","HPV",64.6969984341735,0,"EURO","Upper middle income",0,16432
"BIH",2022,"HepB","HepB",113.315687072567,109.206787018665,"EURO","Upper middle income",0.78,27928
"BIH",2022,"Hib","Hib3",2.31019758113389,2.52398980769016,"EURO","Upper middle income",0.75,27928
"BIH",2022,"Measles","MCV1",108.400131817371,91.5872486141874,"EURO","Upper middle income",0.58,27928
"BIH",2022,"Measles","MCV2",21.638289050939,18.273592815656,"EURO","Upper middle income",0.6,30668
"BIH",2022,"D","DTP3",0.420762512206925,0.420168720086168,"EURO","Upper middle income",0.75,27928
"BIH",2022,"P","DTP3",12.8693198838499,12.8511583306582,"EURO","Upper middle income",0.75,27928
"BIH",2022,"T","DTP3",1.7266554891277,1.72421878339713,"EURO","Upper middle income",0.75,27928
"BIH",2022,"TB","BCG",1.47011570739819,1.47011570739819,"EURO","Upper middle income",0.96,27928
"BIH",2022,"Rubella","Rubella",2.41112586785907,2.03715973954488,"EURO","Upper middle income",0.58,27928
"BLR",2019,"HepB","HepB",419.112689241627,419.112689241627,"EURO","Upper middle income",0.97,93380
"BLR",2019,"HepB","HepB_BD",243.925113062497,243.925113062497,"EURO","Upper middle income",0.98,93380
"BLR",2019,"Hib","Hib3",9.85644354283362,9.85644354283362,"EURO","Upper middle income",0.91,93380
"BLR",2019,"Measles","MCV1",467.091757048842,467.091757048842,"EURO","Upper middle income",0.98,93380
"BLR",2019,"Measles","MCV2",78.1152941932706,78.1152941932706,"EURO","Upper middle income",0.98,113845
"BLR",2019,"D","DTP3",1.81909712063993,1.81909712063993,"EURO","Upper middle income",0.98,93380
"BLR",2019,"P","DTP3",58.0979227274524,58.0979227274524,"EURO","Upper middle income",0.98,93380
"BLR",2019,"T","DTP3",7.52881512777594,7.52881512777594,"EURO","Upper middle income",0.98,93380
"BLR",2019,"TB","BCG",5.22330429633762,5.22330429633762,"EURO","Upper middle income",0.97,93380
"BLR",2019,"Rubella","Rubella",43.6501657423645,43.6501657423645,"EURO","Upper middle income",0.98,93380
"BLR",2020,"HPV","HPV",125.347920469705,0,"EURO","Upper middle income",0,53562
"BLR",2020,"HepB","HepB",410.383044986166,410.383044986166,"EURO","Upper middle income",0.97,91435
"BLR",2020,"HepB","HepB_BD",238.844428280889,236.407240237207,"EURO","Upper middle income",0.97,91435
"BLR",2020,"Hib","Hib3",9.6511449490147,10.2874841764223,"EURO","Upper middle income",0.97,91435
"BLR",2020,"Measles","MCV1",457.362762965955,452.695795996915,"EURO","Upper middle income",0.97,91435
"BLR",2020,"Measles","MCV2",68.7245794817848,68.7245794817848,"EURO","Upper middle income",0.98,100159
"BLR",2020,"D","DTP3",1.78120738087077,1.76303179535168,"EURO","Upper middle income",0.97,91435
"BLR",2020,"P","DTP3",56.8878085734056,56.3073207308198,"EURO","Upper middle income",0.97,91435
"BLR",2020,"T","DTP3",7.37199840659877,7.29677393306205,"EURO","Upper middle income",0.97,91435
"BLR",2020,"TB","BCG",5.1145087635,5.1145087635,"EURO","Upper middle income",0.97,91435
"BLR",2020,"Rubella","Rubella",42.7409820588253,42.3048495888372,"EURO","Upper middle income",0.97,91435
"BLR",2021,"HPV","HPV",148.139983257475,0,"EURO","Upper middle income",0,55854
"BLR",2021,"HepB","HepB",401.74765395917,405.889382350502,"EURO","Upper middle income",0.98,89511
"BLR",2021,"HepB","HepB_BD",233.818599221859,233.818599221859,"EURO","Upper middle income",0.98,89511
"BLR",2021,"Hib","Hib3",9.44806294669716,10.17483701952,"EURO","Upper middle income",0.98,89511
"BLR",2021,"Measles","MCV1",447.738812006842,447.738812006842,"EURO","Upper middle income",0.98,89511
"BLR",2021,"Measles","MCV2",63.0885038833525,63.0885038833525,"EURO","Upper middle income",0.98,91945
"BLR",2021,"D","DTP3",1.74372673340759,1.74372673340759,"EURO","Upper middle income",0.98,89511
"BLR",2021,"P","DTP3",55.6907599192224,55.6907599192224,"EURO","Upper middle income",0.98,89511
"BLR",2021,"T","DTP3",7.21687482225693,7.21687482225693,"EURO","Upper middle income",0.98,89511
"BLR",2021,"TB","BCG",5.00688788680099,5.05850528769585,"EURO","Upper middle income",0.98,89511
"BLR",2021,"Rubella","Rubella",41.8416147543884,41.8416147543884,"EURO","Upper middle income",0.98,89511
"BLR",2022,"HPV","HPV",183.677147636038,0,"EURO","Upper middle income",0,54758
"BLR",2022,"HepB","HepB",393.518449938824,396.167372365589,"EURO","Upper middle income",0.98,87367
"BLR",2022,"HepB","HepB_BD",228.563330586207,228.218091164395,"EURO","Upper middle income",0.98,87367
"BLR",2022,"Hib","Hib3",9.41932513425435,9.9311256257265,"EURO","Upper middle income",0.98,87367
"BLR",2022,"Measles","MCV1",437.675507618166,437.014409274857,"EURO","Upper middle income",0.98,87367
"BLR",2022,"Measles","MCV2",62.0177755335983,61.924099173036,"EURO","Upper middle income",0.98,90248
"BLR",2022,"D","DTP3",1.70453501623145,1.70196035702451,"EURO","Upper middle income",0.98,87367
"BLR",2022,"P","DTP3",54.4390634978381,54.3568345998001,"EURO","Upper middle income",0.98,87367
"BLR",2022,"T","DTP3",7.05466952281946,7.0440136139259,"EURO","Upper middle income",0.98,87367
"BLR",2022,"TB","BCG",4.90432922461233,4.93734213080094,"EURO","Upper middle income",0.98,87367
"BLR",2022,"Rubella","Rubella",40.9011894571044,40.8394091926875,"EURO","Upper middle income",0.98,87367
"BLZ",2019,"HPV","HPV",34.0042660105727,34.0042660105727,"PAHO","Upper middle income",0.63,3668
"BLZ",2019,"HepB","HepB",3.30545184790479,3.30545184790479,"PAHO","Upper middle income",0.98,7953
"BLZ",2019,"HepB","HepB_BD",1.90246185028839,1.90246185028839,"PAHO","Upper middle income",0.7,7953
"BLZ",2019,"Hib","Hib3",4.66051278855892,4.66051278855892,"PAHO","Upper middle income",0.98,7953
"BLZ",2019,"Measles","MCV1",90.269569398717,90.269569398717,"PAHO","Upper middle income",0.96,7953
"BLZ",2019,"Measles","MCV2",7.20530869953811,7.20530869953811,"PAHO","Upper middle income",0.95,7764
"BLZ",2019,"D","DTP3",0.728528998981914,0.728528998981914,"PAHO","Upper middle income",0.98,7953
"BLZ",2019,"P","DTP3",17.6994814738409,17.6994814738409,"PAHO","Upper middle income",0.98,7953
"BLZ",2019,"T","DTP3",2.37986007984722,2.37986007984722,"PAHO","Upper middle income",0.98,7953
"BLZ",2019,"TB","BCG",2.3891675315003,2.3891675315003,"PAHO","Upper middle income",0.95,7953
"BLZ",2019,"Rubella","Rubella",1.98199400398379,1.98199400398379,"PAHO","Upper middle income",0.96,7953
"BLZ",2020,"HPV","HPV",38.1224368427025,0,"PAHO","Upper middle income",0,3701
"BLZ",2020,"HepB","HepB",3.02490614221691,2.43844474729731,"PAHO","Upper middle income",0.79,7278
"BLZ",2020,"HepB","HepB_BD",1.74099300218772,1.66637901637968,"PAHO","Upper middle income",0.67,7278
"BLZ",2020,"Hib","Hib3",4.2649581384549,3.4380784993667,"PAHO","Upper middle income",0.79,7278
"BLZ",2020,"Measles","MCV1",82.6080631313796,70.5610539247201,"PAHO","Upper middle income",0.82,7278
"BLZ",2020,"Measles","MCV2",7.27583979963663,6.66313750071986,"PAHO","Upper middle income",0.87,7840
"BLZ",2020,"D","DTP3",0.666696096390088,0.537438689947112,"PAHO","Upper middle income",0.79,7278
"BLZ",2020,"P","DTP3",16.1972621861705,13.0569766602803,"PAHO","Upper middle income",0.79,7278
"BLZ",2020,"T","DTP3",2.17787270981115,1.75563208239878,"PAHO","Upper middle income",0.79,7278
"BLZ",2020,"TB","BCG",2.18639020423226,1.74911216338581,"PAHO","Upper middle income",0.76,7278
"BLZ",2020,"Rubella","Rubella",1.81377497309116,1.5492661228487,"PAHO","Upper middle income",0.82,7278
"BLZ",2021,"HPV","HPV",37.7825177895252,0,"PAHO","Upper middle income",0,3668
"BLZ",2021,"HepB","HepB",2.9085316272649,2.46334821492844,"PAHO","Upper middle income",0.83,6998
"BLZ",2021,"HepB","HepB_BD",1.67401333186448,1.84141466505093,"PAHO","Upper middle income",0.77,6998
"BLZ",2021,"Hib","Hib3",4.10087620952286,3.47319107541222,"PAHO","Upper middle income",0.83,6998
"BLZ",2021,"Measles","MCV1",79.4299568278915,65.3642353062857,"PAHO","Upper middle income",0.79,6998
"BLZ",2021,"Measles","MCV2",7.37421212345825,5.97699298427669,"PAHO","Upper middle income",0.77,7946
"BLZ",2021,"D","DTP3",0.641046892351998,0.542927470053222,"PAHO","Upper middle income",0.83,6998
"BLZ",2021,"P","DTP3",15.5741193705443,13.1903255893386,"PAHO","Upper middle income",0.83,6998
"BLZ",2021,"T","DTP3",2.0940853563147,1.77356208749102,"PAHO","Upper middle income",0.83,6998
"BLZ",2021,"TB","BCG",2.10227516477293,1.85885382990448,"PAHO","Upper middle income",0.84,6998
"BLZ",2021,"Rubella","Rubella",1.74399522694311,1.4351627388386,"PAHO","Upper middle income",0.79,6998
"BLZ",2022,"HPV","HPV",41.8007730211757,0,"PAHO","Upper middle income",0,3507
"BLZ",2022,"HepB","HepB",2.96380952186711,2.54040816160038,"PAHO","Upper middle income",0.84,7131
"BLZ",2022,"HepB","HepB_BD",1.89579276880654,2.09573237247214,"PAHO","Upper middle income",0.86,7131
"BLZ",2022,"Hib","Hib3",4.17881512576558,3.5818415363705,"PAHO","Upper middle income",0.84,7131
"BLZ",2022,"Measles","MCV1",81.1895434876249,68.2927514904783,"PAHO","Upper middle income",0.81,7131
"BLZ",2022,"Measles","MCV2",6.7784313209364,5.39525794122035,"PAHO","Upper middle income",0.76,7267
"BLZ",2022,"D","DTP3",0.653230264270091,0.559911655088649,"PAHO","Upper middle income",0.84,7131
"BLZ",2022,"P","DTP3",15.8701122079668,13.6029533211144,"PAHO","Upper middle income",0.84,7131
"BLZ",2022,"T","DTP3",2.13388434922551,1.82904372790758,"PAHO","Upper middle income",0.84,7131
"BLZ",2022,"TB","BCG",2.15314378498904,2.07458044614192,"PAHO","Upper middle income",0.92,7131
"BLZ",2022,"Rubella","Rubella",1.78262940047813,1.49946238661915,"PAHO","Upper middle income",0.81,7131
"BOL",2019,"HPV","HPV",1435.4926701169,1435.4926701169,"PAHO","Lower middle income",0.66,121460
"BOL",2019,"HepB","HepB",265.075376355733,265.075376355733,"PAHO","Lower middle income",0.75,256122
"BOL",2019,"Hib","Hib3",495.370439141957,495.370439141957,"PAHO","Lower middle income",0.75,256122
"BOL",2019,"Measles","MCV1",1847.43188797066,1847.43188797066,"PAHO","Lower middle income",0.79,256122
"BOL",2019,"Measles","MCV2",108.577872607464,108.577872607464,"PAHO","Lower middle income",0.44,253568
"BOL",2019,"PCV","PCV3",545.752959991287,545.752959991287,"PAHO","Lower middle income",0.75,256122
"BOL",2019,"Rota","Rota",145.115137322168,145.115137322168,"PAHO","Lower middle income",0.78,256122
"BOL",2019,"YF","YF",694.733593164174,694.733593164174,"PAHO","Lower middle income",0.77,256122
"BOL",2019,"D","DTP3",20.100188231506,20.100188231506,"PAHO","Lower middle income",0.75,256122
"BOL",2019,"P","DTP3",1097.14057697839,1097.14057697839,"PAHO","Lower middle income",0.75,256122
"BOL",2019,"T","DTP3",73.9759669924237,73.9759669924237,"PAHO","Lower middle income",0.75,256122
"BOL",2019,"TB","BCG",272.884772588217,272.884772588217,"PAHO","Lower middle income",0.8,256122
"BOL",2019,"Rubella","Rubella",48.5131855670523,48.5131855670523,"PAHO","Lower middle income",0.79,256122
"BOL",2020,"HPV","HPV",1564.96055834728,0,"PAHO","Lower middle income",0,121380
"BOL",2020,"HepB","HepB",265.399318042896,240.628715025559,"PAHO","Lower middle income",0.68,256435
"BOL",2020,"Hib","Hib3",495.975818404384,449.684742019975,"PAHO","Lower middle income",0.68,256435
"BOL",2020,"Measles","MCV1",1849.68958618063,1732.62062502996,"PAHO","Lower middle income",0.74,256435
"BOL",2020,"Measles","MCV2",108.578300807681,113.513678117121,"PAHO","Lower middle income",0.46,253569
"BOL",2020,"PCV","PCV3",546.419910415215,495.420718776461,"PAHO","Lower middle income",0.68,256435
"BOL",2020,"Rota","Rota",145.292478737516,137.841582392003,"PAHO","Lower middle income",0.74,256435
"BOL",2020,"YF","YF",695.582608924867,650.414907046629,"PAHO","Lower middle income",0.72,256435
"BOL",2020,"D","DTP3",20.1247521460329,18.2464419457365,"PAHO","Lower middle income",0.68,256435
"BOL",2020,"P","DTP3",1098.48136379324,995.956436505872,"PAHO","Lower middle income",0.68,256435
"BOL",2020,"T","DTP3",74.0663710876152,67.1535097861045,"PAHO","Lower middle income",0.68,256435
"BOL",2020,"TB","BCG",273.218257934341,280.0487143827,"PAHO","Lower middle income",0.82,256435
"BOL",2020,"Rubella","Rubella",48.5724722627773,45.4982651575382,"PAHO","Lower middle income",0.74,256435
"BOL",2021,"HPV","HPV",1573.07029793536,0,"PAHO","Lower middle income",0,122009
"BOL",2021,"HepB","HepB",265.95819507506,248.227648736723,"PAHO","Lower middle income",0.7,256975
"BOL",2021,"Hib","Hib3",497.020242691,463.885559844934,"PAHO","Lower middle income",0.7,256975
"BOL",2021,"Measles","MCV1",1853.58465657483,1759.73226890016,"PAHO","Lower middle income",0.75,256975
"BOL",2021,"Measles","MCV2",108.626687432194,138.252147640974,"PAHO","Lower middle income",0.56,253682
"BOL",2021,"PCV","PCV3",547.570559708892,511.065855728299,"PAHO","Lower middle income",0.7,256975
"BOL",2021,"Rota","Rota",145.598435172942,132.531908939473,"PAHO","Lower middle income",0.71,256975
"BOL",2021,"YF","YF",697.047364550345,642.731985494474,"PAHO","Lower middle income",0.71,256975
"BOL",2021,"D","DTP3",20.1671307845138,18.8226553988796,"PAHO","Lower middle income",0.7,256975
"BOL",2021,"P","DTP3",1100.79454232366,1027.40823950208,"PAHO","Lower middle income",0.7,256975
"BOL",2021,"T","DTP3",74.2223398141436,69.2741838265341,"PAHO","Lower middle income",0.7,256975
"BOL",2021,"TB","BCG",273.793600065036,266.94876006341,"PAHO","Lower middle income",0.78,256975
"BOL",2021,"Rubella","Rubella",48.6747560189802,46.2102114104243,"PAHO","Lower middle income",0.75,256975
"BOL",2022,"HPV","HPV",1775.37542333515,0,"PAHO","Lower middle income",0,122400
"BOL",2022,"HepB","HepB",272.181491027589,245.305204838653,"PAHO","Lower middle income",0.69,257630
"BOL",2022,"Hib","Hib3",508.650281253229,458.424123414822,"PAHO","Lower middle income",0.69,257630
"BOL",2022,"Measles","MCV1",1880.07004212241,1623.08021590352,"PAHO","Lower middle income",0.69,257630
"BOL",2022,"Measles","MCV2",128.601339245479,121.195229931457,"PAHO","Lower middle income",0.49,254153
"BOL",2022,"PCV","PCV3",560.383451776378,505.048954310644,"PAHO","Lower middle income",0.69,257630
"BOL",2022,"Rota","Rota",147.986114604384,132.869717677114,"PAHO","Lower middle income",0.71,257630
"BOL",2022,"YF","YF",710.026270738539,608.067687591524,"PAHO","Lower middle income",0.67,257630
"BOL",2022,"D","DTP3",20.6390321047569,18.601051743139,"PAHO","Lower middle income",0.69,257630
"BOL",2022,"P","DTP3",1126.55261388026,1015.31231483116,"PAHO","Lower middle income",0.69,257630
"BOL",2022,"T","DTP3",75.9591074547204,68.4586021745788,"PAHO","Lower middle income",0.69,257630
"BOL",2022,"TB","BCG",277.1578467015,260.76689532257,"PAHO","Lower middle income",0.76,257630
"BOL",2022,"Rubella","Rubella",49.3702568557099,42.6217562969713,"PAHO","Lower middle income",0.69,257630
"BRA",2019,"HPV","HPV",6866.30052673332,6866.30052673332,"PAHO","Upper middle income",0.67,1468972
"BRA",2019,"HepB","HepB",23981.4529894349,23981.4529894349,"PAHO","Upper middle income",0.72,2935747
"BRA",2019,"HepB","HepB_BD",7320.02425512181,7320.02425512181,"PAHO","Upper middle income",0.77,2935747
"BRA",2019,"Hib","Hib3",1319.44479255868,1319.44479255868,"PAHO","Upper middle income",0.72,2935747
"BRA",2019,"Measles","MCV1",21915.7024982167,21915.7024982167,"PAHO","Upper middle income",0.91,2935747
"BRA",2019,"Measles","MCV2",1819.36923773034,1819.36923773034,"PAHO","Upper middle income",0.54,2935747
"BRA",2019,"PCV","PCV3",1426.67329479434,1426.67329479434,"PAHO","Upper middle income",0.84,2935747
"BRA",2019,"Rota","Rota",407.148122958112,407.148122958112,"PAHO","Upper middle income",0.83,2935747
"BRA",2019,"YF","YF",2422.58996561171,2422.58996561171,"PAHO","Upper middle income",0.6,2935747
"BRA",2019,"D","DTP3",117.181712506344,117.181712506344,"PAHO","Upper middle income",0.7,2935747
"BRA",2019,"P","DTP3",3796.98944761492,3796.98944761492,"PAHO","Upper middle income",0.7,2935747
"BRA",2019,"T","DTP3",447.44099214894,447.44099214894,"PAHO","Upper middle income",0.7,2935747
"BRA",2019,"TB","BCG",556.857678362095,556.857678362095,"PAHO","Upper middle income",0.85,2935747
"BRA",2019,"Rubella","Rubella",3084.40203464447,3084.40203464447,"PAHO","Upper middle income",0.91,2935747
"BRA",2020,"HPV","HPV",18871.400560373,0,"PAHO","Upper middle income",0,1473770
"BRA",2020,"HepB","HepB",23311.9974754402,24930.8861890125,"PAHO","Upper middle income",0.77,2853794
"BRA",2020,"HepB","HepB_BD",7115.68173249299,5821.92141749427,"PAHO","Upper middle income",0.63,2853794
"BRA",2020,"Hib","Hib3",1282.61176195878,1371.68202320592,"PAHO","Upper middle income",0.77,2853794
"BRA",2020,"Measles","MCV1",21303.9135508598,18494.6062694277,"PAHO","Upper middle income",0.79,2853794
"BRA",2020,"Measles","MCV2",1768.58053995096,1441.06562514523,"PAHO","Upper middle income",0.44,2853794
"BRA",2020,"PCV","PCV3",1386.84692129271,1304.296509311,"PAHO","Upper middle income",0.79,2853794
"BRA",2020,"Rota","Rota",395.782358087779,362.403123068328,"PAHO","Upper middle income",0.76,2853794
"BRA",2020,"YF","YF",2354.96202783241,2237.21392644079,"PAHO","Upper middle income",0.57,2853794
"BRA",2020,"D","DTP3",113.910520239084,125.301572262993,"PAHO","Upper middle income",0.77,2853794
"BRA",2020,"P","DTP3",3690.99438870814,4060.09382757896,"PAHO","Upper middle income",0.77,2853794
"BRA",2020,"T","DTP3",434.950429566544,478.445472523198,"PAHO","Upper middle income",0.77,2853794
"BRA",2020,"TB","BCG",541.312688512899,464.892073664019,"PAHO","Upper middle income",0.73,2853794
"BRA",2020,"Rubella","Rubella",2998.29924719541,2602.91912668612,"PAHO","Upper middle income",0.79,2853794
"BRA",2021,"HPV","HPV",18809.0834205535,0,"PAHO","Upper middle income",0,1468634
"BRA",2021,"HepB","HepB",22515.3296480533,21264.4780009393,"PAHO","Upper middle income",0.68,2756268
"BRA",2021,"HepB","HepB_BD",6872.5093182812,5533.70880173292,"PAHO","Upper middle income",0.62,2756268
"BRA",2021,"Hib","Hib3",1238.77958812395,1169.95849989484,"PAHO","Upper middle income",0.68,2756268
"BRA",2021,"Measles","MCV1",20575.8702958241,16505.9179296172,"PAHO","Upper middle income",0.73,2756268
"BRA",2021,"Measles","MCV2",1708.14079351542,1455.0828981798,"PAHO","Upper middle income",0.46,2756268
"BRA",2021,"PCV","PCV3",1339.45259891135,1100.26463482004,"PAHO","Upper middle income",0.69,2756268
"BRA",2021,"Rota","Rota",382.25683022737,317.779774526368,"PAHO","Upper middle income",0.69,2756268
"BRA",2021,"YF","YF",2274.48318923145,2198.66708292374,"PAHO","Upper middle income",0.58,2756268
"BRA",2021,"D","DTP3",110.017724404193,106.874360849788,"PAHO","Upper middle income",0.68,2756268
"BRA",2021,"P","DTP3",3564.85777241659,3463.00469320468,"PAHO","Upper middle income",0.68,2756268
"BRA",2021,"T","DTP3",420.086365939699,408.083898341422,"PAHO","Upper middle income",0.68,2756268
"BRA",2021,"TB","BCG",522.813784506545,424.401778011195,"PAHO","Upper middle income",0.69,2756268
"BRA",2021,"Rubella","Rubella",2895.83490240318,2323.03239423552,"PAHO","Upper middle income",0.73,2756268
"BRA",2022,"HPV","HPV",18740.5377061545,0,"PAHO","Upper middle income",0,1463142
"BRA",2022,"HepB","HepB",22825.0618838177,23850.9619344842,"PAHO","Upper middle income",0.77,2730177
"BRA",2022,"HepB","HepB_BD",6887.81490226058,7249.49617829124,"PAHO","Upper middle income",0.82,2730177
"BRA",2022,"Hib","Hib3",1255.82086522033,1312.26525497995,"PAHO","Upper middle income",0.77,2730177
"BRA",2022,"Measles","MCV1",20381.0978600928,18141.4167765661,"PAHO","Upper middle income",0.81,2730177
"BRA",2022,"Measles","MCV2",1851.54810293437,1817.30264617752,"PAHO","Upper middle income",0.58,2730177
"BRA",2022,"PCV","PCV3",1326.7732593993,1279.38850013504,"PAHO","Upper middle income",0.81,2730177
"BRA",2022,"Rota","Rota",379.159006950728,351.266915903777,"PAHO","Upper middle income",0.77,2730177
"BRA",2022,"YF","YF",2398.34173975375,2290.50200668505,"PAHO","Upper middle income",0.61,2730177
"BRA",2022,"D","DTP3",112.127044847982,119.873918950093,"PAHO","Upper middle income",0.77,2730177
"BRA",2022,"P","DTP3",3633.20519024658,3884.22387386687,"PAHO","Upper middle income",0.77,2730177
"BRA",2022,"T","DTP3",428.140493259932,457.720783222954,"PAHO","Upper middle income",0.77,2730177
"BRA",2022,"TB","BCG",517.864797524306,536.1423786134,"PAHO","Upper middle income",0.88,2730177
"BRA",2022,"Rubella","Rubella",2868.42275364312,2553.21146203399,"PAHO","Upper middle income",0.81,2730177
"BRB",2019,"HPV","HPV",1.27584753984003,1.27584753984003,"PAHO","High income",0.28,1718
"BRB",2019,"HepB","HepB",23.4980446614084,23.4980446614084,"PAHO","High income",0.9,3021
"BRB",2019,"Hib","Hib3",1.1672933658511,1.1672933658511,"PAHO","High income",0.9,3021
"BRB",2019,"Measles","MCV1",17.1611830373822,17.1611830373822,"PAHO","High income",0.92,3021
"BRB",2019,"Measles","MCV2",2.46074193454116,2.46074193454116,"PAHO","High income",0.77,3021
"BRB",2019,"PCV","PCV3",1.39170401714441,1.39170401714441,"PAHO","High income",0.93,3021
"BRB",2019,"D","DTP3",0.169205796680628,0.169205796680628,"PAHO","High income",0.9,3021
"BRB",2019,"P","DTP3",4.90940665391293,4.90940665391293,"PAHO","High income",0.9,3021
"BRB",2019,"T","DTP3",0.545579841276049,0.545579841276049,"PAHO","High income",0.9,3021
"BRB",2019,"Rubella","Rubella",3.8345734120817,3.8345734120817,"PAHO","High income",0.92,3021
"BRB",2020,"HPV","HPV",3.38021090891511,0,"PAHO","High income",0,1878
"BRB",2020,"HepB","HepB",23.4824881935756,22.1779055161548,"PAHO","High income",0.85,3019
"BRB",2020,"Hib","Hib3",1.16652057977639,1.10171388089992,"PAHO","High income",0.85,3019
"BRB",2020,"Measles","MCV1",17.1498217775097,16.5905884586779,"PAHO","High income",0.89,3019
"BRB",2020,"Measles","MCV2",2.45911284355504,2.49104937399082,"PAHO","High income",0.78,3019
"BRB",2020,"PCV","PCV3",1.39078266393875,1.28610009783583,"PAHO","High income",0.86,3019
"BRB",2020,"D","DTP3",0.169093776954259,0.159699678234578,"PAHO","High income",0.85,3019
"BRB",2020,"P","DTP3",4.9061564674489,4.6335922192573,"PAHO","High income",0.85,3019
"BRB",2020,"T","DTP3",0.545218649722738,0.514928724738142,"PAHO","High income",0.85,3019
"BRB",2020,"Rubella","Rubella",3.83203480009091,3.70707714356621,"PAHO","High income",0.89,3019
"BRB",2021,"HPV","HPV",3.34854281556385,0,"PAHO","High income",0,1718
"BRB",2021,"HepB","HepB",23.4824881935756,21.3951559097023,"PAHO","High income",0.82,3019
"BRB",2021,"Hib","Hib3",1.16652057977639,1.06282986157404,"PAHO","High income",0.82,3019
"BRB",2021,"Measles","MCV1",17.1498217775097,14.3536551833505,"PAHO","High income",0.77,3019
"BRB",2021,"Measles","MCV2",2.45911284355504,2.23555713050458,"PAHO","High income",0.7,3019
"BRB",2021,"PCV","PCV3",1.39078266393875,1.24123614093458,"PAHO","High income",0.83,3019
"BRB",2021,"D","DTP3",0.169093776954259,0.154063219002769,"PAHO","High income",0.82,3019
"BRB",2021,"P","DTP3",4.9061564674489,4.47005367034233,"PAHO","High income",0.82,3019
"BRB",2021,"T","DTP3",0.545218649722738,0.496754769747384,"PAHO","High income",0.82,3019
"BRB",2021,"Rubella","Rubella",3.83203480009091,3.20724651746739,"PAHO","High income",0.77,3019
"BRB",2022,"HPV","HPV",3.38761073977357,0,"PAHO","High income",0,1610
"BRB",2022,"HepB","HepB",23.6108040726634,22.4239569823765,"PAHO","High income",0.86,3017
"BRB",2022,"Hib","Hib3",1.17289482395503,1.11393678064827,"PAHO","High income",0.86,3017
"BRB",2022,"Measles","MCV1",17.1853441989459,15.8344472173822,"PAHO","High income",0.85,3017
"BRB",2022,"Measles","MCV2",2.55929158438419,2.32982225892897,"PAHO","High income",0.73,3017
"BRB",2022,"PCV","PCV3",1.39163785295936,1.30019283907289,"PAHO","High income",0.87,3017
"BRB",2022,"D","DTP3",0.17001775981584,0.16147145690665,"PAHO","High income",0.86,3017
"BRB",2022,"P","DTP3",4.93296528663676,4.68499933516332,"PAHO","High income",0.86,3017
"BRB",2022,"T","DTP3",0.548197900037163,0.520641571139675,"PAHO","High income",0.86,3017
"BRB",2022,"Rubella","Rubella",3.8399720927866,3.53812147813599,"PAHO","High income",0.85,3017
"BRN",2019,"HPV","HPV",13.8053438166627,13.8053438166627,"WPRO","High income",0.87,3186
"BRN",2019,"HepB","HepB",62.2402062422699,62.2402062422699,"WPRO","High income",0.99,6478
"BRN",2019,"Hib","Hib3",2.1431517860938,2.1431517860938,"WPRO","High income",0.99,6478
"BRN",2019,"Measles","MCV1",34.6085539706297,34.6085539706297,"WPRO","High income",0.97,6478
"BRN",2019,"Measles","MCV2",6.09713426331412,6.09713426331412,"WPRO","High income",0.98,6478
"BRN",2019,"D","DTP3",0.525663879178533,0.525663879178533,"WPRO","High income",0.99,6478
"BRN",2019,"P","DTP3",13.2506899340514,13.2506899340514,"WPRO","High income",0.99,6478
"BRN",2019,"T","DTP3",1.34059073276006,1.34059073276006,"WPRO","High income",0.99,6478
"BRN",2019,"TB","BCG",1.91060719661867,1.91060719661867,"WPRO","High income",0.99,6478
"BRN",2019,"Rubella","Rubella",9.86239042351749,9.86239042351749,"WPRO","High income",0.97,6478
"BRN",2020,"HPV","HPV",14.0751930593937,0,"WPRO","High income",0,3140
"BRN",2020,"HepB","HepB",60.8374476576185,60.8374476576185,"WPRO","High income",0.99,6332
"BRN",2020,"Hib","Hib3",2.09484981623124,2.09484981623124,"WPRO","High income",0.99,6332
"BRN",2020,"Measles","MCV1",33.8285525998807,34.5260485297752,"WPRO","High income",0.99,6332
"BRN",2020,"Measles","MCV2",5.95971814685165,5.89890469637357,"WPRO","High income",0.97,6332
"BRN",2020,"D","DTP3",0.513816561123568,0.513816561123568,"WPRO","High income",0.99,6332
"BRN",2020,"P","DTP3",12.9520482652691,12.9520482652691,"WPRO","High income",0.99,6332
"BRN",2020,"T","DTP3",1.31037673970927,1.31037673970927,"WPRO","High income",0.99,6332
"BRN",2020,"TB","BCG",1.8675462749289,1.8675462749289,"WPRO","High income",0.99,6332
"BRN",2020,"Rubella","Rubella",9.64011364027675,9.83887886997318,"WPRO","High income",0.99,6332
"BRN",2021,"HPV","HPV",14.0976057871953,0,"WPRO","High income",0,3145
"BRN",2021,"HepB","HepB",59.5980239766595,59.5980239766595,"WPRO","High income",0.99,6203
"BRN",2021,"Hib","Hib3",2.05217204833897,2.05217204833897,"WPRO","High income",0.99,6203
"BRN",2021,"Measles","MCV1",33.1393733065477,33.8226593541054,"WPRO","High income",0.99,6203
"BRN",2021,"Measles","MCV2",5.83830253710057,5.89787705278527,"WPRO","High income",0.99,6203
"BRN",2021,"D","DTP3",0.503348725307879,0.503348725307879,"WPRO","High income",0.99,6203
"BRN",2021,"P","DTP3",12.688179941482,12.688179941482,"WPRO","High income",0.99,6203
"BRN",2021,"T","DTP3",1.28368081434249,1.28368081434249,"WPRO","High income",0.99,6203
"BRN",2021,"TB","BCG",1.82949929617561,1.82949929617561,"WPRO","High income",0.99,6203
"BRN",2021,"Rubella","Rubella",9.44371840029006,9.63843424359501,"WPRO","High income",0.99,6203
"BRN",2022,"HPV","HPV",14.263459972927,0,"WPRO","High income",0,3182
"BRN",2022,"HepB","HepB",58.5507590059266,58.5507590059266,"WPRO","High income",0.99,6094
"BRN",2022,"Hib","Hib3",2.01611098864706,2.01611098864706,"WPRO","High income",0.99,6094
"BRN",2022,"Measles","MCV1",32.6727504243102,32.557043516057,"WPRO","High income",0.97,6094
"BRN",2022,"Measles","MCV2",5.74438781272969,5.79423871669731,"WPRO","High income",0.99,6094
"BRN",2022,"D","DTP3",0.494503809773693,0.494503809773693,"WPRO","High income",0.99,6094
"BRN",2022,"P","DTP3",12.4652214353364,12.4652214353364,"WPRO","High income",0.99,6094
"BRN",2022,"T","DTP3",1.26112379213334,1.26112379213334,"WPRO","High income",0.99,6094
"BRN",2022,"TB","BCG",1.79735107381818,1.79735107381818,"WPRO","High income",0.99,6094
"BRN",2022,"Rubella","Rubella",9.31074500160144,9.27777203471992,"WPRO","High income",0.97,6094
"BTN",2019,"HPV","HPV",41.837514423467,41.837514423467,"SEARO","Lower middle income",0.74,6231
"BTN",2019,"HepB","HepB",41.7778853032322,41.7778853032322,"SEARO","Lower middle income",0.97,10278
"BTN",2019,"HepB","HepB_BD",14.8508436174039,14.8508436174039,"SEARO","Lower middle income",0.86,10278
"BTN",2019,"Hib","Hib3",13.8856458280286,13.8856458280286,"SEARO","Lower middle income",0.97,10278
"BTN",2019,"Measles","MCV1",92.6055331931225,92.6055331931225,"SEARO","Lower middle income",0.97,10278
"BTN",2019,"Measles","MCV2",8.97756419971719,8.97756419971719,"SEARO","Lower middle income",0.92,11323
"BTN",2019,"D","DTP3",0.739074992922466,0.739074992922466,"SEARO","Lower middle income",0.97,10278
"BTN",2019,"P","DTP3",26.2263435293875,26.2263435293875,"SEARO","Lower middle income",0.97,10278
"BTN",2019,"T","DTP3",3.42441315255511,3.42441315255511,"SEARO","Lower middle income",0.97,10278
"BTN",2019,"TB","BCG",3.54519767535708,3.54519767535708,"SEARO","Lower middle income",0.92,10278
"BTN",2019,"Rubella","Rubella",2.15001985439262,2.15001985439262,"SEARO","Lower middle income",0.97,10278
"BTN",2020,"HPV","HPV",52.4023728458512,0,"SEARO","Lower middle income",0,6417
"BTN",2020,"HepB","HepB",39.3024297525737,38.8972500644028,"SEARO","Lower middle income",0.96,9669
"BTN",2020,"HepB","HepB_BD",13.9708899529752,13.8084377442196,"SEARO","Lower middle income",0.85,9669
"BTN",2020,"Hib","Hib3",13.0628828090298,12.9282139140914,"SEARO","Lower middle income",0.96,9669
"BTN",2020,"Measles","MCV1",87.1183985643414,83.5258872833377,"SEARO","Lower middle income",0.93,9669
"BTN",2020,"Measles","MCV2",8.69927001671793,8.69927001671793,"SEARO","Lower middle income",0.92,10972
"BTN",2020,"D","DTP3",0.69528275020114,0.680947023392869,"SEARO","Lower middle income",0.95,9669
"BTN",2020,"P","DTP3",24.6723599519019,24.1636514992854,"SEARO","Lower middle income",0.95,9669
"BTN",2020,"T","DTP3",3.22150717766641,3.15508434926092,"SEARO","Lower middle income",0.95,9669
"BTN",2020,"TB","BCG",3.33513488256738,3.55264367925656,"SEARO","Lower middle income",0.98,9669
"BTN",2020,"Rubella","Rubella",2.02262521620181,1.93921799079143,"SEARO","Lower middle income",0.93,9669
"BTN",2021,"HPV","HPV",51.1774459443586,0,"SEARO","Lower middle income",0,6267
"BTN",2021,"HepB","HepB",38.9122101583812,39.3133669641377,"SEARO","Lower middle income",0.98,9573
"BTN",2021,"HepB","HepB_BD",13.832178045282,13.5104994860894,"SEARO","Lower middle income",0.84,9573
"BTN",2021,"Hib","Hib3",12.9331861754931,13.0665179917353,"SEARO","Lower middle income",0.98,9573
"BTN",2021,"Measles","MCV1",86.2534315292626,86.2534315292626,"SEARO","Lower middle income",0.97,9573
"BTN",2021,"Measles","MCV2",8.11572437943171,8.0275099840031,"SEARO","Lower middle income",0.91,10236
"BTN",2021,"D","DTP3",0.688379539525857,0.695476235809629,"SEARO","Lower middle income",0.98,9573
"BTN",2021,"P","DTP3",24.4273970234313,24.6792258587244,"SEARO","Lower middle income",0.98,9573
"BTN",2021,"T","DTP3",3.18952199935883,3.22240366945531,"SEARO","Lower middle income",0.98,9573
"BTN",2021,"TB","BCG",3.30202153592073,3.55326230495818,"SEARO","Lower middle income",0.99,9573
"BTN",2021,"Rubella","Rubella",2.00254330279242,2.00254330279242,"SEARO","Lower middle income",0.97,9573
"BTN",2022,"HPV","HPV",50.8589649499706,0,"SEARO","Lower middle income",0,6228
"BTN",2022,"HepB","HepB",38.6642581245714,39.0628587237938,"SEARO","Lower middle income",0.98,9512
"BTN",2022,"HepB","HepB_BD",14.0960121935768,15.0225533674796,"SEARO","Lower middle income",0.94,9512
"BTN",2022,"Hib","Hib3",12.8507747729333,12.9832569870872,"SEARO","Lower middle income",0.98,9512
"BTN",2022,"Measles","MCV1",85.7038170590563,85.7038170590563,"SEARO","Lower middle income",0.97,9512
"BTN",2022,"Measles","MCV2",7.70380364011536,8.05020993687131,"SEARO","Lower middle income",0.97,9630
"BTN",2022,"D","DTP3",0.683993124409272,0.691044599918646,"SEARO","Lower middle income",0.98,9512
"BTN",2022,"P","DTP3",24.2717434959656,24.5219676557178,"SEARO","Lower middle income",0.98,9512
"BTN",2022,"T","DTP3",3.16919808397589,3.20187022917152,"SEARO","Lower middle income",0.98,9512
"BTN",2022,"TB","BCG",3.31043899790993,3.53062060427893,"SEARO","Lower middle income",0.99,9512
"BTN",2022,"Rubella","Rubella",1.98978292031354,1.98978292031354,"SEARO","Lower middle income",0.97,9512
"BWA",2019,"HPV","HPV",106.477392852159,106.477392852159,"AFRO","Upper middle income",0.43,26847
"BWA",2019,"HepB","HepB",645.985462899039,645.985462899039,"AFRO","Upper middle income",0.95,60218
"BWA",2019,"Hib","Hib3",85.1206603745798,85.1206603745798,"AFRO","Upper middle income",0.95,60218
"BWA",2019,"Measles","MCV1",1234.00613828849,1234.00613828849,"AFRO","Upper middle income",0.97,60218
"BWA",2019,"Measles","MCV2",102.080248528715,102.080248528715,"AFRO","Upper middle income",0.76,60218
"BWA",2019,"PCV","PCV3",85.048456632113,85.048456632113,"AFRO","Upper middle income",0.92,60218
"BWA",2019,"Rota","Rota",24.7351119044485,24.7351119044485,"AFRO","Upper middle income",0.86,60218
"BWA",2019,"D","DTP3",8.94551083837514,8.94551083837514,"AFRO","Upper middle income",0.95,60218
"BWA",2019,"P","DTP3",302.771249694707,302.771249694707,"AFRO","Upper middle income",0.95,60218
"BWA",2019,"T","DTP3",24.3897409603936,24.3897409603936,"AFRO","Upper middle income",0.95,60218
"BWA",2019,"TB","BCG",66.7779751328921,66.7779751328921,"AFRO","Upper middle income",0.98,60218
"BWA",2019,"Rubella","Rubella",48.2936673857502,48.2936673857502,"AFRO","Upper middle income",0.97,60218
"BWA",2020,"HPV","HPV",225.748442617815,0,"AFRO","Upper middle income",0,27195
"BWA",2020,"HepB","HepB",647.60530754512,647.60530754512,"AFRO","Upper middle income",0.95,60369
"BWA",2020,"Hib","Hib3",85.3341051870373,85.3341051870373,"AFRO","Upper middle income",0.95,60369
"BWA",2020,"Measles","MCV1",1237.10047763688,1109.56434592174,"AFRO","Upper middle income",0.87,60369
"BWA",2020,"Measles","MCV2",102.336220456175,88.8709282908892,"AFRO","Upper middle income",0.66,60369
"BWA",2020,"PCV","PCV3",85.2617203896514,83.4082047290068,"AFRO","Upper middle income",0.9,60369
"BWA",2020,"Rota","Rota",24.7971365797544,24.5087977823154,"AFRO","Upper middle income",0.85,60369
"BWA",2020,"D","DTP3",8.96794220668021,8.96794220668021,"AFRO","Upper middle income",0.95,60369
"BWA",2020,"P","DTP3",303.530465522266,303.530465522266,"AFRO","Upper middle income",0.95,60369
"BWA",2020,"T","DTP3",24.4508995987579,24.4508995987579,"AFRO","Upper middle income",0.95,60369
"BWA",2020,"TB","BCG",66.9454246371113,66.9454246371113,"AFRO","Upper middle income",0.98,60369
"BWA",2020,"Rubella","Rubella",48.4147664553847,43.4235534187471,"AFRO","Upper middle income",0.87,60369
"BWA",2021,"HPV","HPV",228.006342099045,53.2014798231105,"AFRO","Upper middle income",0.21,27467
"BWA",2021,"HepB","HepB",641.758848392044,641.758848392044,"AFRO","Upper middle income",0.95,59824
"BWA",2021,"Hib","Hib3",84.5637249036644,84.5637249036644,"AFRO","Upper middle income",0.95,59824
"BWA",2021,"Measles","MCV1",1225.93216674367,1225.93216674367,"AFRO","Upper middle income",0.97,59824
"BWA",2021,"Measles","MCV2",101.412348267658,93.406110246527,"AFRO","Upper middle income",0.7,59824
"BWA",2021,"PCV","PCV3",84.4919935826418,82.655211113454,"AFRO","Upper middle income",0.9,59824
"BWA",2021,"Rota","Rota",24.5732726854384,24.2875369565379,"AFRO","Upper middle income",0.85,59824
"BWA",2021,"D","DTP3",8.88698130783079,8.88698130783079,"AFRO","Upper middle income",0.95,59824
"BWA",2021,"P","DTP3",300.790249455913,300.790249455913,"AFRO","Upper middle income",0.95,59824
"BWA",2021,"T","DTP3",24.2301614669133,24.2301614669133,"AFRO","Upper middle income",0.95,59824
"BWA",2021,"TB","BCG",66.3410539099628,66.3410539099628,"AFRO","Upper middle income",0.98,59824
"BWA",2021,"Rubella","Rubella",47.9776870318695,47.9776870318695,"AFRO","Upper middle income",0.97,59824
"BWA",2022,"HPV","HPV",231.16076049194,51.3690578870977,"AFRO","Upper middle income",0.2,27847
"BWA",2022,"HepB","HepB",636.882387465368,575.80401391503,"AFRO","Upper middle income",0.86,59293
"BWA",2022,"Hib","Hib3",83.9211600191442,75.8729425439739,"AFRO","Upper middle income",0.86,59293
"BWA",2022,"Measles","MCV1",1215.05074824038,1127.36667362509,"AFRO","Upper middle income",0.9,59293
"BWA",2022,"Measles","MCV2",106.242015849157,101.834737635933,"AFRO","Upper middle income",0.77,59293
"BWA",2022,"PCV","PCV3",84.2818137288747,61.8962901201676,"AFRO","Upper middle income",0.68,59293
"BWA",2022,"Rota","Rota",24.8703542709658,18.4079693315412,"AFRO","Upper middle income",0.65,59293
"BWA",2022,"D","DTP3",8.81945280049145,7.97364854642533,"AFRO","Upper middle income",0.86,59293
"BWA",2022,"P","DTP3",298.504668349752,269.877436699422,"AFRO","Upper middle income",0.86,59293
"BWA",2022,"T","DTP3",24.0460464587035,21.7399795350153,"AFRO","Upper middle income",0.86,59293
"BWA",2022,"TB","BCG",65.7522083024108,65.7522083024108,"AFRO","Upper middle income",0.98,59293
"BWA",2022,"Rubella","Rubella",47.5518353366649,44.12025959072,"AFRO","Upper middle income",0.9,59293
"CAF",2019,"HepB","HepB",1343.38492350073,1343.38492350073,"AFRO","Low income",0.42,201905
"CAF",2019,"Hib","Hib3",457.774659603044,457.774659603044,"AFRO","Low income",0.42,201905
"CAF",2019,"Measles","MCV1",3939.06966335337,3939.06966335337,"AFRO","Low income",0.41,201905
"CAF",2019,"MenA","MenA",6.27786726553994,6.27786726553994,"AFRO","Low income",0.54,201905
"CAF",2019,"PCV","PCV3",403.878189367441,403.878189367441,"AFRO","Low income",0.4,201905
"CAF",2019,"YF","YF",814.895516934103,814.895516934103,"AFRO","Low income",0.41,201905
"CAF",2019,"D","DTP3",12.3921458388692,12.3921458388692,"AFRO","Low income",0.42,201905
"CAF",2019,"P","DTP3",687.831043754435,687.831043754435,"AFRO","Low income",0.42,201905
"CAF",2019,"T","DTP3",43.8504846212593,43.8504846212593,"AFRO","Low income",0.42,201905
"CAF",2019,"TB","BCG",394.275040168495,394.275040168495,"AFRO","Low income",0.61,201905
"CAF",2020,"HepB","HepB",1378.82838199601,1378.82838199601,"AFRO","Low income",0.42,207232
"CAF",2020,"Hib","Hib3",469.8524467391,469.8524467391,"AFRO","Low income",0.42,207232
"CAF",2020,"Measles","MCV1",4042.99687712561,4042.99687712561,"AFRO","Low income",0.41,207232
"CAF",2020,"MenA","MenA",6.44350060262189,9.28341383118487,"AFRO","Low income",0.778,207232
"CAF",2020,"PCV","PCV3",414.533988454934,414.533988454934,"AFRO","Low income",0.4,207232
"CAF",2020,"YF","YF",836.395471956059,836.395471956059,"AFRO","Low income",0.41,207232
"CAF",2020,"D","DTP3",12.719096438823,12.719096438823,"AFRO","Low income",0.42,207232
"CAF",2020,"P","DTP3",705.978568432278,705.978568432278,"AFRO","Low income",0.42,207232
"CAF",2020,"T","DTP3",45.0074224463624,45.0074224463624,"AFRO","Low income",0.42,207232
"CAF",2020,"TB","BCG",404.677472693581,404.677472693581,"AFRO","Low income",0.61,207232
"CAF",2021,"HepB","HepB",1424.43181066629,1424.43181066629,"AFRO","Low income",0.42,214086
"CAF",2021,"Hib","Hib3",485.392366587144,485.392366587144,"AFRO","Low income",0.42,214086
"CAF",2021,"Measles","MCV1",4176.71512814774,4176.71512814774,"AFRO","Low income",0.41,214086
"CAF",2021,"MenA","MenA",6.65661321616792,9.50046630685299,"AFRO","Low income",0.7707,214086
"CAF",2021,"PCV","PCV3",428.244303256075,428.244303256075,"AFRO","Low income",0.4,214086
"CAF",2021,"YF","YF",864.058451441789,864.058451441789,"AFRO","Low income",0.41,214086
"CAF",2021,"D","DTP3",13.1397683765145,13.1397683765145,"AFRO","Low income",0.42,214086
"CAF",2021,"P","DTP3",729.328133692638,729.328133692638,"AFRO","Low income",0.42,214086
"CAF",2021,"T","DTP3",46.4959998545203,46.4959998545203,"AFRO","Low income",0.42,214086
"CAF",2021,"TB","BCG",418.061792672358,418.061792672358,"AFRO","Low income",0.61,214086
"CAF",2022,"HepB","HepB",1692.42996325222,1475.00544085638,"AFRO","Low income",0.42,221687
"CAF",2022,"Hib","Hib3",576.715978255025,502.625942712761,"AFRO","Low income",0.42,221687
"CAF",2022,"Measles","MCV1",4999.89765548267,4325.00699071256,"AFRO","Low income",0.41,221687
"CAF",2022,"MenA","MenA",7.382874878952,9.0629559735371,"AFRO","Low income",0.71,221687
"CAF",2022,"PCV","PCV3",516.684877830196,443.448870341496,"AFRO","Low income",0.4,221687
"CAF",2022,"YF","YF",1034.3544371626,894.736348592509,"AFRO","Low income",0.41,221687
"CAF",2022,"D","DTP3",15.6119356111578,13.606288277068,"AFRO","Low income",0.42,221687
"CAF",2022,"P","DTP3",866.546771324115,755.222508589631,"AFRO","Low income",0.42,221687
"CAF",2022,"T","DTP3",55.2439384854458,48.146813522365,"AFRO","Low income",0.42,221687
"CAF",2022,"TB","BCG",451.302072985791,432.904835590169,"AFRO","Low income",0.61,221687
"CAN",2019,"HPV","HPV",978.568567764052,978.568567764052,"PAHO","High income",0.83,203115
"CAN",2019,"HepB","HepB",2171.24194228998,2171.24194228998,"PAHO","High income",0.84,373560
"CAN",2019,"Hib","Hib3",46.6782088248249,46.6782088248249,"PAHO","High income",0.92,373560
"CAN",2019,"Measles","MCV1",1042.22774303432,1042.22774303432,"PAHO","High income",0.9,373560
"CAN",2019,"Measles","MCV2",146.030521168766,146.030521168766,"PAHO","High income",0.87,373560
"CAN",2019,"PCV","PCV3",52.7177469023475,52.7177469023475,"PAHO","High income",0.84,373560
"CAN",2019,"Rota","Rota",14.4061119760309,14.4061119760309,"PAHO","High income",0.84,373560
"CAN",2019,"D","DTP3",2.00719974267234,2.00719974267234,"PAHO","High income",0.91,373560
"CAN",2019,"P","DTP3",79.7583227497251,79.7583227497251,"PAHO","High income",0.91,373560
"CAN",2019,"T","DTP3",11.2061733612377,11.2061733612377,"PAHO","High income",0.91,373560
"CAN",2019,"Rubella","Rubella",247.792304964629,247.792304964629,"PAHO","High income",0.9,373560
"CAN",2020,"HPV","HPV",1701.50553566642,0,"PAHO","High income",0,205423
"CAN",2020,"HepB","HepB",2163.87776105837,2163.87776105837,"PAHO","High income",0.84,372293
"CAN",2020,"Hib","Hib3",46.5198907752986,46.5198907752986,"PAHO","High income",0.92,372293
"CAN",2020,"Measles","MCV1",1038.6928288293,1038.6928288293,"PAHO","High income",0.9,372293
"CAN",2020,"Measles","MCV2",145.535230799559,138.843955820269,"PAHO","High income",0.83,372293
"CAN",2020,"PCV","PCV3",52.538944607334,52.538944607334,"PAHO","High income",0.84,372293
"CAN",2020,"Rota","Rota",14.357250899166,14.357250899166,"PAHO","High income",0.84,372293
"CAN",2020,"D","DTP3",2.00039194185329,2.02237427088464,"PAHO","High income",0.92,372293
"CAN",2020,"P","DTP3",79.487807183487,80.3612995701188,"PAHO","High income",0.92,372293
"CAN",2020,"T","DTP3",11.1681654866026,11.2908925798619,"PAHO","High income",0.92,372293
"CAN",2020,"Rubella","Rubella",246.951870093685,246.951870093685,"PAHO","High income",0.9,372293
"CAN",2021,"HPV","HPV",1701.46084036222,0,"PAHO","High income",0,205250
"CAN",2021,"HepB","HepB",2163.63364455345,2163.63364455345,"PAHO","High income",0.84,372251
"CAN",2021,"Hib","Hib3",46.5146426631596,46.5146426631596,"PAHO","High income",0.92,372251
"CAN",2021,"Measles","MCV1",1038.5756493529,1038.5756493529,"PAHO","High income",0.9,372251
"CAN",2021,"Measles","MCV2",145.518812334281,138.828292226958,"PAHO","High income",0.83,372251
"CAN",2021,"PCV","PCV3",52.5330174594329,52.5330174594329,"PAHO","High income",0.84,372251
"CAN",2021,"Rota","Rota",14.3556311949605,14.3556311949605,"PAHO","High income",0.84,372251
"CAN",2021,"D","DTP3",2.00016626889796,2.02214611800673,"PAHO","High income",0.92,372251
"CAN",2021,"P","DTP3",79.4788398166504,80.3522336607895,"PAHO","High income",0.92,372251
"CAN",2021,"T","DTP3",11.1669055570566,11.2896188049364,"PAHO","High income",0.92,372251
"CAN",2021,"Rubella","Rubella",246.924010374206,246.924010374206,"PAHO","High income",0.9,372251
"CAN",2022,"HPV","HPV",1685.08204297692,0,"PAHO","High income",0,203107
"CAN",2022,"HepB","HepB",2225.29947960211,2156.39761064812,"PAHO","High income",0.83,375476
"CAN",2022,"Hib","Hib3",47.0459697536618,45.8976743827863,"PAHO","High income",0.9,375476
"CAN",2022,"Measles","MCV1",1053.99587912325,1070.85276712969,"PAHO","High income",0.92,375476
"CAN",2022,"Measles","MCV2",148.585074721481,133.28254893712,"PAHO","High income",0.79,375476
"CAN",2022,"PCV","PCV3",54.0302637226423,53.6189489083158,"PAHO","High income",0.85,375476
"CAN",2022,"Rota","Rota",14.7647817863817,14.997144244284,"PAHO","High income",0.87,375476
"CAN",2022,"D","DTP3",2.02628451561444,2.03966499970368,"PAHO","High income",0.92,375476
"CAN",2022,"P","DTP3",80.5166775101209,81.0483659842917,"PAHO","High income",0.92,375476
"CAN",2022,"T","DTP3",11.3127234317674,11.3874265224332,"PAHO","High income",0.92,375476
"CAN",2022,"Rubella","Rubella",250.590209344073,254.597977474948,"PAHO","High income",0.92,375476
"CHE",2019,"HPV","HPV",46.5405104371781,46.5405104371781,"EURO","High income",0.59,41513
"CHE",2019,"HepB","HepB",187.053443360443,187.053443360443,"EURO","High income",0.69,86199
"CHE",2019,"Hib","Hib3",8.44220126850542,8.44220126850542,"EURO","High income",0.95,86199
"CHE",2019,"Measles","MCV1",195.91693228423,195.91693228423,"EURO","High income",0.95,86199
"CHE",2019,"Measles","MCV2",25.4367176934018,25.4367176934018,"EURO","High income",0.9,86199
"CHE",2019,"PCV","PCV3",8.18114148146982,8.18114148146982,"EURO","High income",0.84,86199
"CHE",2019,"D","DTP3",0.479554739908421,0.479554739908421,"EURO","High income",0.96,86199
"CHE",2019,"P","DTP3",18.2648760448511,18.2648760448511,"EURO","High income",0.96,86199
"CHE",2019,"T","DTP3",2.34480835567543,2.34480835567543,"EURO","High income",0.96,86199
"CHE",2019,"Rubella","Rubella",45.8933069130205,45.8933069130205,"EURO","High income",0.95,86199
"CHE",2020,"HPV","HPV",122.191150399803,0,"EURO","High income",0,41493
"CHE",2020,"HepB","HepB",183.438192178428,191.413765751403,"EURO","High income",0.72,84533
"CHE",2020,"Hib","Hib3",8.27903571770634,8.36618346210325,"EURO","High income",0.96,84533
"CHE",2020,"Measles","MCV1",192.130373168862,196.175223130312,"EURO","High income",0.97,84533
"CHE",2020,"Measles","MCV2",24.9450928291086,25.7765959234123,"EURO","High income",0.93,84533
"CHE",2020,"PCV","PCV3",8.02302152986796,8.21404585200767,"EURO","High income",0.86,84533
"CHE",2020,"D","DTP3",0.470286207829309,0.470286207829309,"EURO","High income",0.96,84533
"CHE",2020,"P","DTP3",17.9118640204573,17.9118640204573,"EURO","High income",0.96,84533
"CHE",2020,"T","DTP3",2.29948937609846,2.29948937609846,"EURO","High income",0.96,84533
"CHE",2020,"Rubella","Rubella",45.0063099720225,45.9538112345914,"EURO","High income",0.97,84533
"CHE",2021,"HPV","HPV",123.684692802637,0,"EURO","High income",0,42190
"CHE",2021,"HepB","HepB",183.173449894991,193.792200613541,"EURO","High income",0.73,84411
"CHE",2021,"Hib","Hib3",8.26708721998876,8.26708721998876,"EURO","High income",0.95,84411
"CHE",2021,"Measles","MCV1",191.853086126801,191.853086126801,"EURO","High income",0.95,84411
"CHE",2021,"Measles","MCV2",24.9090914885061,26.0161622213286,"EURO","High income",0.94,84411
"CHE",2021,"PCV","PCV3",8.01144251780588,8.39293978055854,"EURO","High income",0.88,84411
"CHE",2021,"D","DTP3",0.469607479789902,0.469607479789902,"EURO","High income",0.96,84411
"CHE",2021,"P","DTP3",17.8860131999435,17.8860131999435,"EURO","High income",0.96,84411
"CHE",2021,"T","DTP3",2.29617069932272,2.29617069932272,"EURO","High income",0.96,84411
"CHE",2021,"Rubella","Rubella",44.9413558142783,44.9413558142783,"EURO","High income",0.95,84411
"CHE",2022,"HPV","HPV",125.726912519489,0,"EURO","High income",0,43203
"CHE",2022,"HepB","HepB",208.722852103388,208.489359987161,"EURO","High income",0.76,87228
"CHE",2022,"Hib","Hib3",8.56778956556068,8.54297999105779,"EURO","High income",0.95,87228
"CHE",2022,"Measles","MCV1",198.83144155821,200.342591378423,"EURO","High income",0.96,87228
"CHE",2022,"Measles","MCV2",26.0984824123297,26.8843847157604,"EURO","High income",0.94,87228
"CHE",2022,"PCV","PCV3",8.5464444919297,8.77158974526315,"EURO","High income",0.89,87228
"CHE",2022,"D","DTP3",0.485915525844327,0.485279421486697,"EURO","High income",0.96,87228
"CHE",2022,"P","DTP3",18.5071402891569,18.4829128834473,"EURO","High income",0.96,87228
"CHE",2022,"T","DTP3",2.37590975614126,2.37279949012003,"EURO","High income",0.96,87228
"CHE",2022,"Rubella","Rubella",46.5760272223482,46.9300122591799,"EURO","High income",0.96,87228
"CHL",2019,"HPV","HPV",638.053085655279,638.053085655279,"PAHO","High income",0.84,120565
"CHL",2019,"HepB","HepB",1566.2868908748,1566.2868908748,"PAHO","High income",0.96,224391
"CHL",2019,"HepB","HepB_BD",506.829293235616,506.829293235616,"PAHO","High income",0.65,224391
"CHL",2019,"Hib","Hib3",54.2931559985532,54.2931559985532,"PAHO","High income",0.96,224391
"CHL",2019,"Measles","MCV1",887.357954740175,887.357954740175,"PAHO","High income",0.95,224391
"CHL",2019,"Measles","MCV2",129.692683121228,129.692683121228,"PAHO","High income",0.91,224391
"CHL",2019,"PCV","PCV3",58.1393239457416,58.1393239457416,"PAHO","High income",0.95,224391
"CHL",2019,"D","DTP3",4.76021969339386,4.76021969339386,"PAHO","High income",0.96,224391
"CHL",2019,"P","DTP3",151.483135396596,151.483135396596,"PAHO","High income",0.96,224391
"CHL",2019,"T","DTP3",20.0019505637936,20.0019505637936,"PAHO","High income",0.96,224391
"CHL",2019,"TB","BCG",13.8187179562998,13.8187179562998,"PAHO","High income",0.98,224391
"CHL",2019,"Rubella","Rubella",193.073775392551,193.073775392551,"PAHO","High income",0.95,224391
"CHL",2020,"HPV","HPV",649.831362179032,581.025688536547,"PAHO","High income",0.76,121346
"CHL",2020,"HepB","HepB",1582.76706766155,1533.30559679712,"PAHO","High income",0.93,226752
"CHL",2020,"HepB","HepB_BD",512.162055963753,780.062208314023,"PAHO","High income",0.99,226752
"CHL",2020,"Hib","Hib3",54.8644183990621,53.1499053240914,"PAHO","High income",0.93,226752
"CHL",2020,"Measles","MCV1",896.694568646889,858.939007861757,"PAHO","High income",0.91,226752
"CHL",2020,"Measles","MCV2",131.057285199071,119.535765621131,"PAHO","High income",0.83,226752
"CHL",2020,"PCV","PCV3",58.7510550037426,55.0404620561378,"PAHO","High income",0.89,226752
"CHL",2020,"D","DTP3",4.81030583185798,4.65998377461242,"PAHO","High income",0.93,226752
"CHL",2020,"P","DTP3",153.077012524785,148.293355883385,"PAHO","High income",0.93,226752
"CHL",2020,"T","DTP3",20.212407334703,19.5807696054935,"PAHO","High income",0.93,226752
"CHL",2020,"TB","BCG",13.9641159138597,13.9641159138597,"PAHO","High income",0.98,226752
"CHL",2020,"Rubella","Rubella",195.105261431215,186.890303055164,"PAHO","High income",0.91,226752
"CHL",2021,"HPV","HPV",647.892781977717,449.713813372768,"PAHO","High income",0.59,120984
"CHL",2021,"HepB","HepB",1594.41696815163,1577.80845806672,"PAHO","High income",0.95,228421
"CHL",2021,"HepB","HepB_BD",515.931806490334,777.866415939273,"PAHO","High income",0.98,228421
"CHL",2021,"Hib","Hib3",55.2682459917979,54.69253509605,"PAHO","High income",0.95,228421
"CHL",2021,"Measles","MCV1",903.294657003648,874.769562571954,"PAHO","High income",0.92,228421
"CHL",2021,"Measles","MCV2",132.021927667483,84.1458440078461,"PAHO","High income",0.58,228421
"CHL",2021,"PCV","PCV3",59.1834900464379,57.314537729182,"PAHO","High income",0.92,228421
"CHL",2021,"D","DTP3",4.84571191618522,4.79523575039163,"PAHO","High income",0.95,228421
"CHL",2021,"P","DTP3",154.20373040998,152.597441551543,"PAHO","High income",0.95,228421
"CHL",2021,"T","DTP3",20.3611800372221,20.1490844118344,"PAHO","High income",0.95,228421
"CHL",2021,"TB","BCG",14.066898290466,14.066898290466,"PAHO","High income",0.98,228421
"CHL",2021,"Rubella","Rubella",196.541326741901,190.334758528999,"PAHO","High income",0.92,228421
"CHL",2022,"HPV","HPV",646.837808774239,525.080103593206,"PAHO","High income",0.69,120787
"CHL",2022,"HepB","HepB",1605.50845519701,1605.50845519701,"PAHO","High income",0.96,230010
"CHL",2022,"HepB","HepB_BD",579.431265946433,791.270235915487,"PAHO","High income",0.99,230010
"CHL",2022,"Hib","Hib3",55.6527169593577,55.6527169593577,"PAHO","High income",0.96,230010
"CHL",2022,"Measles","MCV1",910.750729456343,900.003874719623,"PAHO","High income",0.94,230010
"CHL",2022,"Measles","MCV2",134.073201977246,77.4267867871446,"PAHO","High income",0.53,230010
"CHL",2022,"PCV","PCV3",59.6720088109055,58.3405614950165,"PAHO","High income",0.93,230010
"CHL",2022,"D","DTP3",4.87942088442728,4.87942088442728,"PAHO","High income",0.96,230010
"CHL",2022,"P","DTP3",155.276441446275,155.276441446275,"PAHO","High income",0.96,230010
"CHL",2022,"T","DTP3",20.502821633569,20.502821633569,"PAHO","High income",0.96,230010
"CHL",2022,"TB","BCG",14.1647540103146,14.3092923165423,"PAHO","High income",0.99,230010
"CHL",2022,"Rubella","Rubella",198.163639417808,195.825309314911,"PAHO","High income",0.94,230010
"CHN",2019,"HepB","HepB",319789.732964167,319789.732964167,"WPRO","Upper middle income",0.99,15404965
"CHN",2019,"HepB","HepB_BD",81927.2493013424,81927.2493013424,"WPRO","Upper middle income",0.96,15404965
"CHN",2019,"Measles","MCV1",75056.1019181783,75056.1019181783,"WPRO","Upper middle income",0.99,15404965
"CHN",2019,"Measles","MCV2",10607.5907597365,10607.5907597365,"WPRO","Upper middle income",0.98,18112317
"CHN",2019,"D","DTP3",274.483646531248,274.483646531248,"WPRO","Upper middle income",0.99,15404965
"CHN",2019,"P","DTP3",12776.4713068812,12776.4713068812,"WPRO","Upper middle income",0.99,15404965
"CHN",2019,"T","DTP3",1484.5434767382,1484.5434767382,"WPRO","Upper middle income",0.99,15404965
"CHN",2019,"TB","BCG",1104.63982786382,1104.63982786382,"WPRO","Upper middle income",0.99,15404965
"CHN",2019,"Rubella","Rubella",2362.33226333049,2362.33226333049,"WPRO","Upper middle income",0.99,15404965
"CHN",2020,"HPV","HPV",2495.14168348093,0,"WPRO","Upper middle income",0,8013274
"CHN",2020,"HepB","HepB",301959.458321753,301959.458321753,"WPRO","Upper middle income",0.99,14546042
"CHN",2020,"HepB","HepB_BD",77359.29353178,76553.4675574906,"WPRO","Upper middle income",0.95,14546042
"CHN",2020,"Measles","MCV1",70871.2555243133,70871.2555243133,"WPRO","Upper middle income",0.99,14546042
"CHN",2020,"Measles","MCV2",10697.3056761501,10806.461856519,"WPRO","Upper middle income",0.99,18265504
"CHN",2020,"D","DTP3",259.179469135872,259.179469135872,"WPRO","Upper middle income",0.99,14546042
"CHN",2020,"P","DTP3",12064.1032447453,12064.1032447453,"WPRO","Upper middle income",0.99,14546042
"CHN",2020,"T","DTP3",1401.77090720166,1401.77090720166,"WPRO","Upper middle income",0.99,14546042
"CHN",2020,"TB","BCG",1043.04925918235,1043.04925918235,"WPRO","Upper middle income",0.99,14546042
"CHN",2020,"Rubella","Rubella",2230.61748730752,2230.61748730752,"WPRO","Upper middle income",0.99,14546042
"CHN",2021,"HPV","HPV",3996.98964412213,0,"WPRO","Upper middle income",0,8168704
"CHN",2021,"HepB","HepB",252813.27996831,252813.27996831,"WPRO","Upper middle income",0.99,12178564
"CHN",2021,"HepB","HepB_BD",64768.4852877208,64093.8135659737,"WPRO","Upper middle income",0.95,12178564
"CHN",2021,"Measles","MCV1",59336.4243801305,59336.4243801305,"WPRO","Upper middle income",0.99,12178564
"CHN",2021,"Measles","MCV2",9005.60318676935,9097.49709683843,"WPRO","Upper middle income",0.99,15376945
"CHN",2021,"D","DTP3",216.996056546326,216.996056546326,"WPRO","Upper middle income",0.99,12178564
"CHN",2021,"P","DTP3",10100.5794888217,10100.5794888217,"WPRO","Upper middle income",0.99,12178564
"CHN",2021,"T","DTP3",1173.62212392165,1173.62212392165,"WPRO","Upper middle income",0.99,12178564
"CHN",2021,"TB","BCG",873.285128566573,873.285128566573,"WPRO","Upper middle income",0.99,12178564
"CHN",2021,"Rubella","Rubella",1867.56767433325,1867.56767433325,"WPRO","Upper middle income",0.99,12178564
"CHN",2022,"HPV","HPV",4337.20624412622,0,"WPRO","Upper middle income",0,8125342
"CHN",2022,"HepB","HepB",224721.208686606,224721.208686606,"WPRO","Upper middle income",0.99,10825308
"CHN",2022,"HepB","HepB_BD",57913.9948588638,56971.8460030463,"WPRO","Upper middle income",0.95,10825308
"CHN",2022,"Measles","MCV1",52743.0877346149,52743.0877346149,"WPRO","Upper middle income",0.99,10825308
"CHN",2022,"Measles","MCV2",8518.02389118722,8591.9449433231,"WPRO","Upper middle income",0.99,14522441
"CHN",2022,"D","DTP3",192.88391857196,192.88391857196,"WPRO","Upper middle income",0.99,10825308
"CHN",2022,"P","DTP3",8978.22468601201,8978.22468601201,"WPRO","Upper middle income",0.99,10825308
"CHN",2022,"T","DTP3",1043.21174212871,1043.21174212871,"WPRO","Upper middle income",0.99,10825308
"CHN",2022,"TB","BCG",776.247551727179,776.247551727179,"WPRO","Upper middle income",0.99,10825308
"CHN",2022,"Rubella","Rubella",1660.04754628716,1660.04754628716,"WPRO","Upper middle income",0.99,10825308
"CIV",2019,"HepB","HepB",4751.68208102588,4751.68208102588,"AFRO","Lower middle income",0.81,852002
"CIV",2019,"Hib","Hib3",1593.28491281638,1593.28491281638,"AFRO","Lower middle income",0.81,852002
"CIV",2019,"Measles","MCV1",19974.2786217968,19974.2786217968,"AFRO","Lower middle income",0.73,852002
"CIV",2019,"MenA","MenA",103.474136532594,103.474136532594,"AFRO","Lower middle income",0.89,852002
"CIV",2019,"PCV","PCV3",1336.0718888779,1336.0718888779,"AFRO","Lower middle income",0.74,852002
"CIV",2019,"Rota","Rota",483.595559052036,483.595559052036,"AFRO","Lower middle income",0.6,852002
"CIV",2019,"YF","YF",9800.96568392459,9800.96568392459,"AFRO","Lower middle income",0.7,852002
"CIV",2019,"D","DTP3",68.295831586702,68.295831586702,"AFRO","Lower middle income",0.81,852002
"CIV",2019,"P","DTP3",4409.68577012829,4409.68577012829,"AFRO","Lower middle income",0.81,852002
"CIV",2019,"T","DTP3",282.867078181026,282.867078181026,"AFRO","Lower middle income",0.81,852002
"CIV",2019,"TB","BCG",1363.80632564359,1363.80632564359,"AFRO","Lower middle income",0.97,852002
"CIV",2019,"Rubella","Rubella",257.083992058246,257.083992058246,"AFRO","Lower middle income",0.73,852002
"CIV",2020,"HPV","HPV",5107.04548086821,0,"AFRO","Lower middle income",0,350734
"CIV",2020,"HepB","HepB",4815.58424708229,4458.87430285397,"AFRO","Lower middle income",0.75,863460
"CIV",2020,"Hib","Hib3",1614.71192652181,1495.10363566834,"AFRO","Lower middle income",0.75,863460
"CIV",2020,"Measles","MCV1",20242.8992171106,18301.7992921822,"AFRO","Lower middle income",0.66,863460
"CIV",2020,"MenA","MenA",104.865690374475,100.282234918782,"AFRO","Lower middle income",0.8511,863460
"CIV",2020,"PCV","PCV3",1354.03981818178,1171.06146437343,"AFRO","Lower middle income",0.64,863460
"CIV",2020,"Rota","Rota",490.099109414146,530.940701865325,"AFRO","Lower middle income",0.65,863460
"CIV",2020,"YF","YF",9932.77225809508,9081.39177882979,"AFRO","Lower middle income",0.64,863460
"CIV",2020,"D","DTP3",69.2142961423256,64.0873112428941,"AFRO","Lower middle income",0.75,863460
"CIV",2020,"P","DTP3",4468.98865856533,4137.95246163456,"AFRO","Lower middle income",0.75,863460
"CIV",2020,"T","DTP3",286.671166647717,265.436265414553,"AFRO","Lower middle income",0.75,863460
"CIV",2020,"TB","BCG",1382.1472366734,1296.65359316783,"AFRO","Lower middle income",0.91,863460
"CIV",2020,"Rubella","Rubella",260.541341197102,235.557924917928,"AFRO","Lower middle income",0.66,863460
"CIV",2021,"HPV","HPV",5260.00901670027,0,"AFRO","Lower middle income",0,361239
"CIV",2021,"HepB","HepB",4891.21500933495,4589.28815690687,"AFRO","Lower middle income",0.76,877021
"CIV",2021,"Hib","Hib3",1640.07165185427,1538.83266099906,"AFRO","Lower middle income",0.76,877021
"CIV",2021,"Measles","MCV1",20560.8224055423,19152.5468983134,"AFRO","Lower middle income",0.68,877021
"CIV",2021,"MenA","MenA",106.512649848183,102.970206662221,"AFRO","Lower middle income",0.8604,877021
"CIV",2021,"PCV","PCV3",1375.30557916012,1059.35700016388,"AFRO","Lower middle income",0.57,877021
"CIV",2021,"Rota","Rota",497.796320660487,481.203109971804,"AFRO","Lower middle income",0.58,877021
"CIV",2021,"YF","YF",10088.7705957043,9368.14412458253,"AFRO","Lower middle income",0.65,877021
"CIV",2021,"D","DTP3",70.3013355766782,65.9617469608338,"AFRO","Lower middle income",0.76,877021
"CIV",2021,"P","DTP3",4539.1759923142,4258.97994340592,"AFRO","Lower middle income",0.76,877021
"CIV",2021,"T","DTP3",291.173457073342,273.199786883629,"AFRO","Lower middle income",0.76,877021
"CIV",2021,"TB","BCG",1403.8544364007,1345.96353180685,"AFRO","Lower middle income",0.93,877021
"CIV",2021,"Rubella","Rubella",264.633251798605,246.50768660692,"AFRO","Lower middle income",0.68,877021
"CIV",2022,"HPV","HPV",5686.48161628869,0,"AFRO","Lower middle income",0,366421
"CIV",2022,"HepB","HepB",5085.01922283796,4670.73168092066,"AFRO","Lower middle income",0.76,892585
"CIV",2022,"Hib","Hib3",1705.05607719021,1566.14146151329,"AFRO","Lower middle income",0.76,892585
"CIV",2022,"Measles","MCV1",21904.145974709,18632.4759806882,"AFRO","Lower middle income",0.65,892585
"CIV",2022,"MenA","MenA",108.868656166034,103.896233956557,"AFRO","Lower middle income",0.853,892585
"CIV",2022,"PCV","PCV3",1460.07899082521,1153.81694229906,"AFRO","Lower middle income",0.61,892585
"CIV",2022,"Rota","Rota",561.937240264568,548.849635622335,"AFRO","Lower middle income",0.65,892585
"CIV",2022,"YF","YF",10868.8586587275,8800.98030117216,"AFRO","Lower middle income",0.6,892585
"CIV",2022,"D","DTP3",73.0868796641178,67.1323331038092,"AFRO","Lower middle income",0.76,892585
"CIV",2022,"P","DTP3",4719.03139254978,4334.56167273642,"AFRO","Lower middle income",0.76,892585
"CIV",2022,"T","DTP3",302.710599221735,278.04811033661,"AFRO","Lower middle income",0.76,892585
"CIV",2022,"TB","BCG",1428.76785403624,1355.1200265086,"AFRO","Lower middle income",0.92,892585
"CIV",2022,"Rubella","Rubella",281.922836685563,239.813982659555,"AFRO","Lower middle income",0.65,892585
"CMR",2019,"HepB","HepB",4472.48246019025,4472.48246019025,"AFRO","Lower middle income",0.67,883343
"CMR",2019,"Hib","Hib3",2361.06800376956,2361.06800376956,"AFRO","Lower middle income",0.67,883343
"CMR",2019,"Measles","MCV1",15018.7788449418,15018.7788449418,"AFRO","Lower middle income",0.6,883343
"CMR",2019,"PCV","PCV3",2348.74193783455,2348.74193783455,"AFRO","Lower middle income",0.67,883343
"CMR",2019,"Rota","Rota",886.33336281337,886.33336281337,"AFRO","Lower middle income",0.65,883343
"CMR",2019,"YF","YF",16082.38789699,16082.38789699,"AFRO","Lower middle income",0.59,883343
"CMR",2019,"D","DTP3",57.4158208917101,57.4158208917101,"AFRO","Lower middle income",0.67,883343
"CMR",2019,"P","DTP3",4140.60480871792,4140.60480871792,"AFRO","Lower middle income",0.67,883343
"CMR",2019,"T","DTP3",228.979223048364,228.979223048364,"AFRO","Lower middle income",0.67,883343
"CMR",2019,"TB","BCG",1379.3602760999,1379.3602760999,"AFRO","Lower middle income",0.8,883343
"CMR",2019,"Rubella","Rubella",304.858299536429,304.858299536429,"AFRO","Lower middle income",0.6,883343
"CMR",2020,"HPV","HPV",4477.46625871487,0,"AFRO","Lower middle income",0,351466
"CMR",2020,"HepB","HepB",4531.36668864059,4666.63136591345,"AFRO","Lower middle income",0.69,894973
"CMR",2020,"Hib","Hib3",2392.15357402239,2463.56114339619,"AFRO","Lower middle income",0.69,894973
"CMR",2020,"Measles","MCV1",15216.5144900612,15723.7316397299,"AFRO","Lower middle income",0.62,894973
"CMR",2020,"PCV","PCV3",2379.66522441407,2450.7000072324,"AFRO","Lower middle income",0.69,894973
"CMR",2020,"Rota","Rota",898.002733612164,925.633586954077,"AFRO","Lower middle income",0.67,894973
"CMR",2020,"YF","YF",16294.1269057805,16570.2985482513,"AFRO","Lower middle income",0.6,894973
"CMR",2020,"D","DTP3",58.1717514837571,59.9082216773021,"AFRO","Lower middle income",0.69,894973
"CMR",2020,"P","DTP3",4195.11957130209,4320.34702119171,"AFRO","Lower middle income",0.69,894973
"CMR",2020,"T","DTP3",231.993939148511,238.9191313619,"AFRO","Lower middle income",0.69,894973
"CMR",2020,"TB","BCG",1397.5207868087,1397.5207868087,"AFRO","Lower middle income",0.8,894973
"CMR",2020,"Rubella","Rubella",308.872031488353,319.167765871299,"AFRO","Lower middle income",0.62,894973
"CMR",2021,"HPV","HPV",4563.02407481523,330.653918464872,"AFRO","Lower middle income",0.05,358182
"CMR",2021,"HepB","HepB",4577.54245506081,4714.18551342084,"AFRO","Lower middle income",0.69,904093
"CMR",2021,"Hib","Hib3",2416.53022068668,2488.66545115494,"AFRO","Lower middle income",0.69,904093
"CMR",2021,"Measles","MCV1",15371.5746004214,15883.9604204354,"AFRO","Lower middle income",0.62,904093
"CMR",2021,"PCV","PCV3",2403.91461165442,2403.91461165442,"AFRO","Lower middle income",0.67,904093
"CMR",2021,"Rota","Rota",907.1536073598,907.1536073598,"AFRO","Lower middle income",0.65,904093
"CMR",2021,"YF","YF",16460.1681577297,15902.1963557727,"AFRO","Lower middle income",0.57,904093
"CMR",2021,"D","DTP3",58.7645362644509,60.5187015260763,"AFRO","Lower middle income",0.69,904093
"CMR",2021,"P","DTP3",4237.86889501384,4364.37244411873,"AFRO","Lower middle income",0.69,904093
"CMR",2021,"T","DTP3",234.358015746391,241.353777410463,"AFRO","Lower middle income",0.69,904093
"CMR",2021,"TB","BCG",1411.76187517192,1358.82080485297,"AFRO","Lower middle income",0.77,904093
"CMR",2021,"Rubella","Rubella",312.019515185821,322.420165692015,"AFRO","Lower middle income",0.62,904093
"CMR",2022,"HPV","HPV",5785.78684779005,470.936138773609,"AFRO","Lower middle income",0.07,364388
"CMR",2022,"HepB","HepB",4819.96428680206,4697.82139431331,"AFRO","Lower middle income",0.68,914204
"CMR",2022,"Hib","Hib3",2544.50711840159,2480.02666981179,"AFRO","Lower middle income",0.68,914204
"CMR",2022,"Measles","MCV1",16613.4203319623,16838.7742206874,"AFRO","Lower middle income",0.65,914204
"CMR",2022,"PCV","PCV3",2531.22339998964,2430.79899261792,"AFRO","Lower middle income",0.67,914204
"CMR",2022,"Rota","Rota",961.677716925849,860.849676785774,"AFRO","Lower middle income",0.61,914204
"CMR",2022,"YF","YF",17866.9247295591,16362.1458675722,"AFRO","Lower middle income",0.58,914204
"CMR",2022,"D","DTP3",61.87664427055,60.3086259494605,"AFRO","Lower middle income",0.68,914204
"CMR",2022,"P","DTP3",4462.30197243352,4349.22261382422,"AFRO","Lower middle income",0.68,914204
"CMR",2022,"T","DTP3",246.76936965916,240.515977975257,"AFRO","Lower middle income",0.68,914204
"CMR",2022,"TB","BCG",1438.77783294214,1159.88472654954,"AFRO","Lower middle income",0.65,914204
"CMR",2022,"Rubella","Rubella",337.22708911129,341.801429277021,"AFRO","Lower middle income",0.65,914204
"COD",2019,"HepB","HepB",19972.2061464112,19972.2061464112,"AFRO","Low income",0.73,3578038
"COD",2019,"Hib","Hib3",11634.9685605559,11634.9685605559,"AFRO","Low income",0.73,3578038
"COD",2019,"Measles","MCV1",82852.7534198261,82852.7534198261,"AFRO","Low income",0.65,3578038
"COD",2019,"PCV","PCV3",10676.8782407561,10676.8782407561,"AFRO","Low income",0.72,3578038
"COD",2019,"YF","YF",36455.2258605729,36455.2258605729,"AFRO","Low income",0.65,3578038
"COD",2019,"D","DTP3",239.734447341852,239.734447341852,"AFRO","Low income",0.73,3578038
"COD",2019,"P","DTP3",17427.6724751946,17427.6724751946,"AFRO","Low income",0.73,3578038
"COD",2019,"T","DTP3",1006.92210461942,1006.92210461942,"AFRO","Low income",0.73,3578038
"COD",2019,"TB","BCG",5782.85853114159,5782.85853114159,"AFRO","Low income",0.84,3578038
"COD",2020,"HepB","HepB",20477.0878849346,19635.5637252797,"AFRO","Low income",0.7,3668488
"COD",2020,"Hib","Hib3",11929.0914587202,11438.8548234304,"AFRO","Low income",0.7,3668488
"COD",2020,"Measles","MCV1",84947.2061748899,81026.565889895,"AFRO","Low income",0.62,3668488
"COD",2020,"PCV","PCV3",10946.7813655626,10490.6654753309,"AFRO","Low income",0.69,3668488
"COD",2020,"YF","YF",37376.7854357056,36226.7304992223,"AFRO","Low income",0.63,3668488
"COD",2020,"D","DTP3",245.794746523155,235.69359255645,"AFRO","Low income",0.7,3668488
"COD",2020,"P","DTP3",17868.2303941942,17133.9195560766,"AFRO","Low income",0.7,3668488
"COD",2020,"T","DTP3",1032.3763072754,989.949883688744,"AFRO","Low income",0.7,3668488
"COD",2020,"TB","BCG",5929.04466838825,5858.46080328839,"AFRO","Low income",0.83,3668488
"COD",2021,"HepB","HepB",20996.3374022857,18695.3689198434,"AFRO","Low income",0.65,3761512
"COD",2021,"Hib","Hib3",12231.5844214493,10891.1368136192,"AFRO","Low income",0.65,3761512
"COD",2021,"Measles","MCV1",87101.262262088,73701.0680679206,"AFRO","Low income",0.55,3761512
"COD",2021,"PCV","PCV3",11224.3653156124,9821.31965116084,"AFRO","Low income",0.63,3761512
"COD",2021,"YF","YF",38324.5704873048,33018.0914967549,"AFRO","Low income",0.56,3761512
"COD",2021,"D","DTP3",252.027507949816,224.408055023809,"AFRO","Low income",0.65,3761512
"COD",2021,"P","DTP3",18321.3255833265,16313.5090810441,"AFRO","Low income",0.65,3761512
"COD",2021,"T","DTP3",1058.55487828558,942.548864226889,"AFRO","Low income",0.65,3761512
"COD",2021,"TB","BCG",6079.39092854561,4849.03800253042,"AFRO","Low income",0.67,3761512
"COD",2022,"HepB","HepB",22332.3801412138,19210.3187014863,"AFRO","Low income",0.65,3865120
"COD",2022,"Hib","Hib3",13009.9068135292,11191.1249308937,"AFRO","Low income",0.65,3865120
"COD",2022,"Measles","MCV1",95316.2517570891,77108.0374245934,"AFRO","Low income",0.56,3865120
"COD",2022,"PCV","PCV3",11975.8029668655,10252.028408595,"AFRO","Low income",0.64,3865120
"COD",2022,"YF","YF",41939.1672885119,33321.7007232281,"AFRO","Low income",0.55,3865120
"COD",2022,"D","DTP3",268.064567916753,230.589204988213,"AFRO","Low income",0.65,3865120
"COD",2022,"P","DTP3",19487.1514863945,16762.8523368595,"AFRO","Low income",0.65,3865120
"COD",2022,"T","DTP3",1125.91303374828,968.510659038342,"AFRO","Low income",0.65,3865120
"COD",2022,"TB","BCG",6295.36371348603,5726.27288625651,"AFRO","Low income",0.77,3865120
"COG",2019,"HepB","HepB",1492.31577740903,1492.31577740903,"AFRO","Lower middle income",0.79,170867
"COG",2019,"Hib","Hib3",312.371274518005,312.371274518005,"AFRO","Lower middle income",0.79,170867
"COG",2019,"Measles","MCV1",1685.66905901226,1685.66905901226,"AFRO","Lower middle income",0.73,170867
"COG",2019,"PCV","PCV3",262.683031198769,262.683031198769,"AFRO","Lower middle income",0.68,170867
"COG",2019,"Rota","Rota",102.981689148788,102.981689148788,"AFRO","Lower middle income",0.71,170867
"COG",2019,"YF","YF",733.63249575181,733.63249575181,"AFRO","Lower middle income",0.71,170867
"COG",2019,"D","DTP3",63.8785703469088,63.8785703469088,"AFRO","Lower middle income",0.79,170867
"COG",2019,"P","DTP3",1724.22309190927,1724.22309190927,"AFRO","Lower middle income",0.79,170867
"COG",2019,"T","DTP3",122.10958529589,122.10958529589,"AFRO","Lower middle income",0.79,170867
"COG",2019,"TB","BCG",615.276954114203,615.276954114203,"AFRO","Lower middle income",0.8,170867
"COG",2020,"HepB","HepB",1495.60841465369,1382.01790214835,"AFRO","Lower middle income",0.73,171244
"COG",2020,"Hib","Hib3",313.060488763548,289.283742781507,"AFRO","Lower middle income",0.73,171244
"COG",2020,"Measles","MCV1",1689.38830986379,1573.67678179093,"AFRO","Lower middle income",0.68,171244
"COG",2020,"PCV","PCV3",263.262613580164,274.877140649877,"AFRO","Lower middle income",0.71,171244
"COG",2020,"Rota","Rota",103.208907375883,87.2187949655352,"AFRO","Lower middle income",0.6,171244
"COG",2020,"YF","YF",735.251178416681,714.539877616211,"AFRO","Lower middle income",0.69,171244
"COG",2020,"D","DTP3",64.0195116698137,59.1572702771696,"AFRO","Lower middle income",0.73,171244
"COG",2020,"P","DTP3",1728.0274081649,1596.78482020301,"AFRO","Lower middle income",0.73,171244
"COG",2020,"T","DTP3",122.37900720683,113.084399064539,"AFRO","Lower middle income",0.73,171244
"COG",2020,"TB","BCG",616.634497769215,554.971047992294,"AFRO","Lower middle income",0.72,171244
"COG",2021,"HepB","HepB",1508.92743799084,1470.72674335816,"AFRO","Lower middle income",0.77,172769
"COG",2021,"Hib","Hib3",315.848424372179,307.852261729846,"AFRO","Lower middle income",0.77,172769
"COG",2021,"Measles","MCV1",1704.43302484675,1587.69103684355,"AFRO","Lower middle income",0.68,172769
"COG",2021,"PCV","PCV3",265.607078120293,292.948983220911,"AFRO","Lower middle income",0.75,172769
"COG",2021,"Rota","Rota",104.128026199014,33.7316141208074,"AFRO","Lower middle income",0.23,172769
"COG",2021,"YF","YF",741.798900071661,700.00741274368,"AFRO","Lower middle income",0.67,172769
"COG",2021,"D","DTP3",64.589632405702,62.9544518384691,"AFRO","Lower middle income",0.77,172769
"COG",2021,"P","DTP3",1743.41622060476,1699.27910109578,"AFRO","Lower middle income",0.77,172769
"COG",2021,"T","DTP3",123.468843849226,120.343050334055,"AFRO","Lower middle income",0.77,172769
"COG",2021,"TB","BCG",622.125887885646,629.902461484217,"AFRO","Lower middle income",0.81,172769
"COG",2022,"HPV","HPV",732.809464075552,0,"AFRO","Lower middle income",0,81930
"COG",2022,"HepB","HepB",1550.41517232155,1503.08962078961,"AFRO","Lower middle income",0.78,174307
"COG",2022,"Hib","Hib3",324.532629582587,314.6264535084,"AFRO","Lower middle income",0.78,174307
"COG",2022,"Measles","MCV1",1779.99952989059,1531.15601836767,"AFRO","Lower middle income",0.65,174307
"COG",2022,"PCV","PCV3",282.080133067251,299.497590407989,"AFRO","Lower middle income",0.76,174307
"COG",2022,"Rota","Rota",109.436631155511,66.5841423380858,"AFRO","Lower middle income",0.45,174307
"COG",2022,"YF","YF",779.616934863926,642.993644233601,"AFRO","Lower middle income",0.61,174307
"COG",2022,"D","DTP3",66.3655146928809,64.3397446658507,"AFRO","Lower middle income",0.78,174307
"COG",2022,"P","DTP3",1791.35118895858,1736.67120096677,"AFRO","Lower middle income",0.78,174307
"COG",2022,"T","DTP3",126.863601252907,122.991161144086,"AFRO","Lower middle income",0.78,174307
"COG",2022,"TB","BCG",637.748793029819,525.668675251259,"AFRO","Lower middle income",0.67,174307
"COL",2019,"HepB","HepB",1240.1697792559,1240.1697792559,"PAHO","Upper middle income",0.92,727925
"COL",2019,"HepB","HepB_BD",266.145301943204,266.145301943204,"PAHO","Upper middle income",0.81,727925
"COL",2019,"Hib","Hib3",325.955802222753,325.955802222753,"PAHO","Upper middle income",0.92,727925
"COL",2019,"Measles","MCV1",6740.68449731091,6740.68449731091,"PAHO","Upper middle income",0.95,727925
"COL",2019,"Measles","MCV2",625.509196558824,625.509196558824,"PAHO","Upper middle income",0.89,732998
"COL",2019,"PCV","PCV3",341.800316780197,341.800316780197,"PAHO","Upper middle income",0.93,727925
"COL",2019,"Rota","Rota",68.6057402560159,68.6057402560159,"PAHO","Upper middle income",0.95,727925
"COL",2019,"YF","YF",762.574830930172,762.574830930172,"PAHO","Upper middle income",0.9,727925
"COL",2019,"D","DTP3",20.5625319478719,20.5625319478719,"PAHO","Upper middle income",0.94,727925
"COL",2019,"P","DTP3",745.262319500774,745.262319500774,"PAHO","Upper middle income",0.94,727925
"COL",2019,"T","DTP3",107.102536191778,107.102536191778,"PAHO","Upper middle income",0.94,727925
"COL",2019,"TB","BCG",66.3697524213866,66.3697524213866,"PAHO","Upper middle income",0.9,727925
"COL",2019,"Rubella","Rubella",409.835999620978,409.835999620978,"PAHO","Upper middle income",0.95,727925
"COL",2020,"HPV","HPV",763.795835436347,180.899013655977,"PAHO","Upper middle income",0.09,363262
"COL",2020,"HepB","HepB",1248.50941736348,1194.22639921724,"PAHO","Upper middle income",0.88,732820
"COL",2020,"HepB","HepB_BD",267.935021011805,291.08989937085,"PAHO","Upper middle income",0.88,732820
"COL",2020,"Hib","Hib3",328.147722615486,313.880430327856,"PAHO","Upper middle income",0.88,732820
"COL",2020,"Measles","MCV1",6786.01286302762,6428.85429128933,"PAHO","Upper middle income",0.9,732820
"COL",2020,"Measles","MCV2",626.418022086772,619.379617344224,"PAHO","Upper middle income",0.88,734063
"COL",2020,"PCV","PCV3",344.098785098553,329.298837352379,"PAHO","Upper middle income",0.89,732820
"COL",2020,"Rota","Rota",69.0670859970651,63.2509103341543,"PAHO","Upper middle income",0.87,732820
"COL",2020,"YF","YF",767.702836971183,716.522647839771,"PAHO","Upper middle income",0.84,732820
"COL",2020,"D","DTP3",20.700806624363,19.3794785419569,"PAHO","Upper middle income",0.88,732820
"COL",2020,"P","DTP3",750.273905933382,702.3840821504,"PAHO","Upper middle income",0.88,732820
"COL",2020,"T","DTP3",107.822757251172,100.940453596841,"PAHO","Upper middle income",0.88,732820
"COL",2020,"TB","BCG",66.8160620523276,66.0736613628573,"PAHO","Upper middle income",0.89,732820
"COL",2020,"Rubella","Rubella",412.591980275777,390.876612892841,"PAHO","Upper middle income",0.9,732820
"COL",2021,"HPV","HPV",821.427635212834,220.383024081492,"PAHO","Upper middle income",0.11,362086
"COL",2021,"HepB","HepB",1243.66237539902,1162.55395961212,"PAHO","Upper middle income",0.86,729975
"COL",2021,"HepB","HepB_BD",266.894826782965,286.664813952074,"PAHO","Upper middle income",0.87,729975
"COL",2021,"Hib","Hib3",326.873766840751,305.555912481572,"PAHO","Upper middle income",0.86,729975
"COL",2021,"Measles","MCV1",6759.66777610953,6119.27819732021,"PAHO","Upper middle income",0.86,729975
"COL",2021,"Measles","MCV2",626.410341871043,605.295386527075,"PAHO","Upper middle income",0.86,734054
"COL",2021,"PCV","PCV3",342.762903103513,309.592299577366,"PAHO","Upper middle income",0.84,729975
"COL",2021,"Rota","Rota",68.7989494019099,62.2811541954131,"PAHO","Upper middle income",0.86,729975
"COL",2021,"YF","YF",764.722412622526,730.734749839302,"PAHO","Upper middle income",0.86,729975
"COL",2021,"D","DTP3",20.6204406479346,18.8655095289614,"PAHO","Upper middle income",0.86,729975
"COL",2021,"P","DTP3",747.361145279496,683.755941425922,"PAHO","Upper middle income",0.86,729975
"COL",2021,"T","DTP3",107.404160945968,98.2633812909916,"PAHO","Upper middle income",0.86,729975
"COL",2021,"TB","BCG",66.5566645242322,64.3381090400911,"PAHO","Upper middle income",0.87,729975
"COL",2021,"Rubella","Rubella",410.9901896807,372.054276974107,"PAHO","Upper middle income",0.86,729975
"COL",2022,"HPV","HPV",1020.93490831564,220.201646891608,"PAHO","Upper middle income",0.11,361788
"COL",2022,"HepB","HepB",1245.90869994999,1170.65063450974,"PAHO","Upper middle income",0.87,726610
"COL",2022,"HepB","HepB_BD",275.57090168583,278.783744201378,"PAHO","Upper middle income",0.85,726610
"COL",2022,"Hib","Hib3",327.46417190731,307.683974466097,"PAHO","Upper middle income",0.87,726610
"COL",2022,"Measles","MCV1",6737.1797166149,6232.72266132124,"PAHO","Upper middle income",0.88,726610
"COL",2022,"Measles","MCV2",636.886572527991,593.310414675892,"PAHO","Upper middle income",0.84,736651
"COL",2022,"PCV","PCV3",342.731019077366,311.833790257859,"PAHO","Upper middle income",0.85,726610
"COL",2022,"Rota","Rota",68.5700690902492,61.273192746231,"PAHO","Upper middle income",0.85,726610
"COL",2022,"YF","YF",769.384244493996,634.33102987049,"PAHO","Upper middle income",0.75,726610
"COL",2022,"D","DTP3",20.5830994233723,18.9968994710549,"PAHO","Upper middle income",0.87,726610
"COL",2022,"P","DTP3",746.00776099293,688.51799958354,"PAHO","Upper middle income",0.87,726610
"COL",2022,"T","DTP3",107.209664477086,98.9477423445805,"PAHO","Upper middle income",0.87,726610
"COL",2022,"TB","BCG",66.9624012658477,64.0415266408036,"PAHO","Upper middle income",0.87,726610
"COL",2022,"Rubella","Rubella",409.622907716057,378.951740477091,"PAHO","Upper middle income",0.88,726610
"COM",2019,"HepB","HepB",192.324256403053,192.324256403053,"AFRO","Lower middle income",0.91,23060
"COM",2019,"Hib","Hib3",89.8085924445472,89.8085924445472,"AFRO","Lower middle income",0.91,23060
"COM",2019,"Measles","MCV1",544.089895439894,544.089895439894,"AFRO","Lower middle income",0.9,23060
"COM",2019,"D","DTP3",5.19584101936039,5.19584101936039,"AFRO","Lower middle income",0.91,23060
"COM",2019,"P","DTP3",163.310373351264,163.310373351264,"AFRO","Lower middle income",0.91,23060
"COM",2019,"T","DTP3",14.6501049855181,14.6501049855181,"AFRO","Lower middle income",0.91,23060
"COM",2019,"TB","BCG",46.296109805866,46.296109805866,"AFRO","Lower middle income",0.94,23060
"COM",2020,"HepB","HepB",193.233334631498,193.233334631498,"AFRO","Lower middle income",0.91,23169
"COM",2020,"Hib","Hib3",90.2330996681576,90.2330996681576,"AFRO","Lower middle income",0.91,23169
"COM",2020,"Measles","MCV1",546.661699368903,546.661699368903,"AFRO","Lower middle income",0.9,23169
"COM",2020,"D","DTP3",5.22040071888815,5.22040071888815,"AFRO","Lower middle income",0.91,23169
"COM",2020,"P","DTP3",164.082308767365,164.082308767365,"AFRO","Lower middle income",0.91,23169
"COM",2020,"T","DTP3",14.7193530966812,14.7193530966812,"AFRO","Lower middle income",0.91,23169
"COM",2020,"TB","BCG",46.5149422416353,46.5149422416353,"AFRO","Lower middle income",0.94,23169
"COM",2021,"HepB","HepB",193.725404498271,193.725404498271,"AFRO","Lower middle income",0.91,23228
"COM",2021,"Hib","Hib3",90.4628788075431,90.4628788075431,"AFRO","Lower middle income",0.91,23228
"COM",2021,"Measles","MCV1",548.053776724972,548.053776724972,"AFRO","Lower middle income",0.9,23228
"COM",2021,"D","DTP3",5.23369450120135,5.23369450120135,"AFRO","Lower middle income",0.91,23228
"COM",2021,"P","DTP3",164.500145368741,164.500145368741,"AFRO","Lower middle income",0.91,23228
"COM",2021,"T","DTP3",14.7568360192374,14.7568360192374,"AFRO","Lower middle income",0.91,23228
"COM",2021,"TB","BCG",46.6333928261343,46.6333928261343,"AFRO","Lower middle income",0.94,23228
"COM",2022,"HepB","HepB",194.830053472794,187.89535265153,"AFRO","Lower middle income",0.88,23297
"COM",2022,"Hib","Hib3",90.9787106188947,87.7404517979348,"AFRO","Lower middle income",0.88,23297
"COM",2022,"Measles","MCV1",552.054930304118,525.251497200268,"AFRO","Lower middle income",0.86,23297
"COM",2022,"D","DTP3",5.26353774906392,5.07618955046435,"AFRO","Lower middle income",0.88,23297
"COM",2022,"P","DTP3",165.43814788504,159.549610467137,"AFRO","Lower middle income",0.88,23297
"COM",2022,"T","DTP3",14.8409815334413,14.3127377384321,"AFRO","Lower middle income",0.88,23297
"COM",2022,"TB","BCG",46.7719197808873,44.7816253221261,"AFRO","Lower middle income",0.9,23297
"CPV",2019,"HepB","HepB",158.989239874006,158.989239874006,"AFRO","Lower middle income",0.97,10047
"CPV",2019,"HepB","HepB_BD",51.2758894790878,51.2758894790878,"AFRO","Lower middle income",0.96,10047
"CPV",2019,"Hib","Hib3",9.57239858031456,9.57239858031456,"AFRO","Lower middle income",0.97,10047
"CPV",2019,"Measles","MCV1",164.542434681241,164.542434681241,"AFRO","Lower middle income",0.98,10047
"CPV",2019,"Measles","MCV2",12.6490973643539,12.6490973643539,"AFRO","Lower middle income",0.91,10553
"CPV",2019,"D","DTP3",0.555211797381552,0.555211797381552,"AFRO","Lower middle income",0.96,10047
"CPV",2019,"P","DTP3",18.0542805637229,18.0542805637229,"AFRO","Lower middle income",0.96,10047
"CPV",2019,"T","DTP3",2.32019659061249,2.32019659061249,"AFRO","Lower middle income",0.96,10047
"CPV",2019,"TB","BCG",2.16013964764879,2.16013964764879,"AFRO","Lower middle income",0.98,10047
"CPV",2019,"Rubella","Rubella",2.59193024278502,2.59193024278502,"AFRO","Lower middle income",0.98,10047
"CPV",2020,"HepB","HepB",157.549205950592,152.67655009645,"AFRO","Lower middle income",0.94,9956
"CPV",2020,"HepB","HepB_BD",50.8114616954114,50.8114616954114,"AFRO","Lower middle income",0.96,9956
"CPV",2020,"Hib","Hib3",9.48569724948858,9.19232516960749,"AFRO","Lower middle income",0.94,9956
"CPV",2020,"Measles","MCV1",163.052103084148,158.060712173409,"AFRO","Lower middle income",0.95,9956
"CPV",2020,"Measles","MCV2",12.6215289724862,11.9280383696023,"AFRO","Lower middle income",0.86,10530
"CPV",2020,"D","DTP3",0.550183005347938,0.532989786430815,"AFRO","Lower middle income",0.93,9956
"CPV",2020,"P","DTP3",17.890755179897,17.3316690805252,"AFRO","Lower middle income",0.93,9956
"CPV",2020,"T","DTP3",2.29918157222434,2.22733214809233,"AFRO","Lower middle income",0.93,9956
"CPV",2020,"TB","BCG",2.14057433383013,2.14057433383013,"AFRO","Lower middle income",0.98,9956
"CPV",2020,"Rubella","Rubella",2.5684540158423,2.48982787250019,"AFRO","Lower middle income",0.95,9956
"CPV",2021,"HPV","HPV",64.9295735497343,0,"AFRO","Lower middle income",0,5335
"CPV",2021,"HepB","HepB",156.378189353531,151.541750507545,"AFRO","Lower middle income",0.94,9882
"CPV",2021,"HepB","HepB_BD",50.4337951460481,50.4337951460481,"AFRO","Lower middle income",0.96,9882
"CPV",2021,"Hib","Hib3",9.41519287057514,9.1240013384955,"AFRO","Lower middle income",0.94,9882
"CPV",2021,"Measles","MCV1",161.840185082116,156.885893702052,"AFRO","Lower middle income",0.95,9882
"CPV",2021,"Measles","MCV2",11.9706751992611,11.3129457927083,"AFRO","Lower middle income",0.86,9987
"CPV",2021,"D","DTP3",0.546093657979944,0.529028231168071,"AFRO","Lower middle income",0.93,9882
"CPV",2021,"P","DTP3",17.7577784941485,17.2028479162063,"AFRO","Lower middle income",0.93,9882
"CPV",2021,"T","DTP3",2.28209243639222,2.21077704775496,"AFRO","Lower middle income",0.93,9882
"CPV",2021,"TB","BCG",2.12466407863694,2.12466407863694,"AFRO","Lower middle income",0.98,9882
"CPV",2021,"Rubella","Rubella",2.54936345766911,2.47132171916903,"AFRO","Lower middle income",0.95,9882
"CPV",2022,"HPV","HPV",56.1847172631694,0,"AFRO","Lower middle income",0,5450
"CPV",2022,"HepB","HepB",156.179244958388,151.143037138471,"AFRO","Lower middle income",0.94,9856
"CPV",2022,"HepB","HepB_BD",50.4564591444224,50.3011014935692,"AFRO","Lower middle income",0.96,9856
"CPV",2022,"Hib","Hib3",9.40321485843334,9.0999956681048,"AFRO","Lower middle income",0.94,9856
"CPV",2022,"Measles","MCV1",161.414376054375,156.473119644548,"AFRO","Lower middle income",0.95,9856
"CPV",2022,"Measles","MCV2",12.0445799543169,11.2121295139908,"AFRO","Lower middle income",0.86,9898
"CPV",2022,"D","DTP3",0.546339062192354,0.527636333373053,"AFRO","Lower middle income",0.93,9856
"CPV",2022,"P","DTP3",17.7657585056022,17.1575864260402,"AFRO","Lower middle income",0.93,9856
"CPV",2022,"T","DTP3",2.28311796578413,2.20496039087967,"AFRO","Lower middle income",0.93,9856
"CPV",2022,"TB","BCG",2.11907398897447,2.11907398897447,"AFRO","Lower middle income",0.98,9856
"CPV",2022,"Rubella","Rubella",2.5426559642569,2.46481955718782,"AFRO","Lower middle income",0.95,9856
"CRI",2019,"HPV","HPV",120.446247610086,120.446247610086,"PAHO","Upper middle income",0.39,36635
"CRI",2019,"HepB","HepB",597.187122400372,597.187122400372,"PAHO","Upper middle income",0.94,67965
"CRI",2019,"HepB","HepB_BD",276.404280376198,276.404280376198,"PAHO","Upper middle income",0.87,67965
"CRI",2019,"Hib","Hib3",24.5982602867606,24.5982602867606,"PAHO","Upper middle income",0.96,67965
"CRI",2019,"Measles","MCV1",340.167781830624,340.167781830624,"PAHO","Upper middle income",0.95,67965
"CRI",2019,"Measles","MCV2",57.0512204858035,57.0512204858035,"PAHO","Upper middle income",0.93,67965
"CRI",2019,"PCV","PCV3",29.1060067949961,29.1060067949961,"PAHO","Upper middle income",0.95,67965
"CRI",2019,"Rota","Rota",3.96836192400188,3.96836192400188,"PAHO","Upper middle income",0.59,67965
"CRI",2019,"D","DTP3",1.38158038642895,1.38158038642895,"PAHO","Upper middle income",0.95,67965
"CRI",2019,"P","DTP3",49.6460301261408,49.6460301261408,"PAHO","Upper middle income",0.95,67965
"CRI",2019,"T","DTP3",6.92699130702273,6.92699130702273,"PAHO","Upper middle income",0.95,67965
"CRI",2019,"TB","BCG",4.24920787456417,4.24920787456417,"PAHO","Upper middle income",0.99,67965
"CRI",2019,"Rubella","Rubella",54.0990544618755,54.0990544618755,"PAHO","Upper middle income",0.95,67965
"CRI",2020,"HPV","HPV",218.103419258461,0,"PAHO","Upper middle income",0,36960
"CRI",2020,"HepB","HepB",570.704050423402,552.490091367337,"PAHO","Upper middle income",0.91,64951
"CRI",2020,"HepB","HepB_BD",264.14675810659,270.219097373408,"PAHO","Upper middle income",0.89,64951
"CRI",2020,"Hib","Hib3",23.5074171100624,23.7522860382922,"PAHO","Upper middle income",0.97,64951
"CRI",2020,"Measles","MCV1",325.082580705965,325.082580705965,"PAHO","Upper middle income",0.95,64951
"CRI",2020,"Measles","MCV2",54.5212068237096,47.4862123948438,"PAHO","Upper middle income",0.81,64951
"CRI",2020,"PCV","PCV3",27.8152614925593,27.5224692663218,"PAHO","Upper middle income",0.94,64951
"CRI",2020,"Rota","Rota",3.79237953837778,6.23492907157025,"PAHO","Upper middle income",0.97,64951
"CRI",2020,"D","DTP3",1.3203123325086,1.34810838161404,"PAHO","Upper middle income",0.97,64951
"CRI",2020,"P","DTP3",47.4444096626642,48.4432393397729,"PAHO","Upper middle income",0.97,64951
"CRI",2020,"T","DTP3",6.61980449323083,6.75916879835148,"PAHO","Upper middle income",0.97,64951
"CRI",2020,"TB","BCG",4.06077099478875,4.06077099478875,"PAHO","Upper middle income",0.99,64951
"CRI",2020,"Rubella","Rubella",51.6999586015342,51.6999586015342,"PAHO","Upper middle income",0.95,64951
"CRI",2021,"HPV","HPV",172.962620666483,0,"PAHO","Upper middle income",0,36638
"CRI",2021,"HepB","HepB",543.887084373731,503.384854686325,"PAHO","Upper middle income",0.87,61899
"CRI",2021,"HepB","HepB_BD",251.734695078441,205.438659201946,"PAHO","Upper middle income",0.71,61899
"CRI",2021,"Hib","Hib3",22.4028207678981,21.469369902569,"PAHO","Upper middle income",0.92,61899
"CRI",2021,"Measles","MCV1",309.807187928107,290.240418164227,"PAHO","Upper middle income",0.89,61899
"CRI",2021,"Measles","MCV2",51.9592951791473,38.5504448103351,"PAHO","Upper middle income",0.69,61899
"CRI",2021,"PCV","PCV3",26.5082426926133,24.2759696237617,"PAHO","Upper middle income",0.87,61899
"CRI",2021,"Rota","Rota",3.61417839673056,5.20686718173046,"PAHO","Upper middle income",0.85,61899
"CRI",2021,"D","DTP3",1.25827182137226,1.23178188829074,"PAHO","Upper middle income",0.93,61899
"CRI",2021,"P","DTP3",45.215031542382,44.2631361414897,"PAHO","Upper middle income",0.93,61899
"CRI",2021,"T","DTP3",6.30874472027367,6.17592904195212,"PAHO","Upper middle income",0.93,61899
"CRI",2021,"TB","BCG",3.86995833484363,3.43996296430545,"PAHO","Upper middle income",0.88,61899
"CRI",2021,"Rubella","Rubella",49.2706153481296,46.158787010353,"PAHO","Upper middle income",0.89,61899
"CRI",2022,"HPV","HPV",218.54448183173,0,"PAHO","Upper middle income",0,36006
"CRI",2022,"HepB","HepB",537.32318391192,534.792864235654,"PAHO","Upper middle income",0.94,60864
"CRI",2022,"HepB","HepB_BD",253.086283854227,202.003563121654,"PAHO","Upper middle income",0.71,60864
"CRI",2022,"Hib","Hib3",22.057102577052,21.798767263615,"PAHO","Upper middle income",0.95,60864
"CRI",2022,"Measles","MCV1",305.511631736926,288.593969589691,"PAHO","Upper middle income",0.9,60864
"CRI",2022,"Measles","MCV2",51.4360091605877,41.2020119896619,"PAHO","Upper middle income",0.75,60864
"CRI",2022,"PCV","PCV3",26.1406991027531,25.2418986206521,"PAHO","Upper middle income",0.92,60864
"CRI",2022,"Rota","Rota",4.17644092083448,5.36073622955935,"PAHO","Upper middle income",0.89,60864
"CRI",2022,"D","DTP3",1.24082555955816,1.23723252614746,"PAHO","Upper middle income",0.95,60864
"CRI",2022,"P","DTP3",44.5881135229027,44.4590006267554,"PAHO","Upper middle income",0.95,60864
"CRI",2022,"T","DTP3",6.22127235521014,6.20325754300936,"PAHO","Upper middle income",0.95,60864
"CRI",2022,"TB","BCG",3.80524958548479,3.80524958548479,"PAHO","Upper middle income",0.99,60864
"CRI",2022,"Rubella","Rubella",48.5874656180753,45.8969417802635,"PAHO","Upper middle income",0.9,60864
"CUB",2019,"HPV","HPV",0,0,"PAHO","Upper middle income",0,60794
"CUB",2019,"HepB","HepB",25.0368965144425,25.0368965144425,"PAHO","Upper middle income",0.99,116650
"CUB",2019,"HepB","HepB_BD",24.7961639432339,24.7961639432339,"PAHO","Upper middle income",0.99,116650
"CUB",2019,"Hib","Hib3",17.9038083733071,17.9038083733071,"PAHO","Upper middle income",0.99,116650
"CUB",2019,"Measles","MCV1",1013.03691841764,1013.03691841764,"PAHO","Upper middle income",0.99,116650
"CUB",2019,"Measles","MCV2",82.8330019601387,82.8330019601387,"PAHO","Upper middle income",0.99,116272
"CUB",2019,"D","DTP3",1.96601549376686,1.96601549376686,"PAHO","Upper middle income",0.99,116650
"CUB",2019,"P","DTP3",56.9620706518372,56.9620706518372,"PAHO","Upper middle income",0.99,116650
"CUB",2019,"T","DTP3",9.93634610175036,9.93634610175036,"PAHO","Upper middle income",0.99,116650
"CUB",2019,"TB","BCG",4.49893862166112,4.49893862166112,"PAHO","Upper middle income",0.99,116650
"CUB",2019,"Rubella","Rubella",18.9675086536609,18.9675086536609,"PAHO","Upper middle income",0.99,116650
"CUB",2020,"HepB","HepB",23.5638727615182,23.5638727615182,"PAHO","Upper middle income",0.99,109787
"CUB",2020,"HepB","HepB_BD",23.3373034790898,23.3373034790898,"PAHO","Upper middle income",0.99,109787
"CUB",2020,"Hib","Hib3",16.8504535780563,16.8504535780563,"PAHO","Upper middle income",0.99,109787
"CUB",2020,"Measles","MCV1",953.435783646098,943.805119164824,"PAHO","Upper middle income",0.98,109787
"CUB",2020,"Measles","MCV2",81.4594810111643,81.4594810111643,"PAHO","Upper middle income",0.99,114344
"CUB",2020,"D","DTP3",1.85034670393641,1.85034670393641,"PAHO","Upper middle income",0.99,109787
"CUB",2020,"P","DTP3",53.6107573995135,53.6107573995135,"PAHO","Upper middle income",0.99,109787
"CUB",2020,"T","DTP3",9.35174993118617,9.35174993118617,"PAHO","Upper middle income",0.99,109787
"CUB",2020,"TB","BCG",4.23424753070132,4.23424753070132,"PAHO","Upper middle income",0.99,109787
"CUB",2020,"Rubella","Rubella",17.8515719893654,17.6712530803819,"PAHO","Upper middle income",0.98,109787
"CUB",2021,"HepB","HepB",22.5645432272598,22.5645432272598,"PAHO","Upper middle income",0.99,105131
"CUB",2021,"HepB","HepB_BD",22.3475826105111,22.3475826105111,"PAHO","Upper middle income",0.99,105131
"CUB",2021,"Hib","Hib3",16.135836074532,16.135836074532,"PAHO","Upper middle income",0.99,105131
"CUB",2021,"Measles","MCV1",913.001151051563,913.001151051563,"PAHO","Upper middle income",0.99,105131
"CUB",2021,"Measles","MCV2",82.8201786317769,82.8201786317769,"PAHO","Upper middle income",0.99,116254
"CUB",2021,"D","DTP3",1.77187462387658,1.77187462387658,"PAHO","Upper middle income",0.99,105131
"CUB",2021,"P","DTP3",51.3371577342331,51.3371577342331,"PAHO","Upper middle income",0.99,105131
"CUB",2021,"T","DTP3",8.9551478956118,8.9551478956118,"PAHO","Upper middle income",0.99,105131
"CUB",2021,"TB","BCG",4.05467566424222,4.05467566424222,"PAHO","Upper middle income",0.99,105131
"CUB",2021,"Rubella","Rubella",17.0944976619634,17.0944976619634,"PAHO","Upper middle income",0.99,105131
"CUB",2022,"HepB","HepB",21.4606876012523,21.4606876012523,"PAHO","Upper middle income",0.99,99988
"CUB",2022,"HepB","HepB_BD",21.2543406802921,21.2543406802921,"PAHO","Upper middle income",0.99,99988
"CUB",2022,"Hib","Hib3",15.3464722814422,15.3464722814422,"PAHO","Upper middle income",0.99,99988
"CUB",2022,"Measles","MCV1",868.337208733329,868.337208733329,"PAHO","Upper middle income",0.99,99988
"CUB",2022,"Measles","MCV2",78.0071560533169,78.0071560533169,"PAHO","Upper middle income",0.99,109498
"CUB",2022,"D","DTP3",1.68519466087236,1.68519466087236,"PAHO","Upper middle income",0.99,99988
"CUB",2022,"P","DTP3",48.8257481383274,48.8257481383274,"PAHO","Upper middle income",0.99,99988
"CUB",2022,"T","DTP3",8.51706278629931,8.51706278629931,"PAHO","Upper middle income",0.99,99988
"CUB",2022,"TB","BCG",3.85632125934549,3.85632125934549,"PAHO","Upper middle income",0.99,99988
"CUB",2022,"Rubella","Rubella",16.2582362217081,16.2582362217081,"PAHO","Upper middle income",0.99,99988
"CYP",2019,"HPV","HPV",9.36894165712784,9.36894165712784,"EURO","High income",0.64,6303
"CYP",2019,"HepB","HepB",68.0713122618284,68.0713122618284,"EURO","High income",0.94,13241
"CYP",2019,"Hib","Hib3",1.72063184130797,1.72063184130797,"EURO","High income",0.92,13241
"CYP",2019,"Measles","MCV1",29.8450089233916,29.8450089233916,"EURO","High income",0.86,13241
"CYP",2019,"Measles","MCV2",5.06223181054376,5.06223181054376,"EURO","High income",0.88,13241
"CYP",2019,"PCV","PCV3",1.77056721738006,1.77056721738006,"EURO","High income",0.81,13241
"CYP",2019,"D","DTP3",0.0793121698822789,0.0793121698822789,"EURO","High income",0.96,13241
"CYP",2019,"P","DTP3",3.140417358148,3.140417358148,"EURO","High income",0.96,13241
"CYP",2019,"T","DTP3",0.38537489560486,0.38537489560486,"EURO","High income",0.96,13241
"CYP",2019,"Rubella","Rubella",4.30451937336652,4.30451937336652,"EURO","High income",0.86,13241
"CYP",2020,"HPV","HPV",7.20335865599268,0,"EURO","High income",0,6203
"CYP",2020,"HepB","HepB",68.3180778375831,68.3180778375831,"EURO","High income",0.94,13289
"CYP",2020,"Hib","Hib3",1.72686931041021,1.72686931041021,"EURO","High income",0.92,13289
"CYP",2020,"Measles","MCV1",29.9532001799676,29.9532001799676,"EURO","High income",0.86,13289
"CYP",2020,"Measles","MCV2",5.08058292653999,5.08058292653999,"EURO","High income",0.88,13289
"CYP",2020,"PCV","PCV3",1.77698570740606,1.77698570740606,"EURO","High income",0.81,13289
"CYP",2020,"D","DTP3",0.0795996847342047,0.0795996847342047,"EURO","High income",0.96,13289
"CYP",2020,"P","DTP3",3.15180169718516,3.15180169718516,"EURO","High income",0.96,13289
"CYP",2020,"T","DTP3",0.386771919620345,0.386771919620345,"EURO","High income",0.96,13289
"CYP",2020,"Rubella","Rubella",4.320123703094,4.320123703094,"EURO","High income",0.86,13289
"CYP",2021,"HPV","HPV",7.33458218140412,0,"EURO","High income",0,6316
"CYP",2021,"HepB","HepB",67.3567202820388,67.3567202820388,"EURO","High income",0.94,13102
"CYP",2021,"Hib","Hib3",1.70256917036606,1.70256917036606,"EURO","High income",0.92,13102
"CYP",2021,"Measles","MCV1",29.5317050762236,29.5317050762236,"EURO","High income",0.86,13102
"CYP",2021,"Measles","MCV2",5.00909003713801,5.00909003713801,"EURO","High income",0.88,13102
"CYP",2021,"PCV","PCV3",1.75198034001311,1.75198034001311,"EURO","High income",0.81,13102
"CYP",2021,"D","DTP3",0.0784795747902439,0.0784795747902439,"EURO","High income",0.96,13102
"CYP",2021,"P","DTP3",3.10745020968621,3.10745020968621,"EURO","High income",0.96,13102
"CYP",2021,"T","DTP3",0.381329346893352,0.381329346893352,"EURO","High income",0.96,13102
"CYP",2021,"Rubella","Rubella",4.25933183519735,4.25933183519735,"EURO","High income",0.86,13102
"CYP",2022,"HPV","HPV",7.50528889145264,0,"EURO","High income",0,6463
"CYP",2022,"HepB","HepB",66.2497965031609,65.9378182214494,"EURO","High income",0.94,12826
"CYP",2022,"Hib","Hib3",1.68166819627026,1.66670372302817,"EURO","High income",0.92,12826
"CYP",2022,"Measles","MCV1",29.6499576023755,28.9096053509116,"EURO","High income",0.86,12826
"CYP",2022,"Measles","MCV2",4.99902761328386,4.90357112015967,"EURO","High income",0.88,12826
"CYP",2022,"PCV","PCV3",1.78967175293516,1.71507402236362,"EURO","High income",0.81,12826
"CYP",2022,"D","DTP3",0.0769270684046714,0.0768263643916706,"EURO","High income",0.96,12826
"CYP",2022,"P","DTP3",3.04597770163197,3.04199026022251,"EURO","High income",0.96,12826
"CYP",2022,"T","DTP3",0.373785775873244,0.373296458804315,"EURO","High income",0.96,12826
"CYP",2022,"Rubella","Rubella",4.27638729298183,4.16960693926433,"EURO","High income",0.86,12826
"CZE",2019,"HepB","HepB",741.990141413602,741.990141413602,"EURO","High income",0.97,111585
"CZE",2019,"Hib","Hib3",12.6372090524658,12.6372090524658,"EURO","High income",0.97,111585
"CZE",2019,"Measles","MCV1",275.902983609265,275.902983609265,"EURO","High income",0.92,111585
"CZE",2019,"Measles","MCV2",43.8599222880791,43.8599222880791,"EURO","High income",0.87,111585
"CZE",2019,"D","DTP3",1.01266461314528,1.01266461314528,"EURO","High income",0.97,111585
"CZE",2019,"P","DTP3",31.3784579538376,31.3784579538376,"EURO","High income",0.97,111585
"CZE",2019,"T","DTP3",4.62970475913295,4.62970475913295,"EURO","High income",0.97,111585
"CZE",2019,"Rubella","Rubella",67.1784097566335,67.1784097566335,"EURO","High income",0.92,111585
"CZE",2020,"HepB","HepB",737.481745877657,729.87884128098,"EURO","High income",0.96,110907
"CZE",2020,"Hib","Hib3",12.5604242898403,12.4309353796357,"EURO","High income",0.96,110907
"CZE",2020,"Measles","MCV1",274.22657349243,280.188020742265,"EURO","High income",0.94,110907
"CZE",2020,"Measles","MCV2",43.5934256504367,45.0966472245897,"EURO","High income",0.9,110907
"CZE",2020,"D","DTP3",1.00651157637768,1.00651157637768,"EURO","High income",0.97,110907
"CZE",2020,"P","DTP3",31.1877997605974,31.1877997605974,"EURO","High income",0.97,110907
"CZE",2020,"T","DTP3",4.60157427719817,4.60157427719817,"EURO","High income",0.97,110907
"CZE",2020,"Rubella","Rubella",66.7702279955098,68.2217546910643,"EURO","High income",0.94,110907
"CZE",2021,"HepB","HepB",710.630859190126,688.652585194555,"EURO","High income",0.94,106869
"CZE",2021,"Hib","Hib3",12.1031132699554,11.728790179132,"EURO","High income",0.94,106869
"CZE",2021,"Measles","MCV1",264.242290230215,278.603284264466,"EURO","High income",0.97,106869
"CZE",2021,"Measles","MCV2",42.0062377112042,43.454728666763,"EURO","High income",0.9,106869
"CZE",2021,"D","DTP3",0.969865614036145,0.939869770303069,"EURO","High income",0.94,106869
"CZE",2021,"P","DTP3",30.0522868043973,29.1228346351891,"EURO","High income",0.94,106869
"CZE",2021,"T","DTP3",4.43403609717954,4.29690096015337,"EURO","High income",0.94,106869
"CZE",2021,"Rubella","Rubella",64.3391985686398,67.8358941430224,"EURO","High income",0.97,106869
"CZE",2022,"HepB","HepB",690.183490055862,668.837608920114,"EURO","High income",0.94,103794
"CZE",2022,"Hib","Hib3",11.7548637934457,11.3913113049886,"EURO","High income",0.94,103794
"CZE",2022,"Measles","MCV1",258.943332913203,270.586880076972,"EURO","High income",0.97,103794
"CZE",2022,"Measles","MCV2",41.7141082892785,42.2043820681207,"EURO","High income",0.9,103794
"CZE",2022,"D","DTP3",0.941959141970709,0.912826385002543,"EURO","High income",0.94,103794
"CZE",2022,"P","DTP3",29.187575972224,28.2848674370006,"EURO","High income",0.94,103794
"CZE",2022,"T","DTP3",4.30645315920101,4.17326388623603,"EURO","High income",0.94,103794
"CZE",2022,"Rubella","Rubella",63.0489786468817,65.8840149779718,"EURO","High income",0.97,103794
"DEU",2019,"HPV","HPV",833.929059769012,833.929059769012,"EURO","High income",0.47,353199
"DEU",2019,"HepB","HepB",4964.36124159734,4964.36124159734,"EURO","High income",0.88,783091
"DEU",2019,"Hib","Hib3",85.0284912676421,85.0284912676421,"EURO","High income",0.9,783091
"DEU",2019,"Measles","MCV1",2238.31145213307,2238.31145213307,"EURO","High income",0.97,783091
"DEU",2019,"Measles","MCV2",327.592754883593,327.592754883593,"EURO","High income",0.93,783091
"DEU",2019,"PCV","PCV3",94.1371647632764,94.1371647632764,"EURO","High income",0.82,783091
"DEU",2019,"Rota","Rota",18.7090449216349,18.7090449216349,"EURO","High income",0.65,783091
"DEU",2019,"D","DTP3",5.66502828064623,5.66502828064623,"EURO","High income",0.91,783091
"DEU",2019,"P","DTP3",200.038147433838,200.038147433838,"EURO","High income",0.91,783091
"DEU",2019,"T","DTP3",26.5007758671879,26.5007758671879,"EURO","High income",0.91,783091
"DEU",2019,"Rubella","Rubella",501.53374173894,501.53374173894,"EURO","High income",0.97,783091
"DEU",2020,"HPV","HPV",2245.38160028859,0,"EURO","High income",0,361479
"DEU",2020,"HepB","HepB",4915.75038794103,4915.75038794103,"EURO","High income",0.88,775423
"DEU",2020,"Hib","Hib3",84.1958952206434,84.1958952206434,"EURO","High income",0.9,775423
"DEU",2020,"Measles","MCV1",2216.39398377377,2216.39398377377,"EURO","High income",0.97,775423
"DEU",2020,"Measles","MCV2",324.384977952882,324.384977952882,"EURO","High income",0.93,775423
"DEU",2020,"PCV","PCV3",93.2153769003015,93.2153769003015,"EURO","High income",0.82,775423
"DEU",2020,"Rota","Rota",18.525846600547,18.525846600547,"EURO","High income",0.65,775423
"DEU",2020,"D","DTP3",5.60955651956611,5.60955651956611,"EURO","High income",0.91,775423
"DEU",2020,"P","DTP3",198.079380809624,198.079380809624,"EURO","High income",0.91,775423
"DEU",2020,"T","DTP3",26.2412811860466,26.2412811860466,"EURO","High income",0.91,775423
"DEU",2020,"Rubella","Rubella",496.622740678202,496.622740678202,"EURO","High income",0.97,775423
"DEU",2021,"HPV","HPV",2272.72283996403,0,"EURO","High income",0,366304
"DEU",2021,"HepB","HepB",4841.61693428208,4786.59856002888,"EURO","High income",0.87,763729
"DEU",2021,"Hib","Hib3",82.92615367479,82.92615367479,"EURO","High income",0.9,763729
"DEU",2021,"Measles","MCV1",2182.96898703489,2182.96898703489,"EURO","High income",0.97,763729
"DEU",2021,"Measles","MCV2",319.492992633667,319.492992633667,"EURO","High income",0.93,763729
"DEU",2021,"PCV","PCV3",91.8096143455771,91.8096143455771,"EURO","High income",0.82,763729
"DEU",2021,"Rota","Rota",18.2464619935044,19.0886063932046,"EURO","High income",0.68,763729
"DEU",2021,"D","DTP3",5.52495991366223,5.52495991366223,"EURO","High income",0.91,763729
"DEU",2021,"P","DTP3",195.092185073635,195.092185073635,"EURO","High income",0.91,763729
"DEU",2021,"T","DTP3",25.8455416449321,25.8455416449321,"EURO","High income",0.91,763729
"DEU",2021,"Rubella","Rubella",489.133271924385,489.133271924385,"EURO","High income",0.97,763729
"DEU",2022,"HPV","HPV",2240.09178928315,0,"EURO","High income",0,360770
"DEU",2022,"HepB","HepB",4906.75688049884,4802.45509337627,"EURO","High income",0.87,766259
"DEU",2022,"Hib","Hib3",83.7109549881326,83.2008625948353,"EURO","High income",0.9,766259
"DEU",2022,"Measles","MCV1",2190.20049394009,2190.20049394009,"EURO","High income",0.97,766259
"DEU",2022,"Measles","MCV2",320.961108680185,320.551374954311,"EURO","High income",0.93,766259
"DEU",2022,"PCV","PCV3",94.4372795587935,92.1137514469498,"EURO","High income",0.82,766259
"DEU",2022,"Rota","Rota",20.0610625266023,19.1518410931764,"EURO","High income",0.68,766259
"DEU",2022,"D","DTP3",5.56741320572497,5.54326241177552,"EURO","High income",0.91,766259
"DEU",2022,"P","DTP3",196.591255771254,195.738465663001,"EURO","High income",0.91,766259
"DEU",2022,"T","DTP3",26.0441364483548,25.9311599995601,"EURO","High income",0.91,766259
"DEU",2022,"Rubella","Rubella",490.753620474681,490.753620474681,"EURO","High income",0.97,766259
"DJI",2019,"HepB","HepB",175.061693121237,175.061693121237,"EMRO","Lower middle income",0.85,23470
"DJI",2019,"HepB","HepB_BD",43.9359691445841,43.9359691445841,"EMRO","Lower middle income",0.95,23470
"DJI",2019,"Hib","Hib3",60.1176743554545,60.1176743554545,"EMRO","Lower middle income",0.85,23470
"DJI",2019,"Measles","MCV1",749.206744335341,749.206744335341,"EMRO","Lower middle income",0.83,23470
"DJI",2019,"Measles","MCV2",57.541652339054,57.541652339054,"EMRO","Lower middle income",0.81,22919
"DJI",2019,"PCV","PCV3",56.969144177832,56.969144177832,"EMRO","Lower middle income",0.85,23470
"DJI",2019,"Rota","Rota",14.0924659166775,14.0924659166775,"EMRO","Lower middle income",0.88,23470
"DJI",2019,"D","DTP3",2.29483186822977,2.29483186822977,"EMRO","Lower middle income",0.85,23470
"DJI",2019,"P","DTP3",119.366571222745,119.366571222745,"EMRO","Lower middle income",0.85,23470
"DJI",2019,"T","DTP3",8.77923312692814,8.77923312692814,"EMRO","Lower middle income",0.85,23470
"DJI",2019,"TB","BCG",31.6318325736617,31.6318325736617,"EMRO","Lower middle income",0.95,23470
"DJI",2020,"HepB","HepB",176.158159626938,145.071425575126,"EMRO","Lower middle income",0.7,23617
"DJI",2020,"HepB","HepB_BD",44.2111539534573,35.834303730697,"EMRO","Lower middle income",0.77,23617
"DJI",2020,"Hib","Hib3",60.4942102791976,49.818761406398,"EMRO","Lower middle income",0.7,23617
"DJI",2020,"Measles","MCV1",753.899262077876,563.153665648534,"EMRO","Lower middle income",0.62,23617
"DJI",2020,"Measles","MCV2",57.9810165852836,42.9489011742841,"EMRO","Lower middle income",0.6,23094
"DJI",2020,"PCV","PCV3",57.3259598656949,47.2096140070429,"EMRO","Lower middle income",0.7,23617
"DJI",2020,"Rota","Rota",14.1807314680091,11.6024166556438,"EMRO","Lower middle income",0.72,23617
"DJI",2020,"D","DTP3",2.30920512279431,1.90169833641884,"EMRO","Lower middle income",0.7,23617
"DJI",2020,"P","DTP3",120.114201643271,98.9175778238703,"EMRO","Lower middle income",0.7,23617
"DJI",2020,"T","DTP3",8.83422022831964,7.27524018802794,"EMRO","Lower middle income",0.7,23617
"DJI",2020,"TB","BCG",31.8299527009871,25.7990142944843,"EMRO","Lower middle income",0.77,23617
"DJI",2021,"HepB","HepB",176.77725296009,122.70421087818,"EMRO","Lower middle income",0.59,23700
"DJI",2021,"HepB","HepB_BD",44.366530410168,28.4879826844237,"EMRO","Lower middle income",0.61,23700
"DJI",2021,"Hib","Hib3",60.7068121953247,42.1376696414607,"EMRO","Lower middle income",0.59,23700
"DJI",2021,"Measles","MCV1",756.548778898491,455.752276444874,"EMRO","Lower middle income",0.5,23700
"DJI",2021,"Measles","MCV2",58.2220392575009,34.5019491896302,"EMRO","Lower middle income",0.48,23190
"DJI",2021,"PCV","PCV3",57.5274272268692,39.9308024280621,"EMRO","Lower middle income",0.59,23700
"DJI",2021,"Rota","Rota",14.2305684799854,10.6729263599891,"EMRO","Lower middle income",0.66,23700
"DJI",2021,"D","DTP3",2.31732063387497,1.60849314586615,"EMRO","Lower middle income",0.59,23700
"DJI",2021,"P","DTP3",120.536333105201,83.6663959200805,"EMRO","Lower middle income",0.59,23700
"DJI",2021,"T","DTP3",8.86526736720055,6.15353852546862,"EMRO","Lower middle income",0.59,23700
"DJI",2021,"TB","BCG",31.9418164463478,20.5100084550233,"EMRO","Lower middle income",0.61,23700
"DJI",2022,"HPV","HPV",71.173539202162,0,"EMRO","Lower middle income",0,11008
"DJI",2022,"HepB","HepB",178.617546408096,123.025209235752,"EMRO","Lower middle income",0.59,23762
"DJI",2022,"HepB","HepB_BD",44.4825947513254,28.5625082087458,"EMRO","Lower middle income",0.61,23762
"DJI",2022,"Hib","Hib3",61.3387846174643,42.2479032076113,"EMRO","Lower middle income",0.59,23762
"DJI",2022,"Measles","MCV1",767.423028182294,456.944539784097,"EMRO","Lower middle income",0.5,23762
"DJI",2022,"Measles","MCV2",59.5422261701457,34.7236305362992,"EMRO","Lower middle income",0.48,23339
"DJI",2022,"PCV","PCV3",58.1263014917054,40.0352627550891,"EMRO","Lower middle income",0.59,23762
"DJI",2022,"Rota","Rota",14.3068136282958,10.7008470956143,"EMRO","Lower middle income",0.66,23762
"DJI",2022,"D","DTP3",2.34144449544675,1.61270101823087,"EMRO","Lower middle income",0.59,23762
"DJI",2022,"P","DTP3",121.791145137551,83.8852700359896,"EMRO","Lower middle income",0.59,23762
"DJI",2022,"T","DTP3",8.95755691903764,6.16963638996563,"EMRO","Lower middle income",0.59,23762
"DJI",2022,"TB","BCG",32.0253773163762,20.5636633294626,"EMRO","Lower middle income",0.61,23762
"DNK",2019,"HPV","HPV",76.5125486578038,76.5125486578038,"EURO","High income",0.62,32084
"DNK",2019,"Hib","Hib3",6.660143161705,6.660143161705,"EURO","High income",0.97,60726
"DNK",2019,"Measles","MCV1",146.782895658422,146.782895658422,"EURO","High income",0.96,60726
"DNK",2019,"Measles","MCV2",20.7667940626645,20.7667940626645,"EURO","High income",0.9,60726
"DNK",2019,"PCV","PCV3",7.77603749913961,7.77603749913961,"EURO","High income",0.97,60726
"DNK",2019,"D","DTP3",0.456116158380058,0.456116158380058,"EURO","High income",0.97,60726
"DNK",2019,"P","DTP3",16.0363844953037,16.0363844953037,"EURO","High income",0.97,60726
"DNK",2019,"T","DTP3",1.96265012002992,1.96265012002992,"EURO","High income",0.97,60726
"DNK",2019,"Rubella","Rubella",30.3637464432027,30.3637464432027,"EURO","High income",0.96,60726
"DNK",2020,"HPV","HPV",85.0306319794631,0,"EURO","High income",0,32995
"DNK",2020,"Hib","Hib3",6.65937543450196,6.65937543450196,"EURO","High income",0.97,60719
"DNK",2020,"Measles","MCV1",146.765975718534,143.708351224398,"EURO","High income",0.94,60719
"DNK",2020,"Measles","MCV2",20.7644002353345,20.7644002353345,"EURO","High income",0.9,60719
"DNK",2020,"PCV","PCV3",7.77514114070181,7.69498504646777,"EURO","High income",0.96,60719
"DNK",2020,"D","DTP3",0.456063581014372,0.456063581014372,"EURO","High income",0.97,60719
"DNK",2020,"P","DTP3",16.0345359511634,16.0345359511634,"EURO","High income",0.97,60719
"DNK",2020,"T","DTP3",1.96242388166677,1.96242388166677,"EURO","High income",0.97,60719
"DNK",2020,"Rubella","Rubella",30.3602463571587,29.7277412247179,"EURO","High income",0.94,60719
"DNK",2021,"HPV","HPV",88.1368166416048,0,"EURO","High income",0,33209
"DNK",2021,"Hib","Hib3",6.75742516586191,6.75742516586191,"EURO","High income",0.97,61613
"DNK",2021,"Measles","MCV1",148.926893755596,147.375571945642,"EURO","High income",0.95,61613
"DNK",2021,"Measles","MCV2",21.0701261829027,22.0065762354761,"EURO","High income",0.94,61613
"DNK",2021,"PCV","PCV3",7.88961891832969,7.80828264082114,"EURO","High income",0.96,61613
"DNK",2021,"D","DTP3",0.462778461717724,0.462778461717724,"EURO","High income",0.97,61613
"DNK",2021,"P","DTP3",16.27062144566,16.27062144566,"EURO","High income",0.97,61613
"DNK",2021,"T","DTP3",1.99131775261673,1.99131775261673,"EURO","High income",0.97,61613
"DNK",2021,"Rubella","Rubella",30.8072573461951,30.4863484155056,"EURO","High income",0.95,61613
"DNK",2022,"HPV","HPV",88.3729460640736,0,"EURO","High income",0,32360
"DNK",2022,"Hib","Hib3",6.97559571668377,6.95089242102852,"EURO","High income",0.97,63377
"DNK",2022,"Measles","MCV1",154.101922642759,151.59498195509,"EURO","High income",0.95,63377
"DNK",2022,"Measles","MCV2",22.2169781010443,22.6366315887194,"EURO","High income",0.94,63377
"DNK",2022,"PCV","PCV3",8.14434353058027,8.03183628337074,"EURO","High income",0.96,63377
"DNK",2022,"D","DTP3",0.477719749179036,0.476027957870647,"EURO","High income",0.97,63377
"DNK",2022,"P","DTP3",16.7959355047704,16.7364545690292,"EURO","High income",0.97,63377
"DNK",2022,"T","DTP3",2.05560953244205,2.04832982012871,"EURO","High income",0.97,63377
"DNK",2022,"Rubella","Rubella",31.8777721651133,31.3591823727054,"EURO","High income",0.95,63377
"DOM",2019,"HPV","HPV",79.2583530933901,79.2583530933901,"PAHO","Upper middle income",0.06,99689
"DOM",2019,"HepB","HepB",1923.69299194283,1923.69299194283,"PAHO","Upper middle income",0.87,207403
"DOM",2019,"HepB","HepB_BD",478.50023906673,478.50023906673,"PAHO","Upper middle income",0.81,207403
"DOM",2019,"Hib","Hib3",113.770968811149,113.770968811149,"PAHO","Upper middle income",0.79,207403
"DOM",2019,"Measles","MCV1",1385.58135341364,1385.58135341364,"PAHO","Upper middle income",0.96,207403
"DOM",2019,"Measles","MCV2",118.586919355231,118.586919355231,"PAHO","Upper middle income",0.6,207403
"DOM",2019,"PCV","PCV3",110.064394090063,110.064394090063,"PAHO","Upper middle income",0.67,207403
"DOM",2019,"Rota","Rota",36.2061484091934,36.2061484091934,"PAHO","Upper middle income",0.8,207403
"DOM",2019,"D","DTP3",14.8248330546079,14.8248330546079,"PAHO","Upper middle income",0.89,207403
"DOM",2019,"P","DTP3",410.079249364927,410.079249364927,"PAHO","Upper middle income",0.89,207403
"DOM",2019,"T","DTP3",51.3879086914087,51.3879086914087,"PAHO","Upper middle income",0.89,207403
"DOM",2019,"TB","BCG",59.9203484984873,59.9203484984873,"PAHO","Upper middle income",0.99,207403
"DOM",2019,"Rubella","Rubella",200.424791558939,200.424791558939,"PAHO","Upper middle income",0.96,207403
"DOM",2020,"HPV","HPV",812.928620427058,0,"PAHO","Upper middle income",0,97379
"DOM",2020,"HepB","HepB",1898.32546913476,1767.40647126339,"PAHO","Upper middle income",0.81,204668
"DOM",2020,"HepB","HepB_BD",472.190310310408,413.895210272086,"PAHO","Upper middle income",0.71,204668
"DOM",2020,"Hib","Hib3",112.270683860119,113.691831757082,"PAHO","Upper middle income",0.8,204668
"DOM",2020,"Measles","MCV1",1367.30984817222,1167.91049531377,"PAHO","Upper middle income",0.82,204668
"DOM",2020,"Measles","MCV2",117.023127006824,107.271199756255,"PAHO","Upper middle income",0.55,204668
"DOM",2020,"PCV","PCV3",108.612987322387,111.855166048429,"PAHO","Upper middle income",0.69,204668
"DOM",2020,"Rota","Rota",35.7287020082294,34.3888756829208,"PAHO","Upper middle income",0.77,204668
"DOM",2020,"D","DTP3",14.6293396509235,13.4787174311879,"PAHO","Upper middle income",0.82,204668
"DOM",2020,"P","DTP3",404.67158049315,372.843478656611,"PAHO","Upper middle income",0.82,204668
"DOM",2020,"T","DTP3",50.7102621276126,46.7218145445419,"PAHO","Upper middle income",0.82,204668
"DOM",2020,"TB","BCG",59.1301856120133,50.7683411820316,"PAHO","Upper middle income",0.85,204668
"DOM",2020,"Rubella","Rubella",197.781812407656,168.938631431539,"PAHO","Upper middle income",0.82,204668
"DOM",2021,"HPV","HPV",923.781047540156,0,"PAHO","Upper middle income",0,99592
"DOM",2021,"HepB","HepB",1869.51686736441,1783.5620688649,"PAHO","Upper middle income",0.83,201562
"DOM",2021,"HepB","HepB_BD",465.024446062825,378.908807903043,"PAHO","Upper middle income",0.66,201562
"DOM",2021,"Hib","Hib3",110.566886763995,116.16521014445,"PAHO","Upper middle income",0.83,201562
"DOM",2021,"Measles","MCV1",1346.55983161652,1234.34651231514,"PAHO","Upper middle income",0.88,201562
"DOM",2021,"Measles","MCV2",115.247207798725,115.247207798725,"PAHO","Upper middle income",0.6,201562
"DOM",2021,"PCV","PCV3",106.964698686043,121.333091046854,"PAHO","Upper middle income",0.76,201562
"DOM",2021,"Rota","Rota",35.1864904830395,35.1864904830395,"PAHO","Upper middle income",0.8,201562
"DOM",2021,"D","DTP3",14.4073277635949,13.5979273274379,"PAHO","Upper middle income",0.84,201562
"DOM",2021,"P","DTP3",398.530366776244,376.141020328141,"PAHO","Upper middle income",0.84,201562
"DOM",2021,"T","DTP3",49.9406934888006,47.1350365512275,"PAHO","Upper middle income",0.84,201562
"DOM",2021,"TB","BCG",58.2328379244856,58.2328379244856,"PAHO","Upper middle income",0.99,201562
"DOM",2021,"Rubella","Rubella",194.780315791975,178.54862280931,"PAHO","Upper middle income",0.88,201562
"DOM",2022,"HPV","HPV",1079.32570130803,0,"PAHO","Upper middle income",0,100559
"DOM",2022,"HepB","HepB",1873.83783981727,1855.40937113367,"PAHO","Upper middle income",0.87,200041
"DOM",2022,"HepB","HepB_BD",472.883851843263,404.538138634463,"PAHO","Upper middle income",0.71,200041
"DOM",2022,"Hib","Hib3",113.084452613211,119.455678441463,"PAHO","Upper middle income",0.86,200041
"DOM",2022,"Measles","MCV1",1336.3986032903,1266.79450936893,"PAHO","Upper middle income",0.91,200041
"DOM",2022,"Measles","MCV2",127.802775960657,112.471252436853,"PAHO","Upper middle income",0.59,200041
"DOM",2022,"PCV","PCV3",114.432603187694,115.664181115591,"PAHO","Upper middle income",0.73,200041
"DOM",2022,"Rota","Rota",35.8821762538775,37.5400437504169,"PAHO","Upper middle income",0.86,200041
"DOM",2022,"D","DTP3",14.3851693749742,14.1379505989593,"PAHO","Upper middle income",0.88,200041
"DOM",2022,"P","DTP3",397.917429326004,391.078951636329,"PAHO","Upper middle income",0.88,200041
"DOM",2022,"T","DTP3",49.863884984651,49.0069407046137,"PAHO","Upper middle income",0.88,200041
"DOM",2022,"TB","BCG",57.7934091309475,57.7934091309475,"PAHO","Upper middle income",0.99,200041
"DOM",2022,"Rubella","Rubella",193.310490823381,183.242236092997,"PAHO","Upper middle income",0.91,200041
"DZA",2019,"HepB","HepB",7000.93553237881,7000.93553237881,"AFRO","Lower middle income",0.88,991149
"DZA",2019,"HepB","HepB_BD",3429.01058827111,3429.01058827111,"AFRO","Lower middle income",0.99,991149
"DZA",2019,"Hib","Hib3",621.955582071062,621.955582071062,"AFRO","Lower middle income",0.88,991149
"DZA",2019,"Measles","MCV1",7016.12510513618,7016.12510513618,"AFRO","Lower middle income",0.8,991149
"DZA",2019,"Measles","MCV2",931.946250039002,931.946250039002,"AFRO","Lower middle income",0.76,991111
"DZA",2019,"PCV","PCV3",553.422175088818,553.422175088818,"AFRO","Lower middle income",0.87,991149
"DZA",2019,"D","DTP3",41.0430505292366,41.0430505292366,"AFRO","Lower middle income",0.88,991149
"DZA",2019,"P","DTP3",1612.21657186641,1612.21657186641,"AFRO","Lower middle income",0.88,991149
"DZA",2019,"T","DTP3",168.335770779357,168.335770779357,"AFRO","Lower middle income",0.88,991149
"DZA",2019,"TB","BCG",199.088590384771,199.088590384771,"AFRO","Lower middle income",0.99,991149
"DZA",2019,"Rubella","Rubella",120.195960638606,120.195960638606,"AFRO","Lower middle income",0.8,991149
"DZA",2020,"HepB","HepB",6903.22677091167,6589.44373587023,"AFRO","Lower middle income",0.84,977316
"DZA",2020,"HepB","HepB_BD",3381.15350173059,3381.15350173059,"AFRO","Lower middle income",0.99,977316
"DZA",2020,"Hib","Hib3",613.275240803716,585.399093494456,"AFRO","Lower middle income",0.84,977316
"DZA",2020,"Measles","MCV1",6918.20434995271,6918.20434995271,"AFRO","Lower middle income",0.8,977316
"DZA",2020,"Measles","MCV2",935.176196401099,910.566296495807,"AFRO","Lower middle income",0.74,994546
"DZA",2020,"PCV","PCV3",545.698322319958,520.608744282258,"AFRO","Lower middle income",0.83,977316
"DZA",2020,"D","DTP3",40.4702319944139,38.6306759946678,"AFRO","Lower middle income",0.84,977316
"DZA",2020,"P","DTP3",1589.71562413945,1517.45582304221,"AFRO","Lower middle income",0.84,977316
"DZA",2020,"T","DTP3",165.986387672286,158.441551869,"AFRO","Lower middle income",0.84,977316
"DZA",2020,"TB","BCG",196.310004651654,196.310004651654,"AFRO","Lower middle income",0.99,977316
"DZA",2020,"Rubella","Rubella",118.518442199386,118.518442199386,"AFRO","Lower middle income",0.8,977316
"DZA",2021,"HepB","HepB",6765.46822432787,6227.30597921088,"AFRO","Lower middle income",0.81,957813
"DZA",2021,"HepB","HepB_BD",3313.68030294509,3313.68030294509,"AFRO","Lower middle income",0.99,957813
"DZA",2021,"Hib","Hib3",601.036919706553,553.227164729895,"AFRO","Lower middle income",0.81,957813
"DZA",2021,"Measles","MCV1",6780.14691567646,6695.3950792305,"AFRO","Lower middle income",0.79,957813
"DZA",2021,"Measles","MCV2",927.437489396716,890.828114815267,"AFRO","Lower middle income",0.73,986316
"DZA",2021,"PCV","PCV3",534.808544213177,479.483522398021,"AFRO","Lower middle income",0.78,957813
"DZA",2021,"D","DTP3",39.6626212169509,36.5076399837843,"AFRO","Lower middle income",0.81,957813
"DZA",2021,"P","DTP3",1557.99177656345,1434.06061251863,"AFRO","Lower middle income",0.81,957813
"DZA",2021,"T","DTP3",162.674017345009,149.734038692565,"AFRO","Lower middle income",0.81,957813
"DZA",2021,"TB","BCG",192.392506093643,190.449147446233,"AFRO","Lower middle income",0.98,957813
"DZA",2021,"Rubella","Rubella",116.15332674214,114.701410157863,"AFRO","Lower middle income",0.79,957813
"DZA",2022,"HepB","HepB",6642.55278187836,5777.52761233163,"AFRO","Lower middle income",0.77,934796
"DZA",2022,"HepB","HepB_BD",3234.0499580522,3234.0499580522,"AFRO","Lower middle income",0.99,934796
"DZA",2022,"Hib","Hib3",590.117244014548,513.269338424886,"AFRO","Lower middle income",0.77,934796
"DZA",2022,"Measles","MCV1",6777.34947486861,6534.49946752065,"AFRO","Lower middle income",0.79,934796
"DZA",2022,"Measles","MCV2",947.991134243966,854.61120605988,"AFRO","Lower middle income",0.71,972871
"DZA",2022,"PCV","PCV3",526.052588337804,443.963148090881,"AFRO","Lower middle income",0.74,934796
"DZA",2022,"D","DTP3",38.9420282773435,33.8708100696386,"AFRO","Lower middle income",0.77,934796
"DZA",2022,"P","DTP3",1529.68608622551,1330.48300729772,"AFRO","Lower middle income",0.77,934796
"DZA",2022,"T","DTP3",159.718545801281,138.919228626349,"AFRO","Lower middle income",0.77,934796
"DZA",2022,"TB","BCG",187.76916279724,185.872504587167,"AFRO","Lower middle income",0.98,934796
"DZA",2022,"Rubella","Rubella",116.10540269857,111.945045024373,"AFRO","Lower middle income",0.79,934796
"ECU",2019,"HepB","HepB",344.736412449922,344.736412449922,"PAHO","Upper middle income",0.85,298472
"ECU",2019,"HepB","HepB_BD",195.553594355286,195.553594355286,"PAHO","Upper middle income",0.71,298472
"ECU",2019,"Hib","Hib3",190.923873529846,190.923873529846,"PAHO","Upper middle income",0.85,298472
"ECU",2019,"Measles","MCV1",2549.52179602965,2549.52179602965,"PAHO","Upper middle income",0.83,298472
"ECU",2019,"Measles","MCV2",231.349344188676,231.349344188676,"PAHO","Upper middle income",0.76,298055
"ECU",2019,"PCV","PCV3",213.31050119622,213.31050119622,"PAHO","Upper middle income",0.83,298472
"ECU",2019,"Rota","Rota",29.363477204543,29.363477204543,"PAHO","Upper middle income",0.85,298472
"ECU",2019,"YF","YF",49.1299721483445,49.1299721483445,"PAHO","Upper middle income",0.84,298472
"ECU",2019,"D","DTP3",20.3062822496874,20.3062822496874,"PAHO","Upper middle income",0.85,298472
"ECU",2019,"P","DTP3",615.923345480151,615.923345480151,"PAHO","Upper middle income",0.85,298472
"ECU",2019,"T","DTP3",71.843342631986,71.843342631986,"PAHO","Upper middle income",0.85,298472
"ECU",2019,"TB","BCG",87.7343784194467,87.7343784194467,"PAHO","Upper middle income",0.86,298472
"ECU",2019,"Rubella","Rubella",206.93977416414,206.93977416414,"PAHO","Upper middle income",0.83,298472
"ECU",2020,"HPV","HPV",1436.58720383906,529.268969835445,"PAHO","Upper middle income",0.35,158031
"ECU",2020,"HepB","HepB",344.459211442833,283.67229177645,"PAHO","Upper middle income",0.7,298232
"ECU",2020,"HepB","HepB_BD",195.396350584864,170.627799102276,"PAHO","Upper middle income",0.62,298232
"ECU",2020,"Hib","Hib3",190.770352497229,157.104996174189,"PAHO","Upper middle income",0.7,298232
"ECU",2020,"Measles","MCV1",2547.47173695863,2486.08687582709,"PAHO","Upper middle income",0.81,298232
"ECU",2020,"Measles","MCV2",232.650250064639,214.283125059536,"PAHO","Upper middle income",0.7,299731
"ECU",2020,"PCV","PCV3",213.138979176442,195.163402619393,"PAHO","Upper middle income",0.76,298232
"ECU",2020,"Rota","Rota",29.339866163879,25.8881172034226,"PAHO","Upper middle income",0.75,298232
"ECU",2020,"YF","YF",49.0904669575205,46.1684153529062,"PAHO","Upper middle income",0.79,298232
"ECU",2020,"D","DTP3",20.2899540589696,16.7093739309161,"PAHO","Upper middle income",0.7,298232
"ECU",2020,"P","DTP3",615.428084273354,506.823128225115,"PAHO","Upper middle income",0.7,298232
"ECU",2020,"T","DTP3",71.7855737215633,59.117531300111,"PAHO","Upper middle income",0.7,298232
"ECU",2020,"TB","BCG",87.6638315982351,82.5670972029889,"PAHO","Upper middle income",0.81,298232
"ECU",2020,"Rubella","Rubella",206.77337481747,201.790883858013,"PAHO","Upper middle income",0.81,298232
"ECU",2021,"HPV","HPV",1450.92298618844,30.5457470776514,"PAHO","Upper middle income",0.02,159608
"ECU",2021,"HepB","HepB",343.080136432563,274.464109146051,"PAHO","Upper middle income",0.68,297038
"ECU",2021,"HepB","HepB_BD",194.614062827017,167.20363144293,"PAHO","Upper middle income",0.61,297038
"ECU",2021,"Hib","Hib3",190.006585359961,152.005268287969,"PAHO","Upper middle income",0.68,297038
"ECU",2021,"Measles","MCV1",2537.27269308027,1987.02078373756,"PAHO","Upper middle income",0.65,297038
"ECU",2021,"Measles","MCV2",232.167455640505,177.180426673017,"PAHO","Upper middle income",0.58,299109
"ECU",2021,"PCV","PCV3",212.285657128048,158.574828216132,"PAHO","Upper middle income",0.62,297038
"ECU",2021,"Rota","Rota",29.2224012365751,20.6275773434648,"PAHO","Upper middle income",0.6,297038
"ECU",2021,"YF","YF",48.8939286331714,40.7449405276429,"PAHO","Upper middle income",0.7,297038
"ECU",2021,"D","DTP3",20.2087213101485,17.1179756980081,"PAHO","Upper middle income",0.72,297038
"ECU",2021,"P","DTP3",612.964159769537,519.216700040078,"PAHO","Upper middle income",0.72,297038
"ECU",2021,"T","DTP3",71.4981733922105,60.5631586381077,"PAHO","Upper middle income",0.72,297038
"ECU",2021,"TB","BCG",87.3128611627074,76.1449370605007,"PAHO","Upper middle income",0.75,297038
"ECU",2021,"Rubella","Rubella",205.945538067785,161.282650294048,"PAHO","Upper middle income",0.65,297038
"ECU",2022,"HPV","HPV",1430.50563225268,783.013609233045,"PAHO","Upper middle income",0.52,157362
"ECU",2022,"HepB","HepB",346.888701189738,282.31210448186,"PAHO","Upper middle income",0.7,296802
"ECU",2022,"HepB","HepB_BD",205.04931143372,172.548516993302,"PAHO","Upper middle income",0.63,296802
"ECU",2022,"Hib","Hib3",192.115866276536,156.351689538653,"PAHO","Upper middle income",0.7,296802
"ECU",2022,"Measles","MCV1",2576.97547403231,2260.34943762496,"PAHO","Upper middle income",0.74,296802
"ECU",2022,"Measles","MCV2",240.070305264255,182.892397817479,"PAHO","Upper middle income",0.6,298460
"ECU",2022,"PCV","PCV3",215.607464424205,181.449476631453,"PAHO","Upper middle income",0.71,296802
"ECU",2022,"Rota","Rota",29.5468018522066,25.0769460125606,"PAHO","Upper middle income",0.73,296802
"ECU",2022,"YF","YF",49.5448717668161,40.7125682184955,"PAHO","Upper middle income",0.7,296802
"ECU",2022,"D","DTP3",20.4330602199138,16.6292537401881,"PAHO","Upper middle income",0.7,296802
"ECU",2022,"P","DTP3",619.768732370517,504.392949460388,"PAHO","Upper middle income",0.7,296802
"ECU",2022,"T","DTP3",72.2918813177566,58.834067185733,"PAHO","Upper middle income",0.7,296802
"ECU",2022,"TB","BCG",88.0996954204783,77.0988982472157,"PAHO","Upper middle income",0.76,296802
"ECU",2022,"Rubella","Rubella",209.168136335702,183.468210737631,"PAHO","Upper middle income",0.74,296802
"EGY",2019,"HepB","HepB",9279.72916180103,9279.72916180103,"EMRO","Lower middle income",0.95,2508143
"EGY",2019,"HepB","HepB_BD",2096.82610146202,2096.82610146202,"EMRO","Lower middle income",0.91,2508143
"EGY",2019,"Hib","Hib3",1851.66830515225,1851.66830515225,"EMRO","Lower middle income",0.95,2508143
"EGY",2019,"Measles","MCV1",18754.6878889838,18754.6878889838,"EMRO","Lower middle income",0.95,2508143
"EGY",2019,"Measles","MCV2",2286.28814062342,2286.28814062342,"EMRO","Lower middle income",0.94,2529194
"EGY",2019,"D","DTP3",261.456133194651,261.456133194651,"EMRO","Lower middle income",0.95,2508143
"EGY",2019,"P","DTP3",8314.88088985382,8314.88088985382,"EMRO","Lower middle income",0.95,2508143
"EGY",2019,"T","DTP3",736.858672628626,736.858672628626,"EMRO","Lower middle income",0.95,2508143
"EGY",2019,"TB","BCG",1302.35949158134,1302.35949158134,"EMRO","Lower middle income",0.96,2508143
"EGY",2019,"Rubella","Rubella",380.09690989835,380.09690989835,"EMRO","Lower middle income",0.95,2508143
"EGY",2020,"HepB","HepB",9069.05284153887,8973.58912741741,"EMRO","Lower middle income",0.94,2451201
"EGY",2020,"HepB","HepB_BD",2049.22216824551,2071.74109317129,"EMRO","Lower middle income",0.92,2451201
"EGY",2020,"Hib","Hib3",1809.6301531681,1790.58141471369,"EMRO","Lower middle income",0.94,2451201
"EGY",2020,"Measles","MCV1",18328.9029804779,18135.9671596308,"EMRO","Lower middle income",0.94,2451201
"EGY",2020,"Measles","MCV2",2273.43022521155,2273.43022521155,"EMRO","Lower middle income",0.94,2514970
"EGY",2020,"D","DTP3",255.520333227755,252.830645509568,"EMRO","Lower middle income",0.94,2451201
"EGY",2020,"P","DTP3",8126.10937737225,8040.57138392623,"EMRO","Lower middle income",0.94,2451201
"EGY",2020,"T","DTP3",720.129879040374,712.549564524159,"EMRO","Lower middle income",0.94,2451201
"EGY",2020,"TB","BCG",1272.79221644207,1272.79221644207,"EMRO","Lower middle income",0.96,2451201
"EGY",2020,"Rubella","Rubella",371.467625904801,367.557440368961,"EMRO","Lower middle income",0.94,2451201
"EGY",2021,"HepB","HepB",9031.66965268129,9126.73985955162,"EMRO","Lower middle income",0.96,2441097
"EGY",2021,"HepB","HepB_BD",2040.77514950329,2085.62735059128,"EMRO","Lower middle income",0.93,2441097
"EGY",2021,"Hib","Hib3",1802.17074732271,1821.14096571558,"EMRO","Lower middle income",0.96,2441097
"EGY",2021,"Measles","MCV1",18253.3501246678,18445.4906522958,"EMRO","Lower middle income",0.96,2441097
"EGY",2021,"Measles","MCV2",2257.64438600755,2305.67937294388,"EMRO","Lower middle income",0.96,2497507
"EGY",2021,"D","DTP3",254.467062832168,257.145663493559,"EMRO","Lower middle income",0.96,2441097
"EGY",2021,"P","DTP3",8092.6130589761,8177.7984595969,"EMRO","Lower middle income",0.96,2441097
"EGY",2021,"T","DTP3",717.161459764344,724.710527761863,"EMRO","Lower middle income",0.96,2441097
"EGY",2021,"TB","BCG",1267.54568930908,1280.74929023938,"EMRO","Lower middle income",0.97,2441097
"EGY",2021,"Rubella","Rubella",369.936413698156,373.830481210768,"EMRO","Lower middle income",0.96,2441097
"EGY",2022,"HepB","HepB",9016.52540037462,9179.68835546961,"EMRO","Lower middle income",0.97,2429947
"EGY",2022,"HepB","HepB_BD",2054.54095113043,2076.10100036468,"EMRO","Lower middle income",0.93,2429947
"EGY",2022,"Hib","Hib3",1799.14887766331,1831.70625808429,"EMRO","Lower middle income",0.97,2429947
"EGY",2022,"Measles","MCV1",18222.7430109933,18361.2386865718,"EMRO","Lower middle income",0.96,2429947
"EGY",2022,"Measles","MCV2",2217.3314711038,2253.84489169811,"EMRO","Lower middle income",0.96,2441360
"EGY",2022,"D","DTP3",254.040373908474,258.637486019822,"EMRO","Lower middle income",0.97,2429947
"EGY",2022,"P","DTP3",8079.04341142495,8225.2417016548,"EMRO","Lower middle income",0.97,2429947
"EGY",2022,"T","DTP3",715.958927507414,728.914913228243,"EMRO","Lower middle income",0.97,2429947
"EGY",2022,"TB","BCG",1263.40993410965,1274.89931599167,"EMRO","Lower middle income",0.97,2429947
"EGY",2022,"Rubella","Rubella",369.316106423653,372.122966160977,"EMRO","Lower middle income",0.96,2429947
"ERI",2019,"HepB","HepB",1019.61330996887,1019.61330996887,"AFRO","Low income",0.95,97544
"ERI",2019,"Hib","Hib3",299.99971475927,299.99971475927,"AFRO","Low income",0.95,97544
"ERI",2019,"Measles","MCV1",1292.54435593834,1292.54435593834,"AFRO","Low income",0.93,97544
"ERI",2019,"Measles","MCV2",97.2348002109389,97.2348002109389,"AFRO","Low income",0.85,96085
"ERI",2019,"PCV","PCV3",297.669549756839,297.669549756839,"AFRO","Low income",0.95,97544
"ERI",2019,"Rota","Rota",101.139122590485,101.139122590485,"AFRO","Low income",0.96,97544
"ERI",2019,"D","DTP3",39.4071733773226,39.4071733773226,"AFRO","Low income",0.95,97544
"ERI",2019,"P","DTP3",824.961907848435,824.961907848435,"AFRO","Low income",0.95,97544
"ERI",2019,"T","DTP3",87.6857792949443,87.6857792949443,"AFRO","Low income",0.95,97544
"ERI",2019,"TB","BCG",240.875436100874,240.875436100874,"AFRO","Low income",0.97,97544
"ERI",2019,"Rubella","Rubella",40.0579716754523,40.0579716754523,"AFRO","Low income",0.93,97544
"ERI",2020,"HepB","HepB",1030.11842946898,1030.11842946898,"AFRO","Low income",0.95,98549
"ERI",2020,"Hib","Hib3",303.090624639253,303.090624639253,"AFRO","Low income",0.95,98549
"ERI",2020,"Measles","MCV1",1305.86149566726,1305.86149566726,"AFRO","Low income",0.93,98549
"ERI",2020,"Measles","MCV2",96.8026905196232,96.8026905196232,"AFRO","Low income",0.85,95658
"ERI",2020,"PCV","PCV3",300.736451847236,300.736451847236,"AFRO","Low income",0.95,98549
"ERI",2020,"Rota","Rota",102.181163292152,102.181163292152,"AFRO","Low income",0.96,98549
"ERI",2020,"D","DTP3",39.8131871684754,39.8131871684754,"AFRO","Low income",0.95,98549
"ERI",2020,"P","DTP3",833.461525635153,833.461525635153,"AFRO","Low income",0.95,98549
"ERI",2020,"T","DTP3",88.5892096257839,88.5892096257839,"AFRO","Low income",0.95,98549
"ERI",2020,"TB","BCG",243.357186011493,243.357186011493,"AFRO","Low income",0.97,98549
"ERI",2020,"Rubella","Rubella",40.470690669279,40.470690669279,"AFRO","Low income",0.93,98549
"ERI",2021,"HepB","HepB",1039.30648921086,1039.30648921086,"AFRO","Low income",0.95,99428
"ERI",2021,"Hib","Hib3",305.794017459656,305.794017459656,"AFRO","Low income",0.95,99428
"ERI",2021,"Measles","MCV1",1317.50902384808,1317.50902384808,"AFRO","Low income",0.93,99428
"ERI",2021,"Measles","MCV2",97.3349848934687,97.3349848934687,"AFRO","Low income",0.85,96184
"ERI",2021,"PCV","PCV3",303.418846809881,303.418846809881,"AFRO","Low income",0.95,99428
"ERI",2021,"Rota","Rota",103.092560084954,103.092560084954,"AFRO","Low income",0.96,99428
"ERI",2021,"D","DTP3",40.1682977380509,40.1682977380509,"AFRO","Low income",0.95,99428
"ERI",2021,"P","DTP3",840.895519699358,840.895519699358,"AFRO","Low income",0.95,99428
"ERI",2021,"T","DTP3",89.3793740643989,89.3793740643989,"AFRO","Low income",0.95,99428
"ERI",2021,"TB","BCG",245.527791157198,245.527791157198,"AFRO","Low income",0.97,99428
"ERI",2021,"Rubella","Rubella",40.8316657892528,40.8316657892528,"AFRO","Low income",0.93,99428
"ERI",2022,"HPV","HPV",210.754599697995,0,"AFRO","Low income",0,47757
"ERI",2022,"HepB","HepB",1059.00351688104,1055.93698187223,"AFRO","Low income",0.95,101019
"ERI",2022,"Hib","Hib3",311.589452478877,310.687189219907,"AFRO","Low income",0.95,101019
"ERI",2022,"Measles","MCV1",1347.64379357375,1338.59118236422,"AFRO","Low income",0.93,101019
"ERI",2022,"Measles","MCV2",101.435637701644,98.5867874418471,"AFRO","Low income",0.85,97421
"ERI",2022,"PCV","PCV3",309.169267386783,308.274012208707,"AFRO","Low income",0.95,101019
"ERI",2022,"Rota","Rota",104.879494742323,104.742198648489,"AFRO","Low income",0.96,101019
"ERI",2022,"D","DTP3",40.9295708372027,40.8110519089206,"AFRO","Low income",0.95,101019
"ERI",2022,"P","DTP3",856.832245286263,854.351133528879,"AFRO","Low income",0.95,101019
"ERI",2022,"T","DTP3",91.073299795033,90.8095806876484,"AFRO","Low income",0.95,101019
"ERI",2022,"TB","BCG",249.456611164953,249.456611164953,"AFRO","Low income",0.97,101019
"ERI",2022,"Rubella","Rubella",41.7655894465503,41.485034863062,"AFRO","Low income",0.93,101019
"ESP",2019,"HPV","HPV",1902.99911615344,1902.99911615344,"EURO","High income",0.79,238912
"ESP",2019,"HepB","HepB",1954.95959382178,1954.95959382178,"EURO","High income",0.95,372000
"ESP",2019,"Hib","Hib3",44.0801449544559,44.0801449544559,"EURO","High income",0.96,372000
"ESP",2019,"Measles","MCV1",1011.44231745706,1011.44231745706,"EURO","High income",0.98,372000
"ESP",2019,"Measles","MCV2",142.024350835411,142.024350835411,"EURO","High income",0.94,372000
"ESP",2019,"PCV","PCV3",48.9607356640761,48.9607356640761,"EURO","High income",0.94,372000
"ESP",2019,"D","DTP3",0.958726876830087,0.958726876830087,"EURO","High income",0.95,372000
"ESP",2019,"P","DTP3",41.3814351309487,41.3814351309487,"EURO","High income",0.95,372000
"ESP",2019,"T","DTP3",7.45689101785575,7.45689101785575,"EURO","High income",0.95,372000
"ESP",2019,"Rubella","Rubella",102.970495852037,102.970495852037,"EURO","High income",0.98,372000
"ESP",2020,"HPV","HPV",1922.02522752162,0,"EURO","High income",0,254170
"ESP",2020,"HepB","HepB",1891.64938353476,1871.73728476071,"EURO","High income",0.94,359953
"ESP",2020,"Hib","Hib3",42.6526355290087,43.5412321025298,"EURO","High income",0.98,359953
"ESP",2020,"Measles","MCV1",978.687356171024,958.714144820595,"EURO","High income",0.96,359953
"ESP",2020,"Measles","MCV2",137.424976226502,137.424976226502,"EURO","High income",0.94,359953
"ESP",2020,"PCV","PCV3",47.3751711948688,47.3751711948688,"EURO","High income",0.94,359953
"ESP",2020,"D","DTP3",0.927679073912958,0.917914031029663,"EURO","High income",0.94,359953
"ESP",2020,"P","DTP3",40.0413218271246,39.6198342289444,"EURO","High income",0.94,359953
"ESP",2020,"T","DTP3",7.2154040122318,7.13945239105041,"EURO","High income",0.94,359953
"ESP",2020,"Rubella","Rubella",99.6358572403986,97.6024723987579,"EURO","High income",0.96,359953
"ESP",2021,"HPV","HPV",1831.07744685749,0,"EURO","High income",0,242143
"ESP",2021,"HepB","HepB",1791.95169951758,1735.36375111176,"EURO","High income",0.92,340982
"ESP",2021,"Hib","Hib3",40.4046666313448,38.3002569109623,"EURO","High income",0.91,340982
"ESP",2021,"Measles","MCV1",927.106516911675,898.72570516948,"EURO","High income",0.95,340982
"ESP",2021,"Measles","MCV2",130.182116119785,126.027367732983,"EURO","High income",0.91,340982
"ESP",2021,"PCV","PCV3",44.8783052908817,43.9234477315013,"EURO","High income",0.92,340982
"ESP",2021,"D","DTP3",0.87878658041741,0.851035425246334,"EURO","High income",0.92,340982
"ESP",2021,"P","DTP3",37.9309798758633,36.7331594587307,"EURO","High income",0.92,340982
"ESP",2021,"T","DTP3",6.83512261572712,6.61927663838837,"EURO","High income",0.92,340982
"ESP",2021,"Rubella","Rubella",94.3846387543529,91.4953130781993,"EURO","High income",0.95,340982
"ESP",2022,"HPV","HPV",1804.37614033674,0,"EURO","High income",0,238612
"ESP",2022,"HepB","HepB",1901.13338246217,1858.71384623963,"EURO","High income",0.93,361292
"ESP",2022,"Hib","Hib3",42.8113003518421,41.4734472158471,"EURO","High income",0.93,361292
"ESP",2022,"Measles","MCV1",982.328004727677,962.280494427112,"EURO","High income",0.96,361292
"ESP",2022,"Measles","MCV2",138.324039922702,135.001375031643,"EURO","High income",0.92,361292
"ESP",2022,"PCV","PCV3",47.6851097350973,46.53967153049,"EURO","High income",0.92,361292
"ESP",2022,"D","DTP3",0.932330098261631,0.911527238904462,"EURO","High income",0.93,361292
"ESP",2022,"P","DTP3",40.2420735396598,39.344161740344,"EURO","High income",0.93,361292
"ESP",2022,"T","DTP3",7.25157925935132,7.08977649900826,"EURO","High income",0.93,361292
"ESP",2022,"Rubella","Rubella",100.006495664984,97.9655467738622,"EURO","High income",0.96,361292
"EST",2019,"HPV","HPV",16.7060935721798,16.7060935721798,"EURO","High income",0.55,7636
"EST",2019,"HepB","HepB",108.014536878149,108.014536878149,"EURO","High income",0.91,14397
"EST",2019,"Hib","Hib3",2.15290982186567,2.15290982186567,"EURO","High income",0.91,14397
"EST",2019,"Measles","MCV1",46.7272488455741,46.7272488455741,"EURO","High income",0.88,14397
"EST",2019,"Measles","MCV2",8.39823046529868,8.39823046529868,"EURO","High income",0.9,14397
"EST",2019,"Rota","Rota",0.457456106883947,0.457456106883947,"EURO","High income",0.81,14397
"EST",2019,"D","DTP3",0.252470763568976,0.252470763568976,"EURO","High income",0.91,14397
"EST",2019,"P","DTP3",7.90848793540791,7.90848793540791,"EURO","High income",0.91,14397
"EST",2019,"T","DTP3",0.970496451101501,0.970496451101501,"EURO","High income",0.91,14397
"EST",2019,"TB","BCG",0.766914300553359,0.766914300553359,"EURO","High income",0.92,14397
"EST",2019,"Rubella","Rubella",10.488768286752,10.488768286752,"EURO","High income",0.88,14397
"EST",2020,"HPV","HPV",16.410938530736,0,"EURO","High income",0,7640
"EST",2020,"HepB","HepB",106.056365444851,104.890910879523,"EURO","High income",0.9,14136
"EST",2020,"Hib","Hib3",2.11388020017317,2.11388020017317,"EURO","High income",0.91,14136
"EST",2020,"Measles","MCV1",45.8801409794426,47.4442366946509,"EURO","High income",0.91,14136
"EST",2020,"Measles","MCV2",8.24598081943892,7.97111479212429,"EURO","High income",0.87,14136
"EST",2020,"Rota","Rota",0.44916298721341,0.454708209277773,"EURO","High income",0.82,14136
"EST",2020,"D","DTP3",0.247893777440512,0.247893777440512,"EURO","High income",0.91,14136
"EST",2020,"P","DTP3",7.76511672257597,7.76511672257597,"EURO","High income",0.91,14136
"EST",2020,"T","DTP3",0.952902537526625,0.952902537526625,"EURO","High income",0.91,14136
"EST",2020,"TB","BCG",0.753011082352038,0.744826179282994,"EURO","High income",0.91,14136
"EST",2020,"Rubella","Rubella",10.2986197472756,10.6497090568418,"EURO","High income",0.91,14136
"EST",2021,"HPV","HPV",18.2415362406072,0,"EURO","High income",0,7643
"EST",2021,"HepB","HepB",104.525840646411,96.4853913659176,"EURO","High income",0.84,13932
"EST",2021,"Hib","Hib3",2.08337428896524,2.03758584305391,"EURO","High income",0.89,13932
"EST",2021,"Measles","MCV1",45.2180336817766,45.731874973615,"EURO","High income",0.89,13932
"EST",2021,"Measles","MCV2",8.12698109623819,7.58518235648898,"EURO","High income",0.84,13932
"EST",2021,"Rota","Rota",0.442681008620347,0.437215810983059,"EURO","High income",0.8,13932
"EST",2021,"D","DTP3",0.244316362995275,0.241631567797525,"EURO","High income",0.9,13932
"EST",2021,"P","DTP3",7.65305646427054,7.56895694268515,"EURO","High income",0.9,13932
"EST",2021,"T","DTP3",0.939150972893388,0.928830632531923,"EURO","High income",0.9,13932
"EST",2021,"TB","BCG",0.7421441991602,0.726010629613239,"EURO","High income",0.9,13932
"EST",2021,"Rubella","Rubella",10.1499979003285,10.2653387855595,"EURO","High income",0.89,13932
"EST",2022,"HPV","HPV",18.2749500188839,0,"EURO","High income",0,7657
"EST",2022,"HepB","HepB",103.006999077494,95.7979578510828,"EURO","High income",0.85,13670
"EST",2022,"Hib","Hib3",2.05310124400215,1.9094130321082,"EURO","High income",0.85,13670
"EST",2022,"Measles","MCV1",44.816148427003,41.3426110876617,"EURO","High income",0.82,13670
"EST",2022,"Measles","MCV2",8.02303646127925,6.02491191168148,"EURO","High income",0.68,13670
"EST",2022,"Rota","Rota",0.446604141440608,0.428993693377722,"EURO","High income",0.8,13670
"EST",2022,"D","DTP3",0.240766256669519,0.223916004882711,"EURO","High income",0.85,13670
"EST",2022,"P","DTP3",7.54185161563869,7.01402807250535,"EURO","High income",0.85,13670
"EST",2022,"T","DTP3",0.925504380545527,0.860732090367872,"EURO","High income",0.85,13670
"EST",2022,"TB","BCG",0.730179729852165,0.680697208972084,"EURO","High income",0.86,13670
"EST",2022,"Rubella","Rubella",10.0597875537037,9.2800898572239,"EURO","High income",0.82,13670
"ETH",2019,"HepB","HepB",34353.9587288246,34353.9587288246,"AFRO","Low income",0.68,3550329
"ETH",2019,"Hib","Hib3",10370.294142295,10370.294142295,"AFRO","Low income",0.68,3550329
"ETH",2019,"Measles","MCV1",66947.9270982295,66947.9270982295,"AFRO","Low income",0.58,3550329
"ETH",2019,"PCV","PCV3",9107.41420112111,9107.41420112111,"AFRO","Low income",0.64,3550329
"ETH",2019,"Rota","Rota",2118.89712658902,2118.89712658902,"AFRO","Low income",0.68,3550329
"ETH",2019,"D","DTP3",239.368523045483,239.368523045483,"AFRO","Low income",0.68,3550329
"ETH",2019,"P","DTP3",11935.9242005296,11935.9242005296,"AFRO","Low income",0.68,3550329
"ETH",2019,"T","DTP3",1096.52420257497,1096.52420257497,"AFRO","Low income",0.68,3550329
"ETH",2019,"TB","BCG",2577.05959198841,2577.05959198841,"AFRO","Low income",0.69,3550329
"ETH",2020,"HPV","HPV",13039.7848997574,14644.6815028044,"AFRO","Low income",0.73,1463940
"ETH",2020,"HepB","HepB",35454.7704453799,37018.9514944408,"AFRO","Low income",0.71,3664093
"ETH",2020,"Hib","Hib3",10702.5918371859,11174.7650064735,"AFRO","Low income",0.71,3664093
"ETH",2020,"Measles","MCV1",69093.1547597795,71475.6773377029,"AFRO","Low income",0.6,3664093
"ETH",2020,"PCV","PCV3",9399.24514669723,9839.83476294867,"AFRO","Low income",0.67,3664093
"ETH",2020,"Rota","Rota",2186.79342935681,2251.11088316142,"AFRO","Low income",0.7,3664093
"ETH",2020,"D","DTP3",247.038663096094,257.937427644451,"AFRO","Low income",0.71,3664093
"ETH",2020,"P","DTP3",12318.3897356248,12861.8481063141,"AFRO","Low income",0.71,3664093
"ETH",2020,"T","DTP3",1131.66037710463,1181.58657021219,"AFRO","Low income",0.71,3664093
"ETH",2020,"TB","BCG",2659.63689888672,2698.18236118942,"AFRO","Low income",0.7,3664093
"ETH",2021,"HPV","HPV",12411.9849264078,14446.7365536877,"AFRO","Low income",0.71,1484833
"ETH",2021,"HepB","HepB",36059.72146422,34468.851399622,"AFRO","Low income",0.65,3726612
"ETH",2021,"Hib","Hib3",10885.2060173033,10404.9763400693,"AFRO","Low income",0.65,3726612
"ETH",2021,"Measles","MCV1",70272.0645042719,65425.7152281153,"AFRO","Low income",0.54,3726612
"ETH",2021,"PCV","PCV3",9559.62082693416,9111.51360067162,"AFRO","Low income",0.61,3726612
"ETH",2021,"Rota","Rota",2224.10583884258,2125.98352242306,"AFRO","Low income",0.65,3726612
"ETH",2021,"D","DTP3",251.253788142894,240.169062195413,"AFRO","Low income",0.65,3726612
"ETH",2021,"P","DTP3",12528.5736495925,11975.8424591693,"AFRO","Low income",0.65,3726612
"ETH",2021,"T","DTP3",1150.96945990253,1100.19139549507,"AFRO","Low income",0.65,3726612
"ETH",2021,"TB","BCG",2705.01725339232,2665.81410479243,"AFRO","Low income",0.68,3726612
"ETH",2022,"HPV","HPV",14303.8380320257,15121.2002052843,"AFRO","Low income",0.74,1491148
"ETH",2022,"HepB","HepB",37980.0537271613,34975.5416986182,"AFRO","Low income",0.65,3781393
"ETH",2022,"Hib","Hib3",11464.8891500344,10557.928943905,"AFRO","Low income",0.65,3781393
"ETH",2022,"Measles","MCV1",76886.8123981964,68846.2649714527,"AFRO","Low income",0.56,3781393
"ETH",2022,"PCV","PCV3",10205.9100696894,9245.45237040627,"AFRO","Low income",0.61,3781393
"ETH",2022,"Rota","Rota",2342.54885573508,2157.23536815904,"AFRO","Low income",0.65,3781393
"ETH",2022,"D","DTP3",264.634112115606,243.69953475229,"AFRO","Low income",0.65,3781393
"ETH",2022,"P","DTP3",13195.7730402428,12151.8867121679,"AFRO","Low income",0.65,3781393
"ETH",2022,"T","DTP3",1212.26343827405,1116.36415102653,"AFRO","Low income",0.65,3781393
"ETH",2022,"TB","BCG",2840.34158252573,2705.00143163908,"AFRO","Low income",0.68,3781393
"FIN",2019,"HPV","HPV",85.7150584817437,85.7150584817437,"EURO","High income",0.61,30724
"FIN",2019,"Hib","Hib3",4.49444859761048,4.49444859761048,"EURO","High income",0.91,47668
"FIN",2019,"Measles","MCV1",121.697659150469,121.697659150469,"EURO","High income",0.96,47668
"FIN",2019,"Measles","MCV2",15.449844866248,15.449844866248,"EURO","High income",0.93,47668
"FIN",2019,"PCV","PCV3",5.03592851395141,5.03592851395141,"EURO","High income",0.89,47668
"FIN",2019,"Rota","Rota",1.07659308346626,1.07659308346626,"EURO","High income",0.83,47668
"FIN",2019,"D","DTP3",0.222460951283925,0.222460951283925,"EURO","High income",0.91,47668
"FIN",2019,"P","DTP3",7.91131654586252,7.91131654586252,"EURO","High income",0.91,47668
"FIN",2019,"T","DTP3",1.30355014214234,1.30355014214234,"EURO","High income",0.91,47668
"FIN",2019,"Rubella","Rubella",31.8821494595355,31.8821494595355,"EURO","High income",0.96,47668
"FIN",2020,"HPV","HPV",104.358327469551,0,"EURO","High income",0,30424
"FIN",2020,"Hib","Hib3",4.31379567504142,4.26639132696405,"EURO","High income",0.9,45752
"FIN",2020,"Measles","MCV1",116.806060700097,115.589330901138,"EURO","High income",0.95,45752
"FIN",2020,"Measles","MCV2",14.828843297822,14.828843297822,"EURO","High income",0.93,45752
"FIN",2020,"PCV","PCV3",4.83351097948949,4.6705836431022,"EURO","High income",0.86,45752
"FIN",2020,"Rota","Rota",1.03331976912705,1.02087013335444,"EURO","High income",0.82,45752
"FIN",2020,"D","DTP3",0.213519204563694,0.211172839678378,"EURO","High income",0.9,45752
"FIN",2020,"P","DTP3",7.5933237099585,7.50988059226665,"EURO","High income",0.9,45752
"FIN",2020,"T","DTP3",1.25115436148562,1.2374054124583,"EURO","High income",0.9,45752
"FIN",2020,"Rubella","Rubella",30.6006566684708,30.2818998281742,"EURO","High income",0.95,45752
"FIN",2021,"HPV","HPV",106.039092012677,0,"EURO","High income",0,30914
"FIN",2021,"Hib","Hib3",4.3870562809058,4.29063746154524,"EURO","High income",0.89,46529
"FIN",2021,"Measles","MCV1",118.789762159355,115.077582091876,"EURO","High income",0.93,46529
"FIN",2021,"Measles","MCV2",15.0806795288591,15.0806795288591,"EURO","High income",0.93,46529
"FIN",2021,"PCV","PCV3",4.91559783975928,4.52897778494675,"EURO","High income",0.82,46529
"FIN",2021,"Rota","Rota",1.05086849837631,1.01288529963981,"EURO","High income",0.8,46529
"FIN",2021,"D","DTP3",0.217145372205458,0.2123729464427,"EURO","High income",0.89,46529
"FIN",2021,"P","DTP3",7.72228009487365,7.55255965322807,"EURO","High income",0.89,46529
"FIN",2021,"T","DTP3",1.27240254602125,1.2444376548999,"EURO","High income",0.89,46529
"FIN",2021,"Rubella","Rubella",31.1203434631771,30.1478327299528,"EURO","High income",0.93,46529
"FIN",2022,"HPV","HPV",106.423266765392,0,"EURO","High income",0,31026
"FIN",2022,"Hib","Hib3",4.45569641248892,4.43636811728556,"EURO","High income",0.91,47052
"FIN",2022,"Measles","MCV1",120.124994930516,117.622390869464,"EURO","High income",0.94,47052
"FIN",2022,"Measles","MCV2",15.2696839472438,15.0862103698197,"EURO","High income",0.92,47052
"FIN",2022,"PCV","PCV3",5.01086523282506,4.85914613392077,"EURO","High income",0.87,47052
"FIN",2022,"Rota","Rota",1.08646462336206,1.08828733829586,"EURO","High income",0.85,47052
"FIN",2022,"D","DTP3",0.220542841024292,0.219586151712076,"EURO","High income",0.91,47052
"FIN",2022,"P","DTP3",7.84310332755949,7.80908085331718,"EURO","High income",0.91,47052
"FIN",2022,"T","DTP3",1.29231062847866,1.28670473458256,"EURO","High income",0.91,47052
"FIN",2022,"Rubella","Rubella",31.4701455141827,30.8145174826372,"EURO","High income",0.94,47052
"FJI",2019,"HepB","HepB",120.901543649985,120.901543649985,"WPRO","Upper middle income",0.97,18265
"FJI",2019,"HepB","HepB_BD",49.0277137797926,49.0277137797926,"WPRO","Upper middle income",0.97,18265
"FJI",2019,"Hib","Hib3",17.9898791541228,17.9898791541228,"WPRO","Upper middle income",0.97,18265
"FJI",2019,"Measles","MCV1",96.0886904295403,96.0886904295403,"WPRO","Upper middle income",0.96,18265
"FJI",2019,"Measles","MCV2",7.82624405112673,7.82624405112673,"WPRO","Upper middle income",0.66,18710
"FJI",2019,"PCV","PCV3",21.3005796359027,21.3005796359027,"WPRO","Upper middle income",0.96,18265
"FJI",2019,"Rota","Rota",4.75205725709952,4.75205725709952,"WPRO","Upper middle income",0.96,18265
"FJI",2019,"D","DTP3",6.62893091088446,6.62893091088446,"WPRO","Upper middle income",0.97,18265
"FJI",2019,"P","DTP3",136.786900411237,136.786900411237,"WPRO","Upper middle income",0.97,18265
"FJI",2019,"T","DTP3",11.9558764828397,11.9558764828397,"WPRO","Upper middle income",0.97,18265
"FJI",2019,"TB","BCG",34.7958437738563,34.7958437738563,"WPRO","Upper middle income",0.97,18265
"FJI",2019,"Rubella","Rubella",6.50760854925223,6.50760854925223,"WPRO","Upper middle income",0.96,18265
"FJI",2020,"HPV","HPV",82.497541015361,0,"WPRO","Upper middle income",0,8551
"FJI",2020,"HepB","HepB",119.451916600472,121.914842715946,"WPRO","Upper middle income",0.99,18046
"FJI",2020,"HepB","HepB_BD",48.4398643783267,49.4386244686015,"WPRO","Upper middle income",0.99,18046
"FJI",2020,"Hib","Hib3",17.7741778929811,18.1406557876818,"WPRO","Upper middle income",0.99,18046
"FJI",2020,"Measles","MCV1",94.9365730901442,94.9365730901442,"WPRO","Upper middle income",0.96,18046
"FJI",2020,"Measles","MCV2",7.63884921762032,7.52310907795941,"WPRO","Upper middle income",0.65,18262
"FJI",2020,"PCV","PCV3",21.0451825956474,21.4836238997234,"WPRO","Upper middle income",0.98,18046
"FJI",2020,"Rota","Rota",4.69507940112883,4.74398647822392,"WPRO","Upper middle income",0.97,18046
"FJI",2020,"D","DTP3",6.54944906749636,6.68448925445505,"WPRO","Upper middle income",0.99,18046
"FJI",2020,"P","DTP3",135.146805629411,137.933337704244,"WPRO","Upper middle income",0.99,18046
"FJI",2020,"T","DTP3",11.8125237891774,12.0560809807068,"WPRO","Upper middle income",0.99,18046
"FJI",2020,"TB","BCG",34.3786365586099,35.0874744257978,"WPRO","Upper middle income",0.99,18046
"FJI",2020,"Rubella","Rubella",6.4295813785823,6.4295813785823,"WPRO","Upper middle income",0.96,18046
"FJI",2021,"HPV","HPV",83.8192768496616,0,"WPRO","Upper middle income",0,8688
"FJI",2021,"HepB","HepB",117.399933105729,119.820550283166,"WPRO","Upper middle income",0.99,17736
"FJI",2021,"HepB","HepB_BD",47.6077487872106,48.5893518549882,"WPRO","Upper middle income",0.99,17736
"FJI",2021,"Hib","Hib3",17.4688473406801,17.8290297600756,"WPRO","Upper middle income",0.99,17736
"FJI",2021,"Measles","MCV1",93.3057220617753,96.2215258762058,"WPRO","Upper middle income",0.99,17736
"FJI",2021,"Measles","MCV2",7.5275835352259,8.21190931115552,"WPRO","Upper middle income",0.72,17996
"FJI",2021,"PCV","PCV3",20.6836616710851,21.3300260983065,"WPRO","Upper middle income",0.99,17736
"FJI",2021,"Rota","Rota",4.61442581505158,4.75862662177194,"WPRO","Upper middle income",0.99,17736
"FJI",2021,"D","DTP3",6.43694052206115,6.56966094519643,"WPRO","Upper middle income",0.99,17736
"FJI",2021,"P","DTP3",132.82521027614,135.563874405545,"WPRO","Upper middle income",0.99,17736
"FJI",2021,"T","DTP3",11.6096044511166,11.8489777387685,"WPRO","Upper middle income",0.99,17736
"FJI",2021,"TB","BCG",33.7880692676219,34.4847304896348,"WPRO","Upper middle income",0.99,17736
"FJI",2021,"Rubella","Rubella",6.31913195891254,6.51660483262856,"WPRO","Upper middle income",0.99,17736
"FJI",2022,"HPV","HPV",97.2364805482188,0,"WPRO","Upper middle income",0,8710
"FJI",2022,"HepB","HepB",116.366784774575,118.604509515746,"WPRO","Upper middle income",0.99,17556
"FJI",2022,"HepB","HepB_BD",47.1887888703836,47.610405358436,"WPRO","Upper middle income",0.98,17556
"FJI",2022,"Hib","Hib3",17.3151171808772,17.6480856150139,"WPRO","Upper middle income",0.99,17556
"FJI",2022,"Measles","MCV1",92.6440313394626,95.2449880628478,"WPRO","Upper middle income",0.99,17556
"FJI",2022,"Measles","MCV2",8.49290307164769,8.81120772350554,"WPRO","Upper middle income",0.78,17824
"FJI",2022,"PCV","PCV3",20.5369805594792,21.1135508672682,"WPRO","Upper middle income",0.99,17556
"FJI",2022,"Rota","Rota",4.58170196186069,4.71033203494746,"WPRO","Upper middle income",0.99,17556
"FJI",2022,"D","DTP3",6.38029385981721,6.50298644304626,"WPRO","Upper middle income",0.99,17556
"FJI",2022,"P","DTP3",131.656315706087,134.188057006301,"WPRO","Upper middle income",0.99,17556
"FJI",2022,"T","DTP3",11.507437072084,11.7287242434495,"WPRO","Upper middle income",0.99,17556
"FJI",2022,"TB","BCG",33.490725934851,34.1347501396046,"WPRO","Upper middle income",0.99,17556
"FJI",2022,"Rubella","Rubella",6.27431894104088,6.45046878899566,"WPRO","Upper middle income",0.99,17556
"FRA",2019,"HPV","HPV",1034.18089548799,1034.18089548799,"EURO","High income",0.33,388422
"FRA",2019,"HepB","HepB",4026.25271306193,4026.25271306193,"EURO","High income",0.93,687923
"FRA",2019,"Hib","Hib3",82.6275759932044,82.6275759932044,"EURO","High income",0.96,687923
"FRA",2019,"Measles","MCV1",1621.20178723627,1621.20178723627,"EURO","High income",0.92,687923
"FRA",2019,"Measles","MCV2",218.965967723891,218.965967723891,"EURO","High income",0.86,687923
"FRA",2019,"PCV","PCV3",96.062895304588,96.062895304588,"EURO","High income",0.92,687923
"FRA",2019,"D","DTP3",3.20140798930062,3.20140798930062,"EURO","High income",0.96,687923
"FRA",2019,"P","DTP3",125.900444481563,125.900444481563,"EURO","High income",0.96,687923
"FRA",2019,"T","DTP3",19.1415212759464,19.1415212759464,"EURO","High income",0.96,687923
"FRA",2019,"Rubella","Rubella",313.667981810932,313.667981810932,"EURO","High income",0.92,687923
"FRA",2020,"HPV","HPV",1641.49579666187,0,"EURO","High income",0,391253
"FRA",2020,"HepB","HepB",3977.92641978237,4063.47322450887,"EURO","High income",0.95,679666
"FRA",2020,"Hib","Hib3",81.6358139864451,81.6358139864451,"EURO","High income",0.96,679666
"FRA",2020,"Measles","MCV1",1601.74283157232,1636.56332791085,"EURO","High income",0.94,679666
"FRA",2020,"Measles","MCV2",216.33776370179,226.399985269315,"EURO","High income",0.9,679666
"FRA",2020,"PCV","PCV3",94.9098718898599,98.0047590167031,"EURO","High income",0.95,679666
"FRA",2020,"D","DTP3",3.16298213965225,3.16298213965225,"EURO","High income",0.96,679666
"FRA",2020,"P","DTP3",124.389287026319,124.389287026319,"EURO","High income",0.96,679666
"FRA",2020,"T","DTP3",18.9117694851566,18.9117694851566,"EURO","High income",0.96,679666
"FRA",2020,"Rubella","Rubella",309.903088754859,316.640112423442,"EURO","High income",0.94,679666
"FRA",2021,"HPV","HPV",1702.46489641573,0,"EURO","High income",0,390756
"FRA",2021,"HepB","HepB",3859.61859704373,3942.62114751779,"EURO","High income",0.95,659452
"FRA",2021,"Hib","Hib3",79.2078768174209,79.2078768174209,"EURO","High income",0.96,659452
"FRA",2021,"Measles","MCV1",1554.10527195126,1587.8901691676,"EURO","High income",0.94,659452
"FRA",2021,"Measles","MCV2",209.903645244389,219.666605488314,"EURO","High income",0.9,659452
"FRA",2021,"PCV","PCV3",92.0871499199782,95.0899917651949,"EURO","High income",0.95,659452
"FRA",2021,"D","DTP3",3.06891163889022,3.06891163889022,"EURO","High income",0.96,659452
"FRA",2021,"P","DTP3",120.689815450648,120.689815450648,"EURO","High income",0.96,659452
"FRA",2021,"T","DTP3",18.3493130604231,18.3493130604231,"EURO","High income",0.96,659452
"FRA",2021,"Rubella","Rubella",300.686236600873,307.222893918283,"EURO","High income",0.94,659452
"FRA",2022,"HPV","HPV",1783.49712455083,0,"EURO","High income",0,394735
"FRA",2022,"HepB","HepB",3857.3129686469,3922.46717742098,"EURO","High income",0.95,656081
"FRA",2022,"Hib","Hib3",78.8029803992562,78.8029803992562,"EURO","High income",0.96,656081
"FRA",2022,"Measles","MCV1",1556.12701982789,1579.77316025677,"EURO","High income",0.94,656081
"FRA",2022,"Measles","MCV2",213.248137544534,218.543709315277,"EURO","High income",0.9,656081
"FRA",2022,"PCV","PCV3",92.2069468238142,94.6039088323347,"EURO","High income",0.95,656081
"FRA",2022,"D","DTP3",3.05322391463629,3.05322391463629,"EURO","High income",0.96,656081
"FRA",2022,"P","DTP3",120.072870824073,120.072870824073,"EURO","High income",0.96,656081
"FRA",2022,"T","DTP3",18.255514672782,18.255514672782,"EURO","High income",0.96,656081
"FRA",2022,"Rubella","Rubella",301.077401711338,305.652425748654,"EURO","High income",0.94,656081
"FSM",2019,"HepB","HepB",40.5529999862326,40.5529999862326,"WPRO","Lower middle income",0.84,2300
"FSM",2019,"HepB","HepB_BD",7.33897960221018,7.33897960221018,"WPRO","Lower middle income",0.7,2300
"FSM",2019,"Hib","Hib3",2.92342585310979,2.92342585310979,"WPRO","Lower middle income",0.64,2300
"FSM",2019,"Measles","MCV1",12.4950365722384,12.4950365722384,"WPRO","Lower middle income",0.78,2300
"FSM",2019,"Measles","MCV2",1.0837898852339,1.0837898852339,"WPRO","Lower middle income",0.52,2288
"FSM",2019,"PCV","PCV3",4.00482159494123,4.00482159494123,"WPRO","Lower middle income",0.73,2300
"FSM",2019,"Rota","Rota",0.523587447192917,0.523587447192917,"WPRO","Lower middle income",0.36,2300
"FSM",2019,"D","DTP3",0.461023964788518,0.461023964788518,"WPRO","Lower middle income",0.78,2300
"FSM",2019,"P","DTP3",11.4037920662594,11.4037920662594,"WPRO","Lower middle income",0.78,2300
"FSM",2019,"T","DTP3",1.0712168817758,1.0712168817758,"WPRO","Lower middle income",0.78,2300
"FSM",2019,"TB","BCG",2.4782020424567,2.4782020424567,"WPRO","Lower middle income",0.77,2300
"FSM",2019,"Rubella","Rubella",0.385971119968225,0.385971119968225,"WPRO","Lower middle income",0.78,2300
"FSM",2020,"HPV","HPV",1.577575449329,0.631030179731599,"WPRO","Lower middle income",0.28,1149
"FSM",2020,"HepB","HepB",40.4648412906104,42.3917384949251,"WPRO","Lower middle income",0.88,2295
"FSM",2020,"HepB","HepB_BD",7.32302529872711,6.69533741597907,"WPRO","Lower middle income",0.64,2295
"FSM",2020,"Hib","Hib3",2.91707057951607,3.09938749073582,"WPRO","Lower middle income",0.68,2295
"FSM",2020,"Measles","MCV1",12.4678734492552,12.6277179806559,"WPRO","Lower middle income",0.79,2295
"FSM",2020,"Measles","MCV2",1.07621093498751,1.28317457633126,"WPRO","Lower middle income",0.62,2272
"FSM",2020,"PCV","PCV3",3.99611546103918,4.32456330715199,"WPRO","Lower middle income",0.79,2295
"FSM",2020,"Rota","Rota",0.522449213612063,0.580499126235626,"WPRO","Lower middle income",0.4,2295
"FSM",2020,"D","DTP3",0.460021738778109,0.489510311776705,"WPRO","Lower middle income",0.83,2295
"FSM",2020,"P","DTP3",11.3790012139414,12.1084243686813,"WPRO","Lower middle income",0.83,2295
"FSM",2020,"T","DTP3",1.06888814942411,1.13740662054104,"WPRO","Lower middle income",0.83,2295
"FSM",2020,"TB","BCG",2.47281464671223,2.69761597823152,"WPRO","Lower middle income",0.84,2295
"FSM",2020,"Rubella","Rubella",0.38513205231612,0.390069642730429,"WPRO","Lower middle income",0.79,2295
"FSM",2021,"HPV","HPV",1.55286147362149,0.709879530798398,"WPRO","Lower middle income",0.32,1131
"FSM",2021,"HepB","HepB",40.3766825949881,37.9733086310007,"WPRO","Lower middle income",0.79,2290
"FSM",2021,"HepB","HepB_BD",7.30707099524405,6.78513735272662,"WPRO","Lower middle income",0.65,2290
"FSM",2021,"Hib","Hib3",2.91071530592235,2.54687589268206,"WPRO","Lower middle income",0.56,2290
"FSM",2021,"Measles","MCV1",12.4407103262721,10.2077623189925,"WPRO","Lower middle income",0.64,2290
"FSM",2021,"Measles","MCV2",1.07242145986432,0.783692605285461,"WPRO","Lower middle income",0.38,2264
"FSM",2021,"PCV","PCV3",3.98740932713714,3.82354319040547,"WPRO","Lower middle income",0.7,2290
"FSM",2021,"Rota","Rota",0.521310980031209,0.608196143369744,"WPRO","Lower middle income",0.42,2290
"FSM",2021,"D","DTP3",0.459019512767699,0.423710319477876,"WPRO","Lower middle income",0.72,2290
"FSM",2021,"P","DTP3",11.3542103616235,10.4808095645755,"WPRO","Lower middle income",0.72,2290
"FSM",2021,"T","DTP3",1.06655941707243,0.984516384989932,"WPRO","Lower middle income",0.72,2290
"FSM",2021,"TB","BCG",2.46742725096776,1.89062607541685,"WPRO","Lower middle income",0.59,2290
"FSM",2021,"Rubella","Rubella",0.384292984664015,0.315317320749961,"WPRO","Lower middle income",0.64,2290
"FSM",2022,"HPV","HPV",1.77305122861549,1.53226649386524,"WPRO","Lower middle income",0.7,1116
"FSM",2022,"HepB","HepB",41.4404546948714,36.2867488230847,"WPRO","Lower middle income",0.75,2305
"FSM",2022,"HepB","HepB_BD",7.87108941047271,8.19549778062962,"WPRO","Lower middle income",0.78,2305
"FSM",2022,"Hib","Hib3",3.22727721029241,2.47200282565608,"WPRO","Lower middle income",0.54,2305
"FSM",2022,"Measles","MCV1",12.9969864561042,11.077330499619,"WPRO","Lower middle income",0.69,2305
"FSM",2022,"Measles","MCV2",1.27946242393599,0.785423375173459,"WPRO","Lower middle income",0.38,2269
"FSM",2022,"PCV","PCV3",4.24198792089133,3.57368907362757,"WPRO","Lower middle income",0.65,2305
"FSM",2022,"Rota","Rota",0.740463646455845,0.58302853419308,"WPRO","Lower middle income",0.4,2305
"FSM",2022,"D","DTP3",0.4795441927404,0.408715476475975,"WPRO","Lower middle income",0.69,2305
"FSM",2022,"P","DTP3",11.8619045391758,10.1099002741261,"WPRO","Lower middle income",0.69,2305
"FSM",2022,"T","DTP3",1.1142497441683,0.949674966343545,"WPRO","Lower middle income",0.69,2305
"FSM",2022,"TB","BCG",2.58647876780845,2.41908062162452,"WPRO","Lower middle income",0.75,2305
"FSM",2022,"Rubella","Rubella",0.401476329394666,0.342178242894907,"WPRO","Lower middle income",0.69,2305
"GAB",2019,"HepB","HepB",538.299181819975,538.299181819975,"AFRO","Upper middle income",0.7,61863
"GAB",2019,"Hib","Hib3",94.9813843212354,94.9813843212354,"AFRO","Upper middle income",0.7,61863
"GAB",2019,"Measles","MCV1",775.592574615424,775.592574615424,"AFRO","Upper middle income",0.62,61863
"GAB",2019,"YF","YF",264.693141133363,264.693141133363,"AFRO","Upper middle income",0.61,61863
"GAB",2019,"D","DTP3",15.2762207456379,15.2762207456379,"AFRO","Upper middle income",0.7,61863
"GAB",2019,"P","DTP3",499.29669992372,499.29669992372,"AFRO","Upper middle income",0.7,61863
"GAB",2019,"T","DTP3",30.8979595088673,30.8979595088673,"AFRO","Upper middle income",0.7,61863
"GAB",2019,"TB","BCG",222.926369213369,222.926369213369,"AFRO","Upper middle income",0.92,61863
"GAB",2020,"HepB","HepB",538.708151018777,484.8373359169,"AFRO","Upper middle income",0.63,61910
"GAB",2020,"Hib","Hib3",95.0535457919545,85.5481912127591,"AFRO","Upper middle income",0.63,61910
"GAB",2020,"Measles","MCV1",776.181825880428,663.510270510689,"AFRO","Upper middle income",0.53,61910
"GAB",2020,"YF","YF",264.894239974888,225.811483257282,"AFRO","Upper middle income",0.52,61910
"GAB",2020,"D","DTP3",15.287826752056,13.7590440768504,"AFRO","Upper middle income",0.63,61910
"GAB",2020,"P","DTP3",499.676037248072,449.708433523265,"AFRO","Upper middle income",0.63,61910
"GAB",2020,"T","DTP3",30.9214340267038,27.8292906240334,"AFRO","Upper middle income",0.63,61910
"GAB",2020,"TB","BCG",223.095736029609,206.121060462139,"AFRO","Upper middle income",0.85,61910
"GAB",2021,"HepB","HepB",538.22086856914,576.665216324079,"AFRO","Upper middle income",0.75,61854
"GAB",2021,"Hib","Hib3",94.9675661672678,101.750963750644,"AFRO","Upper middle income",0.75,61854
"GAB",2021,"Measles","MCV1",775.479739266807,800.495214727026,"AFRO","Upper middle income",0.64,61854
"GAB",2021,"YF","YF",264.65463284456,277.670434459867,"AFRO","Upper middle income",0.64,61854
"GAB",2021,"D","DTP3",15.273998318877,16.3649981987967,"AFRO","Upper middle income",0.75,61854
"GAB",2021,"P","DTP3",499.22406086161,534.882922351725,"AFRO","Upper middle income",0.75,61854
"GAB",2021,"T","DTP3",30.8934643884306,33.1001404161756,"AFRO","Upper middle income",0.75,61854
"GAB",2021,"TB","BCG",222.893937269834,208.35737614354,"AFRO","Upper middle income",0.86,61854
"GAB",2022,"HepB","HepB",556.252760252516,462.107847162767,"AFRO","Upper middle income",0.6,61958
"GAB",2022,"Hib","Hib3",98.149242996549,81.5376365255267,"AFRO","Upper middle income",0.6,61958
"GAB",2022,"Measles","MCV1",823.501298680568,651.495934663423,"AFRO","Upper middle income",0.52,61958
"GAB",2022,"YF","YF",282.17172474917,221.640663824158,"AFRO","Upper middle income",0.51,61958
"GAB",2022,"D","DTP3",15.78571962019,13.1140111669551,"AFRO","Upper middle income",0.6,61958
"GAB",2022,"P","DTP3",515.949451341402,428.625810496565,"AFRO","Upper middle income",0.6,61958
"GAB",2022,"T","DTP3",31.9284811187505,26.5246354305999,"AFRO","Upper middle income",0.6,61958
"GAB",2022,"TB","BCG",223.26870639513,199.000368743485,"AFRO","Upper middle income",0.82,61958
"GBR",2019,"HPV","HPV",2121.5435075428,2121.5435075428,"EURO","High income",0.81,398405
"GBR",2019,"HepB","HepB",2432.30336252053,2432.30336252053,"EURO","High income",0.93,733051
"GBR",2019,"Hib","Hib3",95.0255807559638,95.0255807559638,"EURO","High income",0.93,733051
"GBR",2019,"Measles","MCV1",1821.35600235826,1821.35600235826,"EURO","High income",0.91,733051
"GBR",2019,"Measles","MCV2",292.169151597195,292.169151597195,"EURO","High income",0.87,733051
"GBR",2019,"PCV","PCV3",114.280272741226,114.280272741226,"EURO","High income",0.91,733051
"GBR",2019,"Rota","Rota",28.6586618973502,28.6586618973502,"EURO","High income",0.9,733051
"GBR",2019,"D","DTP3",4.29789908457176,4.29789908457176,"EURO","High income",0.93,733051
"GBR",2019,"P","DTP3",164.368867342452,164.368867342452,"EURO","High income",0.93,733051
"GBR",2019,"T","DTP3",22.5710173551811,22.5710173551811,"EURO","High income",0.93,733051
"GBR",2019,"Rubella","Rubella",364.410637745913,364.410637745913,"EURO","High income",0.91,733051
"GBR",2020,"HPV","HPV",3935.46502918561,0,"EURO","High income",0,393253
"GBR",2020,"HepB","HepB",2357.66372061307,2357.66372061307,"EURO","High income",0.93,710556
"GBR",2020,"Hib","Hib3",92.1095483938152,92.1095483938152,"EURO","High income",0.93,710556
"GBR",2020,"Measles","MCV1",1765.46438871466,1765.46438871466,"EURO","High income",0.91,710556
"GBR",2020,"Measles","MCV2",283.203411061845,283.203411061845,"EURO","High income",0.87,710556
"GBR",2020,"PCV","PCV3",110.773375219343,110.773375219343,"EURO","High income",0.91,710556
"GBR",2020,"Rota","Rota",27.7792188580789,28.0878768453909,"EURO","High income",0.91,710556
"GBR",2020,"D","DTP3",4.16601025295234,4.16601025295234,"EURO","High income",0.93,710556
"GBR",2020,"P","DTP3",159.324910413305,159.324910413305,"EURO","High income",0.93,710556
"GBR",2020,"T","DTP3",21.8783847342519,21.8783847342519,"EURO","High income",0.93,710556
"GBR",2020,"Rubella","Rubella",353.228036131435,353.228036131435,"EURO","High income",0.91,710556
"GBR",2021,"HPV","HPV",4031.66433862537,0,"EURO","High income",0,403204
"GBR",2021,"HepB","HepB",2255.78616715113,2255.78616715113,"EURO","High income",0.93,679852
"GBR",2021,"Hib","Hib3",88.1293813501428,88.1293813501428,"EURO","High income",0.93,679852
"GBR",2021,"Measles","MCV1",1689.17649783612,1689.17649783612,"EURO","High income",0.91,679852
"GBR",2021,"Measles","MCV2",270.96584282902,270.96584282902,"EURO","High income",0.87,679852
"GBR",2021,"PCV","PCV3",105.986721229039,105.986721229039,"EURO","High income",0.91,679852
"GBR",2021,"Rota","Rota",26.578844593674,26.8741650891593,"EURO","High income",0.91,679852
"GBR",2021,"D","DTP3",3.98599181836499,3.98599181836499,"EURO","High income",0.93,679852
"GBR",2021,"P","DTP3",152.440284783051,152.440284783051,"EURO","High income",0.93,679852
"GBR",2021,"T","DTP3",20.932992780795,20.932992780795,"EURO","High income",0.93,679852
"GBR",2021,"Rubella","Rubella",337.964617595275,337.964617595275,"EURO","High income",0.91,679852
"GBR",2022,"HPV","HPV",4037.78918121546,0,"EURO","High income",0,403895
"GBR",2022,"HepB","HepB",2253.35387439926,2226.27859910431,"EURO","High income",0.92,678252
"GBR",2022,"Hib","Hib3",88.0343561839252,86.9765753993916,"EURO","High income",0.92,678252
"GBR",2022,"Measles","MCV1",1692.54315593177,1666.68240626339,"EURO","High income",0.9,678252
"GBR",2022,"Measles","MCV2",273.653487923901,270.328137345288,"EURO","High income",0.87,678252
"GBR",2022,"PCV","PCV3",106.197960879551,104.575338217332,"EURO","High income",0.9,678252
"GBR",2022,"Rota","Rota",26.6788600561927,26.5162925215321,"EURO","High income",0.9,678252
"GBR",2022,"D","DTP3",3.98169393802952,3.9338517146055,"EURO","High income",0.92,678252
"GBR",2022,"P","DTP3",152.27591663275,150.446238475908,"EURO","High income",0.92,678252
"GBR",2022,"T","DTP3",20.9104218619034,20.6591717431906,"EURO","High income",0.92,678252
"GBR",2022,"Rubella","Rubella",338.638206955136,333.464077203984,"EURO","High income",0.9,678252
"GEO",2019,"HepB","HepB",219.199754964517,219.199754964517,"EURO","Upper middle income",0.94,53839
"GEO",2019,"HepB","HepB_BD",102.033630496142,102.033630496142,"EURO","Upper middle income",0.94,53839
"GEO",2019,"Hib","Hib3",15.574144551604,15.574144551604,"EURO","Upper middle income",0.94,53839
"GEO",2019,"Measles","MCV1",268.036125506909,268.036125506909,"EURO","Upper middle income",0.99,53839
"GEO",2019,"Measles","MCV2",22.8342748538563,22.8342748538563,"EURO","Upper middle income",0.97,57513
"GEO",2019,"PCV","PCV3",13.6697048799589,13.6697048799589,"EURO","Upper middle income",0.84,53839
"GEO",2019,"Rota","Rota",1.70520242666521,1.70520242666521,"EURO","Upper middle income",0.81,53839
"GEO",2019,"D","DTP3",2.68672482888601,2.68672482888601,"EURO","Upper middle income",0.94,53839
"GEO",2019,"P","DTP3",71.6863962277477,71.6863962277477,"EURO","Upper middle income",0.94,53839
"GEO",2019,"T","DTP3",8.49074395345552,8.49074395345552,"EURO","Upper middle income",0.94,53839
"GEO",2019,"TB","BCG",9.08069717014554,9.08069717014554,"EURO","Upper middle income",0.96,53839
"GEO",2019,"Rubella","Rubella",12.881280010471,12.881280010471,"EURO","Upper middle income",0.99,53839
"GEO",2020,"HPV","HPV",74.6978234179357,21.6230541472972,"EURO","Upper middle income",0.22,26353
"GEO",2020,"HepB","HepB",204.697451296476,191.631656532872,"EURO","Upper middle income",0.88,50277
"GEO",2020,"HepB","HepB_BD",95.2830632154113,98.3240120414351,"EURO","Upper middle income",0.97,50277
"GEO",2020,"Hib","Hib3",14.5437557462247,13.6154309113593,"EURO","Upper middle income",0.88,50277
"GEO",2020,"Measles","MCV1",250.302796896503,230.076308258402,"EURO","Upper middle income",0.91,50277
"GEO",2020,"Measles","MCV2",21.9520785030266,17.4258767498253,"EURO","Upper middle income",0.77,55291
"GEO",2020,"PCV","PCV3",12.7653142192406,12.4613781664016,"EURO","Upper middle income",0.82,50277
"GEO",2020,"Rota","Rota",1.59238586165134,1.47443135338087,"EURO","Upper middle income",0.75,50277
"GEO",2020,"D","DTP3",2.50897052734824,2.34882347241112,"EURO","Upper middle income",0.88,50277
"GEO",2020,"P","DTP3",66.9436085949307,62.6706123016373,"EURO","Upper middle income",0.88,50277
"GEO",2020,"T","DTP3",7.92899447887003,7.42288844830385,"EURO","Upper middle income",0.88,50277
"GEO",2020,"TB","BCG",8.47991626188093,8.47991626188093,"EURO","Upper middle income",0.96,50277
"GEO",2020,"Rubella","Rubella",12.0290517113329,11.0570071285989,"EURO","Upper middle income",0.91,50277
"GEO",2021,"HPV","HPV",76.7614953684782,29.7450794552853,"EURO","Upper middle income",0.31,25727
"GEO",2021,"HepB","HepB",197.230515606643,178.346742835795,"EURO","Upper middle income",0.85,48443
"GEO",2021,"HepB","HepB_BD",91.8073359855236,92.7840097726036,"EURO","Upper middle income",0.95,48443
"GEO",2021,"Hib","Hib3",14.0132298986488,12.6715376743101,"EURO","Upper middle income",0.85,48443
"GEO",2021,"Measles","MCV1",241.172273406474,219.247521278613,"EURO","Upper middle income",0.9,48443
"GEO",2021,"Measles","MCV2",21.2965851748449,17.7837463831179,"EURO","Upper middle income",0.81,53640
"GEO",2021,"PCV","PCV3",12.2996622058332,12.0068131056943,"EURO","Upper middle income",0.82,48443
"GEO",2021,"Rota","Rota",1.53429894973797,1.43958913802575,"EURO","Upper middle income",0.76,48443
"GEO",2021,"D","DTP3",2.41744852032402,2.18599068327172,"EURO","Upper middle income",0.85,48443
"GEO",2021,"P","DTP3",64.5016455071748,58.3259560437219,"EURO","Upper middle income",0.85,48443
"GEO",2021,"T","DTP3",7.63976131312331,6.90829480442001,"EURO","Upper middle income",0.85,48443
"GEO",2021,"TB","BCG",8.1705866196133,8.1705866196133,"EURO","Upper middle income",0.96,48443
"GEO",2021,"Rubella","Rubella",11.5902570171669,10.5365972883335,"EURO","Upper middle income",0.9,48443
"GEO",2022,"HPV","HPV",86.1418563220124,32.5424790549825,"EURO","Upper middle income",0.34,25663
"GEO",2022,"HepB","HepB",203.704031281035,184.200453817957,"EURO","Upper middle income",0.85,50033
"GEO",2022,"HepB","HepB_BD",94.820643671195,95.8293739230163,"EURO","Upper middle income",0.95,50033
"GEO",2022,"Hib","Hib3",14.4731732452386,13.0874438919711,"EURO","Upper middle income",0.85,50033
"GEO",2022,"Measles","MCV1",249.088048951265,226.443680864787,"EURO","Upper middle income",0.9,50033
"GEO",2022,"Measles","MCV2",19.9002374854353,16.0022528233397,"EURO","Upper middle income",0.78,50123
"GEO",2022,"PCV","PCV3",12.9532017147997,11.9472101557775,"EURO","Upper middle income",0.79,50033
"GEO",2022,"Rota","Rota",1.62934220748379,1.40858473949434,"EURO","Upper middle income",0.72,50033
"GEO",2022,"D","DTP3",2.49679420798406,2.25773944338984,"EURO","Upper middle income",0.85,50033
"GEO",2022,"P","DTP3",66.6187236475957,60.2403352132514,"EURO","Upper middle income",0.85,50033
"GEO",2022,"T","DTP3",7.89051416674233,7.13503940609679,"EURO","Upper middle income",0.85,50033
"GEO",2022,"TB","BCG",8.43876226367302,8.35085849009309,"EURO","Upper middle income",0.95,50033
"GEO",2022,"Rubella","Rubella",11.9706733550752,10.8824303227957,"EURO","Upper middle income",0.9,50033
"GHA",2019,"HepB","HepB",14654.8205823784,14654.8205823784,"AFRO","Lower middle income",0.97,869446
"GHA",2019,"Hib","Hib3",1325.02253203292,1325.02253203292,"AFRO","Lower middle income",0.97,869446
"GHA",2019,"Measles","MCV1",20639.5170819339,20639.5170819339,"AFRO","Lower middle income",0.92,869446
"GHA",2019,"Measles","MCV2",1950.57041989881,1950.57041989881,"AFRO","Lower middle income",0.83,863977
"GHA",2019,"MenA","MenA",82.4425963242547,82.4425963242547,"AFRO","Lower middle income",0.79,869446
"GHA",2019,"PCV","PCV3",1263.86939273514,1263.86939273514,"AFRO","Lower middle income",0.97,869446
"GHA",2019,"Rota","Rota",569.500874132288,569.500874132288,"AFRO","Lower middle income",0.93,869446
"GHA",2019,"YF","YF",8769.23238785542,8769.23238785542,"AFRO","Lower middle income",0.92,869446
"GHA",2019,"D","DTP3",121.885658915739,121.885658915739,"AFRO","Lower middle income",0.97,869446
"GHA",2019,"P","DTP3",7090.09765123527,7090.09765123527,"AFRO","Lower middle income",0.97,869446
"GHA",2019,"T","DTP3",402.591663606174,402.591663606174,"AFRO","Lower middle income",0.97,869446
"GHA",2019,"TB","BCG",1858.12677509557,1858.12677509557,"AFRO","Lower middle income",0.96,869446
"GHA",2019,"Rubella","Rubella",252.41019784108,252.41019784108,"AFRO","Lower middle income",0.92,869446
"GHA",2020,"HepB","HepB",14740.1592424086,14284.2780287258,"AFRO","Lower middle income",0.94,874509
"GHA",2020,"Hib","Hib3",1332.73846732928,1291.51975184487,"AFRO","Lower middle income",0.94,874509
"GHA",2020,"Measles","MCV1",20759.7061160842,19857.1101979936,"AFRO","Lower middle income",0.88,874509
"GHA",2020,"Measles","MCV2",1895.57596419187,1804.2229056766,"AFRO","Lower middle income",0.79,839618
"GHA",2020,"MenA","MenA",82.9226800387001,74.7668670779318,"AFRO","Lower middle income",0.7123,874509
"GHA",2020,"PCV","PCV3",1271.22921811293,1245.01830639926,"AFRO","Lower middle income",0.95,874509
"GHA",2020,"Rota","Rota",572.817219167783,548.179919418631,"AFRO","Lower middle income",0.89,874509
"GHA",2020,"YF","YF",8820.29780604092,8436.80659708262,"AFRO","Lower middle income",0.88,874509
"GHA",2020,"D","DTP3",122.595429380023,118.803818162084,"AFRO","Lower middle income",0.94,874509
"GHA",2020,"P","DTP3",7131.38505080719,6910.82675026676,"AFRO","Lower middle income",0.94,874509
"GHA",2020,"T","DTP3",404.936054853978,392.41225934303,"AFRO","Lower middle income",0.94,874509
"GHA",2020,"TB","BCG",1868.94710880498,1810.54251165482,"AFRO","Lower middle income",0.93,874509
"GHA",2020,"Rubella","Rubella",253.880045113561,242.841782282536,"AFRO","Lower middle income",0.88,874509
"GHA",2021,"HPV","HPV",7383.38850306826,0,"AFRO","Lower middle income",0,394762
"GHA",2021,"HepB","HepB",14778.0500794119,14930.4011111584,"AFRO","Lower middle income",0.98,876757
"GHA",2021,"Hib","Hib3",1336.16438527244,1349.93927584226,"AFRO","Lower middle income",0.98,876757
"GHA",2021,"Measles","MCV1",20813.0707119305,21265.5287708855,"AFRO","Lower middle income",0.94,876757
"GHA",2021,"Measles","MCV2",1943.73195336339,1943.73195336339,"AFRO","Lower middle income",0.83,860948
"GHA",2021,"MenA","MenA",83.1358398629295,85.2405446695859,"AFRO","Lower middle income",0.81,876757
"GHA",2021,"PCV","PCV3",1274.49702128285,1287.63616583215,"AFRO","Lower middle income",0.98,876757
"GHA",2021,"Rota","Rota",574.289694703986,592.815168726695,"AFRO","Lower middle income",0.96,876757
"GHA",2021,"YF","YF",8842.97113412328,9035.209637039,"AFRO","Lower middle income",0.94,876757
"GHA",2021,"D","DTP3",122.910571391422,124.177690684117,"AFRO","Lower middle income",0.98,876757
"GHA",2021,"P","DTP3",7149.71688454957,7223.42530603977,"AFRO","Lower middle income",0.98,876757
"GHA",2021,"T","DTP3",405.976977533232,410.162307198523,"AFRO","Lower middle income",0.98,876757
"GHA",2021,"TB","BCG",1873.75139681184,1932.30612796221,"AFRO","Lower middle income",0.99,876757
"GHA",2021,"Rubella","Rubella",254.532665431265,260.065984244988,"AFRO","Lower middle income",0.94,876757
"GHA",2022,"HPV","HPV",7305.15421752154,0,"AFRO","Lower middle income",0,405045
"GHA",2022,"HepB","HepB",14877.6122278023,15130.593373382,"AFRO","Lower middle income",0.99,879538
"GHA",2022,"Hib","Hib3",1345.16634399403,1368.03975388591,"AFRO","Lower middle income",0.99,879538
"GHA",2022,"Measles","MCV1",21253.639763108,21559.9278616717,"AFRO","Lower middle income",0.95,879538
"GHA",2022,"Measles","MCV2",2064.75093517169,1980.09874360654,"AFRO","Lower middle income",0.84,866615
"GHA",2022,"MenA","MenA",89.7622870673304,85.2892255809687,"AFRO","Lower middle income",0.8079,879538
"GHA",2022,"PCV","PCV3",1283.08351685393,1304.90126105898,"AFRO","Lower middle income",0.99,879538
"GHA",2022,"Rota","Rota",584.542650346375,582.306038758991,"AFRO","Lower middle income",0.94,879538
"GHA",2022,"YF","YF",9030.15828474003,9160.29270131947,"AFRO","Lower middle income",0.95,879538
"GHA",2022,"D","DTP3",123.738640079907,125.842710440162,"AFRO","Lower middle income",0.99,879538
"GHA",2022,"P","DTP3",7197.8857004342,7320.27962644639,"AFRO","Lower middle income",0.99,879538
"GHA",2022,"T","DTP3",408.712111049701,415.66191297238,"AFRO","Lower middle income",0.99,879538
"GHA",2022,"TB","BCG",1890.87551897107,1879.69477979542,"AFRO","Lower middle income",0.96,879538
"GHA",2022,"Rubella","Rubella",259.920588071554,263.666326852549,"AFRO","Lower middle income",0.95,879538
"GIN",2019,"HepB","HepB",3704.53713330831,3704.53713330831,"AFRO","Low income",0.47,427838
"GIN",2019,"Hib","Hib3",838.151459814574,838.151459814574,"AFRO","Low income",0.47,427838
"GIN",2019,"Measles","MCV1",7135.23530943066,7135.23530943066,"AFRO","Low income",0.47,427838
"GIN",2019,"YF","YF",1963.77928236334,1963.77928236334,"AFRO","Low income",0.4,427838
"GIN",2019,"D","DTP3",19.3303190040771,19.3303190040771,"AFRO","Low income",0.47,427838
"GIN",2019,"P","DTP3",1097.13651600694,1097.13651600694,"AFRO","Low income",0.47,427838
"GIN",2019,"T","DTP3",88.1271503450775,88.1271503450775,"AFRO","Low income",0.47,427838
"GIN",2019,"TB","BCG",445.364544289895,445.364544289895,"AFRO","Low income",0.73,427838
"GIN",2020,"HepB","HepB",3750.3331984032,3750.3331984032,"AFRO","Low income",0.47,433127
"GIN",2020,"Hib","Hib3",848.512818719017,848.512818719017,"AFRO","Low income",0.47,433127
"GIN",2020,"Measles","MCV1",7223.44219977602,7223.44219977602,"AFRO","Low income",0.47,433127
"GIN",2020,"YF","YF",1988.05582774832,1988.05582774832,"AFRO","Low income",0.4,433127
"GIN",2020,"D","DTP3",19.5692834186746,19.5692834186746,"AFRO","Low income",0.47,433127
"GIN",2020,"P","DTP3",1110.69948851794,1110.69948851794,"AFRO","Low income",0.47,433127
"GIN",2020,"T","DTP3",89.2165919051426,89.2165919051426,"AFRO","Low income",0.47,433127
"GIN",2020,"TB","BCG",450.870210160504,450.870210160504,"AFRO","Low income",0.73,433127
"GIN",2021,"HepB","HepB",3795.67035038596,3795.67035038596,"AFRO","Low income",0.47,438363
"GIN",2021,"Hib","Hib3",858.770348540092,858.770348540092,"AFRO","Low income",0.47,438363
"GIN",2021,"Measles","MCV1",7310.76518670139,7310.76518670139,"AFRO","Low income",0.47,438363
"GIN",2021,"YF","YF",2012.08910277872,2012.08910277872,"AFRO","Low income",0.4,438363
"GIN",2021,"D","DTP3",19.8058532191723,19.8058532191723,"AFRO","Low income",0.47,438363
"GIN",2021,"P","DTP3",1124.12654922272,1124.12654922272,"AFRO","Low income",0.47,438363
"GIN",2021,"T","DTP3",90.2951163915295,90.2951163915295,"AFRO","Low income",0.47,438363
"GIN",2021,"TB","BCG",456.320704866214,456.320704866214,"AFRO","Low income",0.73,438363
"GIN",2022,"HepB","HepB",4257.96423261412,3835.2148066704,"AFRO","Low income",0.47,442930
"GIN",2022,"Hib","Hib3",963.364331083559,867.717281063555,"AFRO","Low income",0.47,442930
"GIN",2022,"Measles","MCV1",8201.18024075765,7386.93097762733,"AFRO","Low income",0.47,442930
"GIN",2022,"YF","YF",2368.81210111755,2033.0516633333,"AFRO","Low income",0.4,442930
"GIN",2022,"D","DTP3",22.2181082177133,20.0121966643352,"AFRO","Low income",0.47,442930
"GIN",2022,"P","DTP3",1261.03960504251,1135.83804392072,"AFRO","Low income",0.47,442930
"GIN",2022,"T","DTP3",101.292615133389,91.2358385705458,"AFRO","Low income",0.47,442930
"GIN",2022,"TB","BCG",465.770897950411,461.074793735768,"AFRO","Low income",0.73,442930
"GMB",2019,"HepB","HepB",864.668708298174,864.668708298174,"AFRO","Low income",0.88,82955
"GMB",2019,"Hib","Hib3",204.24822093242,204.24822093242,"AFRO","Low income",0.88,82955
"GMB",2019,"Measles","MCV1",1800.12802960749,1800.12802960749,"AFRO","Low income",0.85,82955
"GMB",2019,"Measles","MCV2",130.740987819801,130.740987819801,"AFRO","Low income",0.61,81013
"GMB",2019,"PCV","PCV3",217.876864748517,217.876864748517,"AFRO","Low income",0.87,82955
"GMB",2019,"Rota","Rota",42.639704443304,42.639704443304,"AFRO","Low income",0.9,82955
"GMB",2019,"YF","YF",582.103005596511,582.103005596511,"AFRO","Low income",0.87,82955
"GMB",2019,"D","DTP3",5.90772696155141,5.90772696155141,"AFRO","Low income",0.88,82955
"GMB",2019,"P","DTP3",402.831442122747,402.831442122747,"AFRO","Low income",0.88,82955
"GMB",2019,"T","DTP3",27.9045467514107,27.9045467514107,"AFRO","Low income",0.88,82955
"GMB",2019,"TB","BCG",88.0123351682466,88.0123351682466,"AFRO","Low income",0.88,82955
"GMB",2019,"Rubella","Rubella",24.8290806564328,24.8290806564328,"AFRO","Low income",0.85,82955
"GMB",2020,"HPV","HPV",464.042600025433,0,"AFRO","Low income",0,35978
"GMB",2020,"HepB","HepB",871.652350448253,841.936929410244,"AFRO","Low income",0.85,83625
"GMB",2020,"Hib","Hib3",205.897866017402,198.878620584991,"AFRO","Low income",0.85,83625
"GMB",2020,"Measles","MCV1",1814.66706619163,1750.61999326722,"AFRO","Low income",0.82,83625
"GMB",2020,"Measles","MCV2",131.449457986971,131.449457986971,"AFRO","Low income",0.61,81452
"GMB",2020,"PCV","PCV3",219.636583865888,209.538350124927,"AFRO","Low income",0.83,83625
"GMB",2020,"Rota","Rota",42.9840911828256,40.596086117113,"AFRO","Low income",0.85,83625
"GMB",2020,"YF","YF",586.804458357039,559.824943030279,"AFRO","Low income",0.83,83625
"GMB",2020,"D","DTP3",5.95544171128608,5.75241528931042,"AFRO","Low income",0.85,83625
"GMB",2020,"P","DTP3",406.084977970161,392.241171902996,"AFRO","Low income",0.85,83625
"GMB",2020,"T","DTP3",28.1299225132508,27.1709478821173,"AFRO","Low income",0.85,83625
"GMB",2020,"TB","BCG",88.7231815857347,85.6985276680392,"AFRO","Low income",0.85,83625
"GMB",2020,"Rubella","Rubella",25.0296168994539,24.1462186559437,"AFRO","Low income",0.82,83625
"GMB",2021,"HPV","HPV",475.586269129407,178.344850923528,"AFRO","Low income",0.27,36873
"GMB",2021,"HepB","HepB",880.262034651186,820.244168652241,"AFRO","Low income",0.82,84451
"GMB",2021,"Hib","Hib3",207.931607569933,193.754452508347,"AFRO","Low income",0.82,84451
"GMB",2021,"Measles","MCV1",1832.59131129386,1703.23192461429,"AFRO","Low income",0.79,84451
"GMB",2021,"Measles","MCV2",132.112740990858,132.112740990858,"AFRO","Low income",0.61,81863
"GMB",2021,"PCV","PCV3",221.806028628497,198.860577391067,"AFRO","Low income",0.78,84451
"GMB",2021,"Rota","Rota",43.4086634915492,38.1031601759154,"AFRO","Low income",0.79,84451
"GMB",2021,"YF","YF",592.600577730467,531.297069689385,"AFRO","Low income",0.78,84451
"GMB",2021,"D","DTP3",6.01426616394405,5.60420256185695,"AFRO","Low income",0.82,84451
"GMB",2021,"P","DTP3",410.096053507421,382.134958950096,"AFRO","Low income",0.82,84451
"GMB",2021,"T","DTP3",28.4077738256089,26.4708801556811,"AFRO","Low income",0.82,84451
"GMB",2021,"TB","BCG",89.5995385123693,82.4723024943399,"AFRO","Low income",0.81,84451
"GMB",2021,"Rubella","Rubella",25.276845163238,23.4925972693624,"AFRO","Low income",0.79,84451
"GMB",2022,"HPV","HPV",519.082470367731,0,"AFRO","Low income",0,37632
"GMB",2022,"HepB","HepB",896.455238089589,799.966850969093,"AFRO","Low income",0.79,85491
"GMB",2022,"Hib","Hib3",211.756694521443,188.964634139395,"AFRO","Low income",0.79,85491
"GMB",2022,"Measles","MCV1",1877.24515833213,1615.07992044714,"AFRO","Low income",0.74,85491
"GMB",2022,"Measles","MCV2",147.069484098305,113.644234107575,"AFRO","Low income",0.52,82607
"GMB",2022,"PCV","PCV3",226.299530663111,193.566838732835,"AFRO","Low income",0.75,85491
"GMB",2022,"Rota","Rota",44.062802945735,40.0371687126387,"AFRO","Low income",0.82,85491
"GMB",2022,"YF","YF",604.605895702258,503.362987654426,"AFRO","Low income",0.73,85491
"GMB",2022,"D","DTP3",6.12490394189166,5.46566064952101,"AFRO","Low income",0.79,85491
"GMB",2022,"P","DTP3",417.640135340239,372.68817193642,"AFRO","Low income",0.79,85491
"GMB",2022,"T","DTP3",28.9303601041056,25.8164915397263,"AFRO","Low income",0.79,85491
"GMB",2022,"TB","BCG",91.2478017544535,85.5493656619815,"AFRO","Low income",0.83,85491
"GMB",2022,"Rubella","Rubella",25.8927535605841,22.2767208508558,"AFRO","Low income",0.74,85491
"GNB",2019,"HepB","HepB",624.529058510811,624.529058510811,"AFRO","Low income",0.78,60185
"GNB",2019,"Hib","Hib3",137.040377659336,137.040377659336,"AFRO","Low income",0.78,60185
"GNB",2019,"Measles","MCV1",1397.37077185367,1397.37077185367,"AFRO","Low income",0.79,60185
"GNB",2019,"PCV","PCV3",132.402452439262,132.402452439262,"AFRO","Low income",0.78,60185
"GNB",2019,"Rota","Rota",74.7648783639705,74.7648783639705,"AFRO","Low income",0.81,60185
"GNB",2019,"YF","YF",353.323610511291,353.323610511291,"AFRO","Low income",0.79,60185
"GNB",2019,"D","DTP3",6.60810799937255,6.60810799937255,"AFRO","Low income",0.78,60185
"GNB",2019,"P","DTP3",360.164506520476,360.164506520476,"AFRO","Low income",0.78,60185
"GNB",2019,"T","DTP3",24.6924910052534,24.6924910052534,"AFRO","Low income",0.78,60185
"GNB",2019,"TB","BCG",109.956889915646,109.956889915646,"AFRO","Low income",0.84,60185
"GNB",2020,"HepB","HepB",628.876947112889,596.626847260946,"AFRO","Low income",0.74,60604
"GNB",2020,"Hib","Hib3",137.994434621025,130.917796948152,"AFRO","Low income",0.74,60604
"GNB",2020,"Measles","MCV1",1407.09908212046,1282.41941661611,"AFRO","Low income",0.72,60604
"GNB",2020,"PCV","PCV3",133.324220779746,126.48708125258,"AFRO","Low income",0.74,60604
"GNB",2020,"Rota","Rota",75.2853815463997,73.4264832366121,"AFRO","Low income",0.79,60604
"GNB",2020,"YF","YF",355.783402698783,319.754703691312,"AFRO","Low income",0.71,60604
"GNB",2020,"D","DTP3",6.65411277218533,6.31287621976557,"AFRO","Low income",0.74,60604
"GNB",2020,"P","DTP3",362.671924120079,344.073363908793,"AFRO","Low income",0.74,60604
"GNB",2020,"T","DTP3",24.8643968577283,23.589299582973,"AFRO","Low income",0.74,60604
"GNB",2020,"TB","BCG",110.722395222195,88.3142914272268,"AFRO","Low income",0.67,60604
"GNB",2021,"HepB","HepB",634.179503379384,544.743932389984,"AFRO","Low income",0.67,61115
"GNB",2021,"Hib","Hib3",139.15797425688,119.533131733473,"AFRO","Low income",0.67,61115
"GNB",2021,"Measles","MCV1",1418.96344141957,1131.57844062574,"AFRO","Low income",0.63,61115
"GNB",2021,"PCV","PCV3",134.448382168738,115.487712888531,"AFRO","Low income",0.67,61115
"GNB",2021,"Rota","Rota",75.9201718237776,67.4845971766912,"AFRO","Low income",0.72,61115
"GNB",2021,"YF","YF",358.78329245489,286.118321831115,"AFRO","Low income",0.63,61115
"GNB",2021,"D","DTP3",6.71021883163003,5.76390591947708,"AFRO","Low income",0.67,61115
"GNB",2021,"P","DTP3",365.729896419355,314.152603334575,"AFRO","Low income",0.67,61115
"GNB",2021,"T","DTP3",25.0740481479781,21.5379644348017,"AFRO","Low income",0.67,61115
"GNB",2021,"TB","BCG",111.65598283949,45.1940882921744,"AFRO","Low income",0.34,61115
"GNB",2022,"HPV","HPV",436.840982296505,0,"AFRO","Low income",0,27517
"GNB",2022,"HepB","HepB",651.591136881856,605.516591223005,"AFRO","Low income",0.74,61507
"GNB",2022,"Hib","Hib3",142.978608058186,132.868472986766,"AFRO","Low income",0.74,61507
"GNB",2022,"Measles","MCV1",1454.38229932451,1355.75778582078,"AFRO","Low income",0.75,61507
"GNB",2022,"PCV","PCV3",138.139712372328,128.371739598086,"AFRO","Low income",0.74,61507
"GNB",2022,"Rota","Rota",77.4631366017949,71.6906444611599,"AFRO","Low income",0.76,61507
"GNB",2022,"YF","YF",367.738910396259,324.519050886765,"AFRO","Low income",0.71,61507
"GNB",2022,"D","DTP3",6.89445037868435,6.40693811710647,"AFRO","Low income",0.74,61507
"GNB",2022,"P","DTP3",375.771146386309,349.200059301995,"AFRO","Low income",0.74,61507
"GNB",2022,"T","DTP3",25.7624654406366,23.940780302454,"AFRO","Low income",0.74,61507
"GNB",2022,"TB","BCG",113.244978204496,107.02110442076,"AFRO","Low income",0.8,61507
"GNQ",2019,"HepB","HepB",323.62575021835,323.62575021835,"AFRO","Upper middle income",0.53,46764
"GNQ",2019,"Hib","Hib3",90.0839599863915,90.0839599863915,"AFRO","Upper middle income",0.53,46764
"GNQ",2019,"Measles","MCV1",953.254543054518,953.254543054518,"AFRO","Upper middle income",0.53,46764
"GNQ",2019,"YF","YF",203.615505366179,203.615505366179,"AFRO","Upper middle income",0.53,46764
"GNQ",2019,"D","DTP3",4.73246074718297,4.73246074718297,"AFRO","Upper middle income",0.53,46764
"GNQ",2019,"P","DTP3",251.676536501202,251.676536501202,"AFRO","Upper middle income",0.53,46764
"GNQ",2019,"T","DTP3",11.953558051828,11.953558051828,"AFRO","Upper middle income",0.53,46764
"GNQ",2019,"TB","BCG",143.778375795886,143.778375795886,"AFRO","Upper middle income",0.85,46764
"GNQ",2020,"HepB","HepB",326.85757866228,326.85757866228,"AFRO","Upper middle income",0.53,47231
"GNQ",2020,"Hib","Hib3",90.9835667204957,90.9835667204957,"AFRO","Upper middle income",0.53,47231
"GNQ",2020,"Measles","MCV1",962.77404249012,962.77404249012,"AFRO","Upper middle income",0.53,47231
"GNQ",2020,"YF","YF",205.648873790736,205.648873790736,"AFRO","Upper middle income",0.53,47231
"GNQ",2020,"D","DTP3",4.77972058742193,4.77972058742193,"AFRO","Upper middle income",0.53,47231
"GNQ",2020,"P","DTP3",254.189857486277,254.189857486277,"AFRO","Upper middle income",0.53,47231
"GNQ",2020,"T","DTP3",12.0729300390448,12.0729300390448,"AFRO","Upper middle income",0.53,47231
"GNQ",2020,"TB","BCG",145.214191840208,145.214191840208,"AFRO","Upper middle income",0.85,47231
"GNQ",2021,"HepB","HepB",329.286640297868,329.286640297868,"AFRO","Upper middle income",0.53,47582
"GNQ",2021,"Hib","Hib3",91.659716535636,91.659716535636,"AFRO","Upper middle income",0.53,47582
"GNQ",2021,"Measles","MCV1",969.928955342146,969.928955342146,"AFRO","Upper middle income",0.53,47582
"GNQ",2021,"YF","YF",207.177165690136,207.177165690136,"AFRO","Upper middle income",0.53,47582
"GNQ",2021,"D","DTP3",4.81524136670217,4.81524136670217,"AFRO","Upper middle income",0.53,47582
"GNQ",2021,"P","DTP3",256.078884607822,256.078884607822,"AFRO","Upper middle income",0.53,47582
"GNQ",2021,"T","DTP3",12.1626507403576,12.1626507403576,"AFRO","Upper middle income",0.53,47582
"GNQ",2021,"TB","BCG",146.293359787868,146.293359787868,"AFRO","Upper middle income",0.85,47582
"GNQ",2022,"HepB","HepB",364.898766671626,330.020203071009,"AFRO","Upper middle income",0.53,47688
"GNQ",2022,"Hib","Hib3",101.572652589456,91.8639099271029,"AFRO","Upper middle income",0.53,47688
"GNQ",2022,"Measles","MCV1",1074.82611272444,972.089698254723,"AFRO","Upper middle income",0.53,47688
"GNQ",2022,"YF","YF",229.583235367423,207.638701135539,"AFRO","Upper middle income",0.53,47688
"GNQ",2022,"D","DTP3",5.33600644820084,4.8259684396472,"AFRO","Upper middle income",0.53,47688
"GNQ",2022,"P","DTP3",283.773641953748,256.649360034841,"AFRO","Upper middle income",0.53,47688
"GNQ",2022,"T","DTP3",13.4780331525127,12.189745880925,"AFRO","Upper middle income",0.53,47688
"GNQ",2022,"TB","BCG",146.619262358956,146.619262358956,"AFRO","Upper middle income",0.85,47688
"GRC",2019,"HepB","HepB",492.364375003679,492.364375003679,"EURO","High income",0.96,84042
"GRC",2019,"Hib","Hib3",9.95747511126322,9.95747511126322,"EURO","High income",0.99,84042
"GRC",2019,"Measles","MCV1",218.309091323859,218.309091323859,"EURO","High income",0.97,84042
"GRC",2019,"Measles","MCV2",25.8097092038752,25.8097092038752,"EURO","High income",0.83,84042
"GRC",2019,"PCV","PCV3",12.3118449987433,12.3118449987433,"EURO","High income",0.96,84042
"GRC",2019,"Rota","Rota",0.561193742232904,0.561193742232904,"EURO","High income",0.2,84042
"GRC",2019,"D","DTP3",0.346688377166803,0.346688377166803,"EURO","High income",0.99,84042
"GRC",2019,"P","DTP3",13.1611753586239,13.1611753586239,"EURO","High income",0.99,84042
"GRC",2019,"T","DTP3",2.21693096052951,2.21693096052951,"EURO","High income",0.99,84042
"GRC",2019,"Rubella","Rubella",34.6448161116372,34.6448161116372,"EURO","High income",0.97,84042
"GRC",2020,"HepB","HepB",478.655364776547,478.655364776547,"EURO","High income",0.96,81702
"GRC",2020,"Hib","Hib3",9.68022692868361,9.68022692868361,"EURO","High income",0.99,81702
"GRC",2020,"Measles","MCV1",212.230662994002,212.230662994002,"EURO","High income",0.97,81702
"GRC",2020,"Measles","MCV2",25.0910837602034,25.0910837602034,"EURO","High income",0.83,81702
"GRC",2020,"PCV","PCV3",11.9690435744905,11.9690435744905,"EURO","High income",0.96,81702
"GRC",2020,"Rota","Rota",0.545568300705751,0.545568300705751,"EURO","High income",0.2,81702
"GRC",2020,"D","DTP3",0.337035455977751,0.337035455977751,"EURO","High income",0.99,81702
"GRC",2020,"P","DTP3",12.7947258412495,12.7947258412495,"EURO","High income",0.99,81702
"GRC",2020,"T","DTP3",2.15520446130723,2.15520446130723,"EURO","High income",0.99,81702
"GRC",2020,"Rubella","Rubella",33.6801928315959,33.6801928315959,"EURO","High income",0.97,81702
"GRC",2021,"HepB","HepB",477.934762956916,477.934762956916,"EURO","High income",0.96,81579
"GRC",2021,"Hib","Hib3",9.66565362677879,9.66565362677879,"EURO","High income",0.99,81579
"GRC",2021,"Measles","MCV1",211.911155863843,211.911155863843,"EURO","High income",0.97,81579
"GRC",2021,"Measles","MCV2",25.053309858677,25.053309858677,"EURO","High income",0.83,81579
"GRC",2021,"PCV","PCV3",11.9510245252669,11.9510245252669,"EURO","High income",0.96,81579
"GRC",2021,"Rota","Rota",0.544746963394708,0.544746963394708,"EURO","High income",0.2,81579
"GRC",2021,"D","DTP3",0.336528058838326,0.336528058838326,"EURO","High income",0.99,81579
"GRC",2021,"P","DTP3",12.7754637512337,12.7754637512337,"EURO","High income",0.99,81579
"GRC",2021,"T","DTP3",2.15195986327118,2.15195986327118,"EURO","High income",0.99,81579
"GRC",2021,"Rubella","Rubella",33.6294882745681,33.6294882745681,"EURO","High income",0.97,81579
"GRC",2022,"HepB","HepB",468.837572502974,466.065337862827,"EURO","High income",0.96,79553
"GRC",2022,"Hib","Hib3",9.42560883280173,9.42560883280173,"EURO","High income",0.99,79553
"GRC",2022,"Measles","MCV1",207.382802991916,206.648379882522,"EURO","High income",0.97,79553
"GRC",2022,"Measles","MCV2",25.7825169051595,24.431115350609,"EURO","High income",0.83,79553
"GRC",2022,"PCV","PCV3",11.7235442190564,11.6542229502514,"EURO","High income",0.96,79553
"GRC",2022,"Rota","Rota",1.35028567351563,0.531218269149404,"EURO","High income",0.2,79553
"GRC",2022,"D","DTP3",0.328170444167805,0.328170444167805,"EURO","High income",0.99,79553
"GRC",2022,"P","DTP3",12.4581873742249,12.4581873742249,"EURO","High income",0.99,79553
"GRC",2022,"T","DTP3",2.09851632163685,2.09851632163685,"EURO","High income",0.99,79553
"GRC",2022,"Rubella","Rubella",32.9108560289519,32.7943058962076,"EURO","High income",0.97,79553
"GRD",2019,"HPV","HPV",2.47807521265846,2.47807521265846,"PAHO","Upper middle income",0.37,966
"GRD",2019,"HepB","HepB",16.4369524221543,16.4369524221543,"PAHO","Upper middle income",0.94,2036
"GRD",2019,"HepB","HepB_BD",6.6781250366665,6.6781250366665,"PAHO","Upper middle income",0.96,2036
"GRD",2019,"Hib","Hib3",0.660763583605051,0.660763583605051,"PAHO","Upper middle income",0.94,2036
"GRD",2019,"Measles","MCV1",8.34936914301539,8.34936914301539,"PAHO","Upper middle income",0.94,2036
"GRD",2019,"Measles","MCV2",1.16566754160202,1.16566754160202,"PAHO","Upper middle income",0.82,2036
"GRD",2019,"D","DTP3",0.174102973219786,0.174102973219786,"PAHO","Upper middle income",0.94,2036
"GRD",2019,"P","DTP3",3.75410265927042,3.75410265927042,"PAHO","Upper middle income",0.94,2036
"GRD",2019,"T","DTP3",0.490814429516062,0.490814429516062,"PAHO","Upper middle income",0.94,2036
"GRD",2019,"Rubella","Rubella",2.33050474589113,2.33050474589113,"PAHO","Upper middle income",0.94,2036
"GRD",2020,"HPV","HPV",7.65262239584775,0,"PAHO","Upper middle income",0,965
"GRD",2020,"HepB","HepB",16.2674160759533,12.4601484837089,"PAHO","Upper middle income",0.72,2015
"GRD",2020,"HepB","HepB_BD",6.60924457214292,6.33385938163697,"PAHO","Upper middle income",0.92,2015
"GRD",2020,"Hib","Hib3",0.653948242123859,0.500896525882105,"PAHO","Upper middle income",0.72,2015
"GRD",2020,"Measles","MCV1",8.26325089546955,7.29627472685077,"PAHO","Upper middle income",0.83,2015
"GRD",2020,"Measles","MCV2",1.15364444809826,1.11143794389955,"PAHO","Upper middle income",0.79,2015
"GRD",2020,"D","DTP3",0.17230721563746,0.131979994956352,"PAHO","Upper middle income",0.72,2015
"GRD",2020,"P","DTP3",3.71538156111488,2.84582417447097,"PAHO","Upper middle income",0.72,2015
"GRD",2020,"T","DTP3",0.485752001706712,0.372065363009396,"PAHO","Upper middle income",0.72,2015
"GRD",2020,"Rubella","Rubella",2.30646712326652,2.03656139607576,"PAHO","Upper middle income",0.83,2015
"GRD",2021,"HPV","HPV",8.74460618520958,0,"PAHO","Upper middle income",0,981
"GRD",2021,"HepB","HepB",16.0655870923807,13.1601085756735,"PAHO","Upper middle income",0.77,1990
"GRD",2021,"HepB","HepB_BD",6.52724401913867,6.1192912679425,"PAHO","Upper middle income",0.9,1990
"GRD",2021,"Hib","Hib3",0.645834740360536,0.529034840508099,"PAHO","Upper middle income",0.77,1990
"GRD",2021,"Measles","MCV1",8.1607291722007,6.07713874525584,"PAHO","Upper middle income",0.7,1990
"GRD",2021,"Measles","MCV2",1.13933124154618,0.764185588841948,"PAHO","Upper middle income",0.55,1990
"GRD",2021,"D","DTP3",0.170169408991834,0.139394090344374,"PAHO","Upper middle income",0.77,1990
"GRD",2021,"P","DTP3",3.66928501569162,3.00569091710909,"PAHO","Upper middle income",0.77,1990
"GRD",2021,"T","DTP3",0.479725301933676,0.392966470732905,"PAHO","Upper middle income",0.77,1990
"GRD",2021,"Rubella","Rubella",2.27785090585627,1.69627195116956,"PAHO","Upper middle income",0.7,1990
"GRD",2022,"HPV","HPV",11.3216879281035,0,"PAHO","Upper middle income",0,988
"GRD",2022,"HepB","HepB",15.8840645330385,12.9947805784917,"PAHO","Upper middle income",0.77,1965
"GRD",2022,"HepB","HepB_BD",6.44524346613441,6.10955370227325,"PAHO","Upper middle income",0.91,1965
"GRD",2022,"Hib","Hib3",0.638537554499341,0.522388674170057,"PAHO","Upper middle income",0.77,1965
"GRD",2022,"Measles","MCV1",8.06852236787305,6.51514644807256,"PAHO","Upper middle income",0.76,1965
"GRD",2022,"Measles","MCV2",1.15777948607582,0.93294178511705,"PAHO","Upper middle income",0.68,1965
"GRD",2022,"D","DTP3",0.16824669141766,0.137642908304872,"PAHO","Upper middle income",0.77,1965
"GRD",2022,"P","DTP3",3.6278263373891,2.96793098096451,"PAHO","Upper middle income",0.77,1965
"GRD",2022,"T","DTP3",0.47430496067335,0.388029706025205,"PAHO","Upper middle income",0.77,1965
"GRD",2022,"Rubella","Rubella",2.25211382423869,1.8185301736372,"PAHO","Upper middle income",0.76,1965
"GTM",2019,"HepB","HepB",531.637023663371,531.637023663371,"PAHO","Upper middle income",0.85,395347
"GTM",2019,"HepB","HepB_BD",101.940827980182,101.940827980182,"PAHO","Upper middle income",0.48,395347
"GTM",2019,"Hib","Hib3",393.068060364474,393.068060364474,"PAHO","Upper middle income",0.85,395347
"GTM",2019,"Measles","MCV1",3420.81566878852,3420.81566878852,"PAHO","Upper middle income",0.9,395347
"GTM",2019,"Measles","MCV2",292.52529215499,292.52529215499,"PAHO","Upper middle income",0.78,404173
"GTM",2019,"PCV","PCV3",370.973811560546,370.973811560546,"PAHO","Upper middle income",0.88,395347
"GTM",2019,"Rota","Rota",175.235836649123,175.235836649123,"PAHO","Upper middle income",0.86,395347
"GTM",2019,"D","DTP3",31.7802767663941,31.7802767663941,"PAHO","Upper middle income",0.85,395347
"GTM",2019,"P","DTP3",911.620951823409,911.620951823409,"PAHO","Upper middle income",0.85,395347
"GTM",2019,"T","DTP3",118.395405229806,118.395405229806,"PAHO","Upper middle income",0.85,395347
"GTM",2019,"TB","BCG",131.919517255519,131.919517255519,"PAHO","Upper middle income",0.86,395347
"GTM",2019,"Rubella","Rubella",77.0976835936352,77.0976835936352,"PAHO","Upper middle income",0.9,395347
"GTM",2020,"HPV","HPV",1121.15355257755,0,"PAHO","Upper middle income",0,186893
"GTM",2020,"HepB","HepB",515.771837876757,503.636029926716,"PAHO","Upper middle income",0.83,383549
"GTM",2020,"HepB","HepB_BD",98.8986956546297,98.8986956546297,"PAHO","Upper middle income",0.48,383549
"GTM",2020,"Hib","Hib3",381.338068797116,372.365408354831,"PAHO","Upper middle income",0.83,383549
"GTM",2020,"Measles","MCV1",3318.73121320806,3244.98163069233,"PAHO","Upper middle income",0.88,383549
"GTM",2020,"Measles","MCV2",288.988988202303,292.693975230538,"PAHO","Upper middle income",0.79,399287
"GTM",2020,"PCV","PCV3",359.903159629986,351.723542365668,"PAHO","Upper middle income",0.86,383549
"GTM",2020,"Rota","Rota",170.006424510454,168.029605620797,"PAHO","Upper middle income",0.85,383549
"GTM",2020,"D","DTP3",30.8318853399006,30.1064292142559,"PAHO","Upper middle income",0.83,383549
"GTM",2020,"P","DTP3",884.416232957166,863.606439240527,"PAHO","Upper middle income",0.83,383549
"GTM",2020,"T","DTP3",114.86223312808,112.159592348596,"PAHO","Upper middle income",0.83,383549
"GTM",2020,"TB","BCG",127.982756727222,127.982756727222,"PAHO","Upper middle income",0.86,383549
"GTM",2020,"Rubella","Rubella",74.7969238280679,73.134769965222,"PAHO","Upper middle income",0.88,383549
"GTM",2021,"HPV","HPV",1250.55862164444,0,"PAHO","Upper middle income",0,187618
"GTM",2021,"HepB","HepB",500.144670218998,464.840340556481,"PAHO","Upper middle income",0.79,371928
"GTM",2021,"HepB","HepB_BD",95.9022030495063,95.9022030495063,"PAHO","Upper middle income",0.48,371928
"GTM",2021,"Hib","Hib3",369.784056930337,343.681652911725,"PAHO","Upper middle income",0.79,371928
"GTM",2021,"Measles","MCV1",3218.17828404206,2896.36045563786,"PAHO","Upper middle income",0.81,371928
"GTM",2021,"Measles","MCV2",283.971142253884,262.127208234354,"PAHO","Upper middle income",0.72,392354
"GTM",2021,"PCV","PCV3",348.99859562888,285.544305514538,"PAHO","Upper middle income",0.72,371928
"GTM",2021,"Rota","Rota",164.855466851234,122.683138121849,"PAHO","Upper middle income",0.64,371928
"GTM",2021,"D","DTP3",29.8977221963779,27.7872947472218,"PAHO","Upper middle income",0.79,371928
"GTM",2021,"P","DTP3",857.619654050181,797.081796117227,"PAHO","Upper middle income",0.79,371928
"GTM",2021,"T","DTP3",111.382067592043,103.51980399731,"PAHO","Upper middle income",0.79,371928
"GTM",2021,"TB","BCG",124.10505761726,121.218893486626,"PAHO","Upper middle income",0.84,371928
"GTM",2021,"Rubella","Rubella",72.530681309365,65.2776131784285,"PAHO","Upper middle income",0.81,371928
"GTM",2022,"HPV","HPV",1456.09904518024,0,"PAHO","Upper middle income",0,188788
"GTM",2022,"HepB","HepB",496.086971766319,456.622822006764,"PAHO","Upper middle income",0.79,365353
"GTM",2022,"HepB","HepB_BD",112.278710527437,94.2068292539048,"PAHO","Upper middle income",0.48,365353
"GTM",2022,"Hib","Hib3",366.783980582478,337.605996150485,"PAHO","Upper middle income",0.79,365353
"GTM",2022,"Measles","MCV1",3165.37489585442,2915.4089716468,"PAHO","Upper middle income",0.83,365353
"GTM",2022,"Measles","MCV2",283.260424132673,244.068357634947,"PAHO","Upper middle income",0.69,381207
"GTM",2022,"PCV","PCV3",344.299644129786,327.245811271972,"PAHO","Upper middle income",0.84,365353
"GTM",2022,"Rota","Rota",163.204074643982,148.759872223938,"PAHO","Upper middle income",0.79,365353
"GTM",2022,"D","DTP3",29.6551604970965,27.2960667058725,"PAHO","Upper middle income",0.79,365353
"GTM",2022,"P","DTP3",850.661743368652,782.990862362654,"PAHO","Upper middle income",0.79,365353
"GTM",2022,"T","DTP3",110.478419367367,101.689765088483,"PAHO","Upper middle income",0.79,365353
"GTM",2022,"TB","BCG",122.861870909871,120.4935384102,"PAHO","Upper middle income",0.85,365353
"GTM",2022,"Rubella","Rubella",71.3406087333106,65.7069249573662,"PAHO","Upper middle income",0.83,365353
"GUY",2019,"HPV","HPV",17.8472693930981,17.8472693930981,"PAHO","Upper middle income",0.19,7437
"GUY",2019,"HepB","HepB",19.9849813586247,19.9849813586247,"PAHO","Upper middle income",0.99,15985
"GUY",2019,"Hib","Hib3",11.7192836464378,11.7192836464378,"PAHO","Upper middle income",0.99,15985
"GUY",2019,"Measles","MCV1",159.248123049504,159.248123049504,"PAHO","Upper middle income",0.98,15985
"GUY",2019,"Measles","MCV2",13.0939496307564,13.0939496307564,"PAHO","Upper middle income",0.92,15752
"GUY",2019,"PCV","PCV3",12.0759689096101,12.0759689096101,"PAHO","Upper middle income",0.98,15985
"GUY",2019,"Rota","Rota",5.18755191992059,5.18755191992059,"PAHO","Upper middle income",0.99,15985
"GUY",2019,"YF","YF",66.0363695709345,66.0363695709345,"PAHO","Upper middle income",0.94,15985
"GUY",2019,"D","DTP3",3.73666822359149,3.73666822359149,"PAHO","Upper middle income",0.99,15985
"GUY",2019,"P","DTP3",99.0453866807844,99.0453866807844,"PAHO","Upper middle income",0.99,15985
"GUY",2019,"T","DTP3",9.14881462050745,9.14881462050745,"PAHO","Upper middle income",0.99,15985
"GUY",2019,"TB","BCG",21.9407092905796,21.9407092905796,"PAHO","Upper middle income",0.99,15985
"GUY",2019,"Rubella","Rubella",2.98931952997791,2.98931952997791,"PAHO","Upper middle income",0.98,15985
"GUY",2020,"HPV","HPV",67.9682341066297,23.6000812870242,"PAHO","Upper middle income",0.25,7474
"GUY",2020,"HepB","HepB",20.3450485861057,20.3450485861057,"PAHO","Upper middle income",0.99,16273
"GUY",2020,"Hib","Hib3",11.9304287005619,11.9304287005619,"PAHO","Upper middle income",0.99,16273
"GUY",2020,"Measles","MCV1",162.11727909819,162.11727909819,"PAHO","Upper middle income",0.98,16273
"GUY",2020,"Measles","MCV2",12.9842237958618,13.6898881325934,"PAHO","Upper middle income",0.97,15620
"GUY",2020,"PCV","PCV3",12.2935403231833,11.1645417220746,"PAHO","Upper middle income",0.89,16273
"GUY",2020,"Rota","Rota",5.28101547656351,5.17432829521879,"PAHO","Upper middle income",0.97,16273
"GUY",2020,"YF","YF",67.2261396326441,67.9413113308638,"PAHO","Upper middle income",0.95,16273
"GUY",2020,"D","DTP3",3.80399136706314,3.80399136706314,"PAHO","Upper middle income",0.99,16273
"GUY",2020,"P","DTP3",100.829876600338,100.829876600338,"PAHO","Upper middle income",0.99,16273
"GUY",2020,"T","DTP3",9.31364781479623,9.31364781479623,"PAHO","Upper middle income",0.99,16273
"GUY",2020,"TB","BCG",22.3360126547139,21.2079312075061,"PAHO","Upper middle income",0.94,16273
"GUY",2020,"Rubella","Rubella",3.04317777362093,3.04317777362093,"PAHO","Upper middle income",0.98,16273
"GUY",2021,"HPV","HPV",68.5502473502508,1.90417353750697,"PAHO","Upper middle income",0.02,7538
"GUY",2021,"HepB","HepB",19.9849813586247,19.7831128600527,"PAHO","Upper middle income",0.98,15985
"GUY",2021,"Hib","Hib3",11.7192836464378,11.6009070439485,"PAHO","Upper middle income",0.98,15985
"GUY",2021,"Measles","MCV1",159.248123049504,154.373180507172,"PAHO","Upper middle income",0.95,15985
"GUY",2021,"Measles","MCV2",13.0216303304849,11.7477751894592,"PAHO","Upper middle income",0.83,15665
"GUY",2021,"PCV","PCV3",12.0759689096101,12.1991930821571,"PAHO","Upper middle income",0.99,15985
"GUY",2021,"Rota","Rota",5.18755191992059,4.87315483386479,"PAHO","Upper middle income",0.93,15985
"GUY",2021,"YF","YF",66.0363695709345,66.0363695709345,"PAHO","Upper middle income",0.94,15985
"GUY",2021,"D","DTP3",3.73666822359149,3.69892410012087,"PAHO","Upper middle income",0.98,15985
"GUY",2021,"P","DTP3",99.0453866807844,98.0449282294634,"PAHO","Upper middle income",0.98,15985
"GUY",2021,"T","DTP3",9.14881462050745,9.05640235161344,"PAHO","Upper middle income",0.98,15985
"GUY",2021,"TB","BCG",21.9407092905796,19.9460993550723,"PAHO","Upper middle income",0.9,15985
"GUY",2021,"Rubella","Rubella",2.98931952997791,2.89780974844797,"PAHO","Upper middle income",0.95,15985
"GUY",2022,"HPV","HPV",77.047413358196,11.4144316086216,"PAHO","Upper middle income",0.12,7531
"GUY",2022,"HepB","HepB",19.9524752894771,19.7509351350379,"PAHO","Upper middle income",0.98,15959
"GUY",2022,"Hib","Hib3",11.7002219401627,11.5820378801611,"PAHO","Upper middle income",0.98,15959
"GUY",2022,"Measles","MCV1",159.229614526111,154.122088690269,"PAHO","Upper middle income",0.95,15959
"GUY",2022,"Measles","MCV2",13.6419253741549,14.1298576487625,"PAHO","Upper middle income",0.97,16122
"GUY",2022,"PCV","PCV3",12.0745653869263,11.6872558097862,"PAHO","Upper middle income",0.95,15959
"GUY",2022,"Rota","Rota",5.17911423772366,5.17911423772366,"PAHO","Upper middle income",0.99,15959
"GUY",2022,"YF","YF",66.6886266132509,65.9289597736968,"PAHO","Upper middle income",0.94,15959
"GUY",2022,"D","DTP3",3.73059043980586,3.69290770809065,"PAHO","Upper middle income",0.98,15959
"GUY",2022,"P","DTP3",98.8842868963803,97.8854557156088,"PAHO","Upper middle income",0.98,15959
"GUY",2022,"T","DTP3",9.13393384602305,9.04167188798241,"PAHO","Upper middle income",0.98,15959
"GUY",2022,"TB","BCG",21.9050221813175,21.9050221813175,"PAHO","Upper middle income",0.99,15959
"GUY",2022,"Rubella","Rubella",2.98897209799949,2.8930963888321,"PAHO","Upper middle income",0.95,15959
"HND",2019,"HPV","HPV",551.234209772674,551.234209772674,"PAHO","Lower middle income",0.58,102523
"HND",2019,"HepB","HepB",107.666901165873,107.666901165873,"PAHO","Lower middle income",0.88,211623
"HND",2019,"HepB","HepB_BD",160.365810618176,160.365810618176,"PAHO","Lower middle income",0.78,211623
"HND",2019,"Hib","Hib3",144.084780400699,144.084780400699,"PAHO","Lower middle income",0.88,211623
"HND",2019,"Measles","MCV1",1672.51221333526,1672.51221333526,"PAHO","Lower middle income",0.89,211623
"HND",2019,"Measles","MCV2",194.279175664512,194.279175664512,"PAHO","Lower middle income",0.85,208513
"HND",2019,"PCV","PCV3",152.537500256902,152.537500256902,"PAHO","Lower middle income",0.88,211623
"HND",2019,"Rota","Rota",43.601884659452,43.601884659452,"PAHO","Lower middle income",0.89,211623
"HND",2019,"D","DTP3",17.1001306604054,17.1001306604054,"PAHO","Lower middle income",0.88,211623
"HND",2019,"P","DTP3",603.080212210592,603.080212210592,"PAHO","Lower middle income",0.88,211623
"HND",2019,"T","DTP3",71.9581079055991,71.9581079055991,"PAHO","Lower middle income",0.88,211623
"HND",2019,"TB","BCG",87.3876069085414,87.3876069085414,"PAHO","Lower middle income",0.87,211623
"HND",2019,"Rubella","Rubella",39.6678752929801,39.6678752929801,"PAHO","Lower middle income",0.89,211623
"HND",2020,"HPV","HPV",687.941699892977,0,"PAHO","Lower middle income",0,103070
"HND",2020,"HepB","HepB",108.199580721123,98.3632552010207,"PAHO","Lower middle income",0.8,212670
"HND",2020,"HepB","HepB_BD",161.1592168345,146.696210195506,"PAHO","Lower middle income",0.71,212670
"HND",2020,"Hib","Hib3",144.797636588729,131.634215080663,"PAHO","Lower middle income",0.8,212670
"HND",2020,"Measles","MCV1",1680.78692963435,1548.59020483165,"PAHO","Lower middle income",0.82,212670
"HND",2020,"Measles","MCV2",195.326447505821,181.538698270116,"PAHO","Lower middle income",0.79,209637
"HND",2020,"PCV","PCV3",153.292176084997,139.356523713634,"PAHO","Lower middle income",0.8,212670
"HND",2020,"Rota","Rota",43.8176039963788,40.863608221342,"PAHO","Lower middle income",0.83,212670
"HND",2020,"D","DTP3",17.1847331695913,15.6224846996284,"PAHO","Lower middle income",0.8,212670
"HND",2020,"P","DTP3",606.063937902905,550.967216275369,"PAHO","Lower middle income",0.8,212670
"HND",2020,"T","DTP3",72.3141190148696,65.740108195336,"PAHO","Lower middle income",0.8,212670
"HND",2020,"TB","BCG",87.8199551147063,83.7822560289727,"PAHO","Lower middle income",0.83,212670
"HND",2020,"Rubella","Rubella",39.8641312076573,36.7287501014371,"PAHO","Lower middle income",0.82,212670
"HND",2021,"HPV","HPV",721.76440625976,0,"PAHO","Lower middle income",0,102446
"HND",2021,"HepB","HepB",108.616770057613,95.0396738004112,"PAHO","Lower middle income",0.77,213490
"HND",2021,"HepB","HepB_BD",161.780604702108,149.335942801946,"PAHO","Lower middle income",0.72,213490
"HND",2021,"Hib","Hib3",145.355938474292,127.186446165006,"PAHO","Lower middle income",0.77,213490
"HND",2021,"Measles","MCV1",1687.26760524586,1535.60310140354,"PAHO","Lower middle income",0.81,213490
"HND",2021,"Measles","MCV2",196.43800916657,173.327655146974,"PAHO","Lower middle income",0.75,210830
"HND",2021,"PCV","PCV3",153.883230697259,134.647826860102,"PAHO","Lower middle income",0.77,213490
"HND",2021,"Rota","Rota",43.9865532382889,39.5384748209338,"PAHO","Lower middle income",0.8,213490
"HND",2021,"D","DTP3",17.2509930144169,15.0946188876148,"PAHO","Lower middle income",0.77,213490
"HND",2021,"P","DTP3",608.400762227354,532.350666948934,"PAHO","Lower middle income",0.77,213490
"HND",2021,"T","DTP3",72.5929433793413,63.5188254569237,"PAHO","Lower middle income",0.77,213490
"HND",2021,"TB","BCG",88.1585659351984,83.0919816860491,"PAHO","Lower middle income",0.82,213490
"HND",2021,"Rubella","Rubella",40.0178368905947,36.4207279566086,"PAHO","Lower middle income",0.81,213490
"HND",2022,"HPV","HPV",764.240521563823,0,"PAHO","Lower middle income",0,101779
"HND",2022,"HepB","HepB",109.977789665917,96.5048432126798,"PAHO","Lower middle income",0.78,214002
"HND",2022,"HepB","HepB_BD",168.317313334836,143.45683246767,"PAHO","Lower middle income",0.69,214002
"HND",2022,"Hib","Hib3",147.177317275578,129.147203006064,"PAHO","Lower middle income",0.78,214002
"HND",2022,"Measles","MCV1",1704.92889641318,1463.27172856306,"PAHO","Lower middle income",0.77,214002
"HND",2022,"Measles","MCV2",200.801897828734,162.588898555228,"PAHO","Lower middle income",0.7,211894
"HND",2022,"PCV","PCV3",155.811460511652,136.723611313636,"PAHO","Lower middle income",0.78,214002
"HND",2022,"Rota","Rota",44.4469777268363,39.6332975250807,"PAHO","Lower middle income",0.8,214002
"HND",2022,"D","DTP3",17.4671561330853,15.3273235361012,"PAHO","Lower middle income",0.78,214002
"HND",2022,"P","DTP3",616.024312132765,540.55759656711,"PAHO","Lower middle income",0.78,214002
"HND",2022,"T","DTP3",73.5025673656872,64.4980569340661,"PAHO","Lower middle income",0.78,214002
"HND",2022,"TB","BCG",89.4570449263169,78.2125209719023,"PAHO","Lower middle income",0.77,214002
"HND",2022,"Rubella","Rubella",40.4367192700189,34.7052057291897,"PAHO","Lower middle income",0.77,214002
"HRV",2019,"HepB","HepB",193.730296459362,193.730296459362,"EURO","High income",0.93,37193
"HRV",2019,"Hib","Hib3",5.43945611411102,5.43945611411102,"EURO","High income",0.94,37193
"HRV",2019,"Measles","MCV1",106.701656995643,106.701656995643,"EURO","High income",0.93,37193
"HRV",2019,"Measles","MCV2",17.7816678394355,17.7816678394355,"EURO","High income",0.95,37193
"HRV",2019,"D","DTP3",0.271527126578028,0.271527126578028,"EURO","High income",0.94,37193
"HRV",2019,"P","DTP3",9.77468570404261,9.77468570404261,"EURO","High income",0.94,37193
"HRV",2019,"T","DTP3",1.45870972142068,1.45870972142068,"EURO","High income",0.94,37193
"HRV",2019,"TB","BCG",0.656519895685667,0.656519895685667,"EURO","High income",0.98,37193
"HRV",2019,"Rubella","Rubella",17.1537510688985,17.1537510688985,"EURO","High income",0.93,37193
"HRV",2020,"HepB","HepB",190.214367383728,186.123735827089,"EURO","High income",0.91,36518
"HRV",2020,"Hib","Hib3",5.34073772954874,5.28392137072375,"EURO","High income",0.93,36518
"HRV",2020,"Measles","MCV1",104.765173827518,102.512159336604,"EURO","High income",0.91,36518
"HRV",2020,"Measles","MCV2",17.4589558831099,16.7238419511894,"EURO","High income",0.91,36518
"HRV",2020,"D","DTP3",0.266599295791585,0.266599295791585,"EURO","High income",0.94,36518
"HRV",2020,"P","DTP3",9.5972890742943,9.5972890742943,"EURO","High income",0.94,36518
"HRV",2020,"T","DTP3",1.43223621667627,1.43223621667627,"EURO","High income",0.94,36518
"HRV",2020,"TB","BCG",0.644604994236797,0.644604994236797,"EURO","High income",0.98,36518
"HRV",2020,"Rubella","Rubella",16.8424349080213,16.4802320067735,"EURO","High income",0.91,36518
"HRV",2021,"HepB","HepB",185.432703840865,179.451003716966,"EURO","High income",0.9,35600
"HRV",2021,"Hib","Hib3",5.20648072654404,5.09570454087289,"EURO","High income",0.92,35600
"HRV",2021,"Measles","MCV1",102.131556718868,97.7388015911752,"EURO","High income",0.89,35600
"HRV",2021,"Measles","MCV2",17.020067622507,16.1242745897435,"EURO","High income",0.9,35600
"HRV",2021,"D","DTP3",0.259897445922023,0.254367713030065,"EURO","High income",0.92,35600
"HRV",2021,"P","DTP3",9.3560296578366,9.15696519703157,"EURO","High income",0.92,35600
"HRV",2021,"T","DTP3",1.39623225022387,1.36652518107017,"EURO","High income",0.92,35600
"HRV",2021,"TB","BCG",0.628400728266334,0.621988475937085,"EURO","High income",0.97,35600
"HRV",2021,"Rubella","Rubella",16.4190449292282,15.7128494484012,"EURO","High income",0.89,35600
"HRV",2022,"HepB","HepB",180.465769102615,174.163248017554,"EURO","High income",0.9,34551
"HRV",2022,"Hib","Hib3",5.05953322695334,4.94555302223874,"EURO","High income",0.92,34551
"HRV",2022,"Measles","MCV1",99.3958970081958,95.9246307410373,"EURO","High income",0.9,34551
"HRV",2022,"Measles","MCV2",16.5185493377876,15.6491520042199,"EURO","High income",0.9,34551
"HRV",2022,"D","DTP3",0.252562111012678,0.246872439688252,"EURO","High income",0.92,34551
"HRV",2022,"P","DTP3",9.09196545851936,8.88714338546735,"EURO","High income",0.92,34551
"HRV",2022,"T","DTP3",1.35682504816274,1.32625875087515,"EURO","High income",0.92,34551
"HRV",2022,"TB","BCG",0.609884088829497,0.603660781800625,"EURO","High income",0.97,34551
"HRV",2022,"Rubella","Rubella",15.9792502061903,15.4211966659052,"EURO","High income",0.9,34551
"HTI",2019,"HepB","HepB",169.037869829531,169.037869829531,"PAHO","Low income",0.51,259807
"HTI",2019,"Hib","Hib3",555.547383227238,555.547383227238,"PAHO","Low income",0.51,259807
"HTI",2019,"Measles","MCV1",9277.08389926394,9277.08389926394,"PAHO","Low income",0.65,259807
"HTI",2019,"Measles","MCV2",558.876283547183,558.876283547183,"PAHO","Low income",0.41,253591
"HTI",2019,"PCV","PCV3",454.173639094,454.173639094,"PAHO","Low income",0.42,259807
"HTI",2019,"Rota","Rota",142.182860825818,142.182860825818,"PAHO","Low income",0.48,259807
"HTI",2019,"D","DTP3",19.5930923180555,19.5930923180555,"PAHO","Low income",0.51,259807
"HTI",2019,"P","DTP3",1158.26866486428,1158.26866486428,"PAHO","Low income",0.51,259807
"HTI",2019,"T","DTP3",70.3336629983542,70.3336629983542,"PAHO","Low income",0.51,259807
"HTI",2019,"TB","BCG",536.986594515774,536.986594515774,"PAHO","Low income",0.73,259807
"HTI",2019,"Rubella","Rubella",16.7393216507499,16.7393216507499,"PAHO","Low income",0.65,259807
"HTI",2020,"HepB","HepB",169.520636265437,169.520636265437,"PAHO","Low income",0.51,260549
"HTI",2020,"Hib","Hib3",557.134007753731,557.134007753731,"PAHO","Low income",0.51,260549
"HTI",2020,"Measles","MCV1",9303.57893693904,9303.57893693904,"PAHO","Low income",0.65,260549
"HTI",2020,"Measles","MCV2",561.650929496707,561.650929496707,"PAHO","Low income",0.41,254850
"HTI",2020,"PCV","PCV3",455.470743637787,553.071617274456,"PAHO","Low income",0.51,260549
"HTI",2020,"Rota","Rota",142.588930264797,142.588930264797,"PAHO","Low income",0.48,260549
"HTI",2020,"D","DTP3",19.6490495266757,19.6490495266757,"PAHO","Low income",0.51,260549
"HTI",2020,"P","DTP3",1161.57664097474,1161.57664097474,"PAHO","Low income",0.51,260549
"HTI",2020,"T","DTP3",70.5345335597508,70.5345335597508,"PAHO","Low income",0.51,260549
"HTI",2020,"TB","BCG",538.520210057814,538.520210057814,"PAHO","Low income",0.73,260549
"HTI",2020,"Rubella","Rubella",16.7871285869173,16.7871285869173,"PAHO","Low income",0.65,260549
"HTI",2021,"HepB","HepB",169.279253047484,169.279253047484,"PAHO","Low income",0.51,260178
"HTI",2021,"Hib","Hib3",556.340695490484,556.340695490484,"PAHO","Low income",0.51,260178
"HTI",2021,"Measles","MCV1",9290.33141810149,9290.33141810149,"PAHO","Low income",0.65,260178
"HTI",2021,"Measles","MCV2",561.099967235086,561.099967235086,"PAHO","Low income",0.41,254600
"HTI",2021,"PCV","PCV3",454.822191365894,552.284089515728,"PAHO","Low income",0.51,260178
"HTI",2021,"Rota","Rota",142.385895545307,142.385895545307,"PAHO","Low income",0.48,260178
"HTI",2021,"D","DTP3",19.6210709223656,19.6210709223656,"PAHO","Low income",0.51,260178
"HTI",2021,"P","DTP3",1159.92265291951,1159.92265291951,"PAHO","Low income",0.51,260178
"HTI",2021,"T","DTP3",70.4340982790525,70.4340982790525,"PAHO","Low income",0.51,260178
"HTI",2021,"TB","BCG",537.753402286794,537.753402286794,"PAHO","Low income",0.73,260178
"HTI",2021,"Rubella","Rubella",16.7632251188336,16.7632251188336,"PAHO","Low income",0.65,260178
"HTI",2022,"HPV","HPV",600.577218464029,0,"PAHO","Low income",0,121559
"HTI",2022,"HepB","HepB",186.269644566608,168.323479604969,"PAHO","Low income",0.51,258709
"HTI",2022,"Hib","Hib3",612.180061887935,553.199521057306,"PAHO","Low income",0.51,258709
"HTI",2022,"Measles","MCV1",9621.40381697501,9237.87695672047,"PAHO","Low income",0.65,258709
"HTI",2022,"Measles","MCV2",667.713223177468,563.083431376922,"PAHO","Low income",0.41,255500
"HTI",2022,"PCV","PCV3",531.864844176249,549.165819225778,"PAHO","Low income",0.51,258709
"HTI",2022,"Rota","Rota",159.499783026761,141.581965618273,"PAHO","Low income",0.48,258709
"HTI",2022,"D","DTP3",21.5904184412962,19.510287715542,"PAHO","Low income",0.51,258709
"HTI",2022,"P","DTP3",1276.34294453951,1153.37357353102,"PAHO","Low income",0.51,258709
"HTI",2022,"T","DTP3",77.5034991921219,70.0364178818939,"PAHO","Low income",0.51,258709
"HTI",2022,"TB","BCG",544.626317633074,534.717174212325,"PAHO","Low income",0.73,258709
"HTI",2022,"Rubella","Rubella",17.3606032857885,16.6685776939953,"PAHO","Low income",0.65,258709
"HUN",2019,"HPV","HPV",157.364085960128,157.364085960128,"EURO","High income",0.76,47414
"HUN",2019,"Hib","Hib3",15.0059436122991,15.0059436122991,"EURO","High income",0.99,92811
"HUN",2019,"Measles","MCV1",299.126097331622,299.126097331622,"EURO","High income",0.99,92811
"HUN",2019,"Measles","MCV2",44.5391726200053,44.5391726200053,"EURO","High income",0.99,92811
"HUN",2019,"PCV","PCV3",15.9237411976741,15.9237411976741,"EURO","High income",0.99,92811
"HUN",2019,"D","DTP3",1.25709671864776,1.25709671864776,"EURO","High income",0.99,92811
"HUN",2019,"P","DTP3",39.8896538991136,39.8896538991136,"EURO","High income",0.99,92811
"HUN",2019,"T","DTP3",5.24794991447973,5.24794991447973,"EURO","High income",0.99,92811
"HUN",2019,"TB","BCG",3.19397021531773,3.19397021531773,"EURO","High income",0.99,92811
"HUN",2019,"Rubella","Rubella",57.1213665019846,57.1213665019846,"EURO","High income",0.99,92811
"HUN",2020,"HPV","HPV",157.098177956215,0,"EURO","High income",0,47965
"HUN",2020,"Hib","Hib3",14.9643911292059,14.9643911292059,"EURO","High income",0.99,92554
"HUN",2020,"Measles","MCV1",298.297796731325,298.297796731325,"EURO","High income",0.99,92554
"HUN",2020,"Measles","MCV2",44.415840608031,44.415840608031,"EURO","High income",0.99,92554
"HUN",2020,"PCV","PCV3",15.8796472703616,15.8796472703616,"EURO","High income",0.99,92554
"HUN",2020,"D","DTP3",1.25361573194691,1.25361573194691,"EURO","High income",0.99,92554
"HUN",2020,"P","DTP3",39.7791967221403,39.7791967221403,"EURO","High income",0.99,92554
"HUN",2020,"T","DTP3",5.23341798261798,5.23341798261798,"EURO","High income",0.99,92554
"HUN",2020,"TB","BCG",3.18512589357422,3.18512589357422,"EURO","High income",0.99,92554
"HUN",2020,"Rubella","Rubella",56.963193535515,56.963193535515,"EURO","High income",0.99,92554
"HUN",2021,"HPV","HPV",160.455326552173,0,"EURO","High income",0,48990
"HUN",2021,"Hib","Hib3",15.0872700675359,15.0872700675359,"EURO","High income",0.99,93314
"HUN",2021,"Measles","MCV1",300.747245977341,300.747245977341,"EURO","High income",0.99,93314
"HUN",2021,"Measles","MCV2",44.7805578418848,44.7805578418848,"EURO","High income",0.99,93314
"HUN",2021,"PCV","PCV3",16.0100417635815,16.0100417635815,"EURO","High income",0.99,93314
"HUN",2021,"D","DTP3",1.26390970040078,1.26390970040078,"EURO","High income",0.99,93314
"HUN",2021,"P","DTP3",40.1058405139681,40.1058405139681,"EURO","High income",0.99,93314
"HUN",2021,"T","DTP3",5.27639178890177,5.27639178890177,"EURO","High income",0.99,93314
"HUN",2021,"TB","BCG",3.21128030806864,3.21128030806864,"EURO","High income",0.99,93314
"HUN",2021,"Rubella","Rubella",57.4309423857753,57.4309423857753,"EURO","High income",0.99,93314
"HUN",2022,"HPV","HPV",155.771694852446,0,"EURO","High income",0,47560
"HUN",2022,"Hib","Hib3",14.8659262957283,14.8659262957283,"EURO","High income",0.99,91945
"HUN",2022,"Measles","MCV1",296.335014374977,296.335014374977,"EURO","High income",0.99,91945
"HUN",2022,"Measles","MCV2",44.1235869298508,44.1235869298508,"EURO","High income",0.99,91945
"HUN",2022,"PCV","PCV3",15.775160104084,15.775160104084,"EURO","High income",0.99,91945
"HUN",2022,"D","DTP3",1.24536701248848,1.24536701248848,"EURO","High income",0.99,91945
"HUN",2022,"P","DTP3",39.5174518942152,39.5174518942152,"EURO","High income",0.99,91945
"HUN",2022,"T","DTP3",5.198982393109,5.198982393109,"EURO","High income",0.99,91945
"HUN",2022,"TB","BCG",3.1641679482754,3.1641679482754,"EURO","High income",0.99,91945
"HUN",2022,"Rubella","Rubella",56.5883789962933,56.5883789962933,"EURO","High income",0.99,91945
"IDN",2019,"HepB","HepB",58396.6985392423,58396.6985392423,"SEARO","Upper middle income",0.85,4503462
"IDN",2019,"HepB","HepB_BD",12662.3622685862,12662.3622685862,"SEARO","Upper middle income",0.84,4503462
"IDN",2019,"Hib","Hib3",4124.68098208698,4124.68098208698,"SEARO","Upper middle income",0.85,4503462
"IDN",2019,"JE","JE",1642.73736531785,1642.73736531785,"SEARO","Upper middle income",0.75,4503462
"IDN",2019,"Measles","MCV1",21761.7191607201,21761.7191607201,"SEARO","Upper middle income",0.88,4503462
"IDN",2019,"Measles","MCV2",2926.66778097126,2926.66778097126,"SEARO","Upper middle income",0.71,4603610
"IDN",2019,"PCV","PCV3",131.670780136858,131.670780136858,"SEARO","Upper middle income",0.03,4503462
"IDN",2019,"D","DTP3",1430.22641819199,1430.22641819199,"SEARO","Upper middle income",0.85,4503462
"IDN",2019,"P","DTP3",30235.820054138,30235.820054138,"SEARO","Upper middle income",0.85,4503462
"IDN",2019,"T","DTP3",2605.67261217087,2605.67261217087,"SEARO","Upper middle income",0.85,4503462
"IDN",2019,"TB","BCG",8597.04077294679,8597.04077294679,"SEARO","Upper middle income",0.9,4503462
"IDN",2019,"Rubella","Rubella",1880.91464975524,1880.91464975524,"SEARO","Upper middle income",0.88,4503462
"IDN",2020,"HPV","HPV",3664.689256854,0,"SEARO","Upper middle income",0,2302886
"IDN",2020,"HepB","HepB",58063.911702957,52599.0729544434,"SEARO","Upper middle income",0.77,4477798
"IDN",2020,"HepB","HepB_BD",12590.2029242283,10941.485874627,"SEARO","Upper middle income",0.73,4477798
"IDN",2020,"Hib","Hib3",4101.17555165939,3715.18255856204,"SEARO","Upper middle income",0.77,4477798
"IDN",2020,"JE","JE",1633.37585371999,1332.83469663552,"SEARO","Upper middle income",0.612,4477798
"IDN",2020,"Measles","MCV1",21637.7050665542,18687.108921115,"SEARO","Upper middle income",0.76,4477798
"IDN",2020,"Measles","MCV2",2877.01129536455,2431.2771510123,"SEARO","Upper middle income",0.6,4525501
"IDN",2020,"PCV","PCV3",130.920424321392,174.560565761856,"SEARO","Upper middle income",0.04,4477798
"IDN",2020,"D","DTP3",1422.07594844306,1288.23350623665,"SEARO","Upper middle income",0.77,4477798
"IDN",2020,"P","DTP3",30063.5143733374,27234.0071381998,"SEARO","Upper middle income",0.77,4477798
"IDN",2020,"T","DTP3",2590.8235955879,2346.98137482669,"SEARO","Upper middle income",0.77,4477798
"IDN",2020,"TB","BCG",8548.04858551478,8263.11363266429,"SEARO","Upper middle income",0.87,4477798
"IDN",2020,"Rubella","Rubella",1870.19583086184,1615.16912665341,"SEARO","Upper middle income",0.76,4477798
"IDN",2021,"HPV","HPV",5491.92088942178,0,"SEARO","Upper middle income",0,2300744
"IDN",2021,"HepB","HepB",57684.9621041571,45469.3230703356,"SEARO","Upper middle income",0.67,4448574
"IDN",2021,"HepB","HepB_BD",12508.0339451324,10423.3616209437,"SEARO","Upper middle income",0.7,4448574
"IDN",2021,"Hib","Hib3",4074.40954874419,3211.59340901013,"SEARO","Upper middle income",0.67,4448574
"IDN",2021,"JE","JE",1622.71575338739,1319.80881275508,"SEARO","Upper middle income",0.61,4448574
"IDN",2021,"Measles","MCV1",21496.4882691763,17588.0358565988,"SEARO","Upper middle income",0.72,4448574
"IDN",2021,"Measles","MCV2",2850.88901760425,2007.66832225652,"SEARO","Upper middle income",0.5,4484411
"IDN",2021,"PCV","PCV3",130.065982365688,43.3553274552292,"SEARO","Upper middle income",0.01,4448574
"IDN",2021,"D","DTP3",1412.79488049017,1113.61478815108,"SEARO","Upper middle income",0.67,4448574
"IDN",2021,"P","DTP3",29867.307187563,23542.4656654908,"SEARO","Upper middle income",0.67,4448574
"IDN",2021,"T","DTP3",2573.91478711609,2028.85047925621,"SEARO","Upper middle income",0.67,4448574
"IDN",2021,"TB","BCG",8492.26041198326,7643.03437078494,"SEARO","Upper middle income",0.81,4448574
"IDN",2021,"Rubella","Rubella",1857.99014338753,1520.1737536807,"SEARO","Upper middle income",0.72,4448574
"IDN",2022,"HPV","HPV",7955.95151691012,0,"SEARO","Upper middle income",0,2307466
"IDN",2022,"HepB","HepB",57785.1647509265,58013.9970336966,"SEARO","Upper middle income",0.86,4421926
"IDN",2022,"HepB","HepB_BD",12553.6082823944,12581.1210819451,"SEARO","Upper middle income",0.85,4421926
"IDN",2022,"Hib","Hib3",4081.48707130665,4097.64997414944,"SEARO","Upper middle income",0.86,4421926
"IDN",2022,"JE","JE",1612.9953060269,1505.46228562511,"SEARO","Upper middle income",0.7,4421926
"IDN",2022,"Measles","MCV1",21426.1526120535,20396.459303685,"SEARO","Upper middle income",0.84,4421926
"IDN",2022,"Measles","MCV2",2964.51104914005,2675.56678048684,"SEARO","Upper middle income",0.67,4459893
"IDN",2022,"PCV","PCV3",1061.9542641374,258.573713346513,"SEARO","Upper middle income",0.06,4421926
"IDN",2022,"D","DTP3",1415.24899992102,1404.33190831632,"SEARO","Upper middle income",0.85,4421926
"IDN",2022,"P","DTP3",29919.1887026564,29688.3950233652,"SEARO","Upper middle income",0.85,4421926
"IDN",2022,"T","DTP3",2578.38584967417,2558.49643479756,"SEARO","Upper middle income",0.85,4421926
"IDN",2022,"TB","BCG",8441.3897834496,8722.76944289792,"SEARO","Upper middle income",0.93,4421926
"IDN",2022,"Rubella","Rubella",1851.91087332134,1762.91214972963,"SEARO","Upper middle income",0.84,4421926
"IND",2019,"HepB","HepB",82073.307945268,82073.307945268,"SEARO","Lower middle income",0.91,23551823
"IND",2019,"HepB","HepB_BD",18180.8581131817,18180.8581131817,"SEARO","Lower middle income",0.56,23551823
"IND",2019,"Hib","Hib3",41855.2556212835,41855.2556212835,"SEARO","Lower middle income",0.91,23551823
"IND",2019,"JE","JE",7741.83172659576,7741.83172659576,"SEARO","Lower middle income",0.8481,23551823
"IND",2019,"Measles","MCV1",244484.107836736,244484.107836736,"SEARO","Lower middle income",0.95,23551823
"IND",2019,"Measles","MCV2",20138.9656223407,20138.9656223407,"SEARO","Lower middle income",0.84,23862167
"IND",2019,"PCV","PCV3",6150.34019683766,6150.34019683766,"SEARO","Lower middle income",0.15,23551823
"IND",2019,"Rota","Rota",7058.17885744148,7058.17885744148,"SEARO","Lower middle income",0.53,23551823
"IND",2019,"D","DTP3",5970.70349133696,5970.70349133696,"SEARO","Lower middle income",0.91,23551823
"IND",2019,"P","DTP3",144601.55225188,144601.55225188,"SEARO","Lower middle income",0.91,23551823
"IND",2019,"T","DTP3",13794.3018994316,13794.3018994316,"SEARO","Lower middle income",0.91,23551823
"IND",2019,"TB","BCG",38216.8236199774,38216.8236199774,"SEARO","Lower middle income",0.92,23551823
"IND",2019,"Rubella","Rubella",10978.2622486529,10978.2622486529,"SEARO","Lower middle income",0.95,23551823
"IND",2020,"HepB","HepB",80173.7733073547,74887.5904519247,"SEARO","Lower middle income",0.85,23006731
"IND",2020,"HepB","HepB_BD",17760.0736876776,17125.7853416891,"SEARO","Lower middle income",0.54,23006731
"IND",2020,"Hib","Hib3",40886.5422865614,38190.7263116232,"SEARO","Lower middle income",0.85,23006731
"IND",2020,"JE","JE",7562.65194337841,7611.69637880888,"SEARO","Lower middle income",0.8536,23006731
"IND",2020,"Measles","MCV1",238825.678282942,223741.951233493,"SEARO","Lower middle income",0.89,23006731
"IND",2020,"Measles","MCV2",19742.2614966864,19037.1807289476,"SEARO","Lower middle income",0.81,23392122
"IND",2020,"PCV","PCV3",6007.99447529523,8411.19226541332,"SEARO","Lower middle income",0.21,23006731
"IND",2020,"Rota","Rota",6894.82178611156,10667.4601219085,"SEARO","Lower middle income",0.82,23006731
"IND",2020,"D","DTP3",5832.51534736611,5447.95389589142,"SEARO","Lower middle income",0.85,23006731
"IND",2020,"P","DTP3",141254.841072874,131941.335068069,"SEARO","Lower middle income",0.85,23006731
"IND",2020,"T","DTP3",13475.0415342801,12586.5772572946,"SEARO","Lower middle income",0.85,23006731
"IND",2020,"TB","BCG",37332.3194853862,34491.8169158459,"SEARO","Lower middle income",0.85,23006731
"IND",2020,"Rubella","Rubella",10724.1773344769,10046.8608712468,"SEARO","Lower middle income",0.89,23006731
"IND",2021,"HepB","HepB",78774.0072599944,73580.1166714234,"SEARO","Lower middle income",0.85,22605053
"IND",2021,"HepB","HepB_BD",17449.9978720948,17138.390767236,"SEARO","Lower middle income",0.55,22605053
"IND",2021,"Hib","Hib3",40172.6979541101,37523.9486384545,"SEARO","Lower middle income",0.85,22605053
"IND",2021,"JE","JE",7430.61445803065,7184.4167616851,"SEARO","Lower middle income",0.82,22605053
"IND",2021,"Measles","MCV1",234655.984604977,219835.606629926,"SEARO","Lower middle income",0.89,22605053
"IND",2021,"Measles","MCV2",19711.4641682407,19242.1435928064,"SEARO","Lower middle income",0.82,23355631
"IND",2021,"PCV","PCV3",5903.0999900749,9838.49998345816,"SEARO","Lower middle income",0.25,22605053
"IND",2021,"Rota","Rota",6774.44404859632,10609.0350194999,"SEARO","Lower middle income",0.83,22605053
"IND",2021,"D","DTP3",5730.68457880976,5352.83724394318,"SEARO","Lower middle income",0.85,22605053
"IND",2021,"P","DTP3",138788.651415053,129637.751321753,"SEARO","Lower middle income",0.85,22605053
"IND",2021,"T","DTP3",13239.7787438642,12366.8262992138,"SEARO","Lower middle income",0.85,22605053
"IND",2021,"TB","BCG",36680.5288669689,33490.9176611455,"SEARO","Lower middle income",0.84,22605053
"IND",2021,"Rubella","Rubella",10536.9422986364,9871.45120609095,"SEARO","Lower middle income",0.89,22605053
"IND",2022,"HepB","HepB",79086.002739446,80473.5508112552,"SEARO","Lower middle income",0.93,22596137
"IND",2022,"HepB","HepB_BD",20164.8354464637,19623.5045495584,"SEARO","Lower middle income",0.63,22596137
"IND",2022,"Hib","Hib3",40331.8075461572,41039.4210283763,"SEARO","Lower middle income",0.93,22596137
"IND",2022,"JE","JE",7427.68363727532,7969.80557707881,"SEARO","Lower middle income",0.91,22596137
"IND",2022,"Measles","MCV1",234563.430397794,234563.430397794,"SEARO","Lower middle income",0.95,22596137
"IND",2022,"Measles","MCV2",19648.9861656458,20646.4286418931,"SEARO","Lower middle income",0.9,22832551
"IND",2022,"PCV","PCV3",14431.6827852549,25963.3953011257,"SEARO","Lower middle income",0.66,22596137
"IND",2022,"Rota","Rota",7999.46993851324,11754.7741035452,"SEARO","Lower middle income",0.92,22596137
"IND",2022,"D","DTP3",5753.38175704077,5854.32368717808,"SEARO","Lower middle income",0.93,22596137
"IND",2022,"P","DTP3",139338.343291179,141783.006605365,"SEARO","Lower middle income",0.93,22596137
"IND",2022,"T","DTP3",13292.2167403647,13525.4260197478,"SEARO","Lower middle income",0.93,22596137
"IND",2022,"TB","BCG",36766.3641998723,36267.5170032799,"SEARO","Lower middle income",0.91,22596137
"IND",2022,"Rubella","Rubella",10532.7862642518,10532.7862642518,"SEARO","Lower middle income",0.95,22596137
"IRL",2019,"HPV","HPV",199.018228541606,199.018228541606,"EURO","High income",0.71,35311
"IRL",2019,"HepB","HepB",302.300665428438,302.300665428438,"EURO","High income",0.93,61395
"IRL",2019,"Hib","Hib3",6.64732090199903,6.64732090199903,"EURO","High income",0.94,61395
"IRL",2019,"Measles","MCV1",135.777889176678,135.777889176678,"EURO","High income",0.91,61395
"IRL",2019,"PCV","PCV3",6.68964973321561,6.68964973321561,"EURO","High income",0.86,61395
"IRL",2019,"Rota","Rota",1.47390895790232,1.47390895790232,"EURO","High income",0.89,61395
"IRL",2019,"D","DTP3",0.258081197402601,0.258081197402601,"EURO","High income",0.94,61395
"IRL",2019,"P","DTP3",10.3968982737592,10.3968982737592,"EURO","High income",0.94,61395
"IRL",2019,"T","DTP3",1.54513148304669,1.54513148304669,"EURO","High income",0.94,61395
"IRL",2019,"Rubella","Rubella",29.1007101432092,29.1007101432092,"EURO","High income",0.91,61395
"IRL",2020,"HPV","HPV",190.436112644329,0,"EURO","High income",0,34271
"IRL",2020,"HepB","HepB",291.999940742775,295.139725051837,"EURO","High income",0.94,59303
"IRL",2020,"Hib","Hib3",6.42081719115968,6.42081719115968,"EURO","High income",0.94,59303
"IRL",2020,"Measles","MCV1",131.151334177776,132.592557630279,"EURO","High income",0.92,59303
"IRL",2020,"PCV","PCV3",6.46170369132479,6.46170369132479,"EURO","High income",0.86,59303
"IRL",2020,"Rota","Rota",1.42368634140371,1.42368634140371,"EURO","High income",0.89,59303
"IRL",2020,"D","DTP3",0.24928722615142,0.24928722615142,"EURO","High income",0.94,59303
"IRL",2020,"P","DTP3",10.04262982863,10.04262982863,"EURO","High income",0.94,59303
"IRL",2020,"T","DTP3",1.49248199917123,1.49248199917123,"EURO","High income",0.94,59303
"IRL",2020,"Rubella","Rubella",28.1091198570362,28.4180112840366,"EURO","High income",0.92,59303
"IRL",2021,"HPV","HPV",195.426093361396,0,"EURO","High income",0,35169
"IRL",2021,"HepB","HepB",294.373243466719,294.373243466719,"EURO","High income",0.93,59785
"IRL",2021,"Hib","Hib3",6.47300399260545,6.40414224800327,"EURO","High income",0.93,59785
"IRL",2021,"Measles","MCV1",132.217299526471,130.764362169038,"EURO","High income",0.9,59785
"IRL",2021,"PCV","PCV3",6.51422280805106,6.43847603121326,"EURO","High income",0.85,59785
"IRL",2021,"Rota","Rota",1.43525770906735,1.46751069129358,"EURO","High income",0.91,59785
"IRL",2021,"D","DTP3",0.251313370579274,0.251313370579274,"EURO","High income",0.94,59785
"IRL",2021,"P","DTP3",10.1242538202898,10.1242538202898,"EURO","High income",0.94,59785
"IRL",2021,"T","DTP3",1.50461252079072,1.50461252079072,"EURO","High income",0.94,59785
"IRL",2021,"Rubella","Rubella",28.3375837757434,28.0261817562297,"EURO","High income",0.9,59785
"IRL",2022,"HPV","HPV",196.570788269765,0,"EURO","High income",0,35375
"IRL",2022,"HepB","HepB",289.745226296558,288.947144707827,"EURO","High income",0.93,58683
"IRL",2022,"Hib","Hib3",6.36182198814137,6.2860965048018,"EURO","High income",0.93,58683
"IRL",2022,"Measles","MCV1",130.591663368878,128.35401965653,"EURO","High income",0.9,58683
"IRL",2022,"PCV","PCV3",6.50667094827232,6.24544686517546,"EURO","High income",0.84,58683
"IRL",2022,"Rota","Rota",1.42340708260788,1.39297277349182,"EURO","High income",0.88,58683
"IRL",2022,"D","DTP3",0.246996746594251,0.244056716512615,"EURO","High income",0.93,58683
"IRL",2022,"P","DTP3",9.95035699669305,9.83191677714898,"EURO","High income",0.93,58683
"IRL",2022,"T","DTP3",1.47876890379398,1.46116695105213,"EURO","High income",0.93,58683
"IRL",2022,"Rubella","Rubella",27.9891679408287,27.5095830726909,"EURO","High income",0.9,58683
"IRN",2019,"HepB","HepB",3147.82940679991,3147.82940679991,"EMRO","Upper middle income",0.99,1459178
"IRN",2019,"HepB","HepB_BD",1305.55527273644,1305.55527273644,"EMRO","Upper middle income",0.95,1459178
"IRN",2019,"Hib","Hib3",1024.83023984625,1024.83023984625,"EMRO","Upper middle income",0.99,1459178
"IRN",2019,"Measles","MCV1",11942.2859706499,11942.2859706499,"EMRO","Upper middle income",0.99,1459178
"IRN",2019,"Measles","MCV2",1310.55866778456,1310.55866778456,"EMRO","Upper middle income",0.98,1562807
"IRN",2019,"D","DTP3",40.8974137903699,40.8974137903699,"EMRO","Upper middle income",0.99,1459178
"IRN",2019,"P","DTP3",1632.70040762191,1632.70040762191,"EMRO","Upper middle income",0.99,1459178
"IRN",2019,"T","DTP3",178.587065003866,178.587065003866,"EMRO","Upper middle income",0.99,1459178
"IRN",2019,"TB","BCG",147.175537585135,147.175537585135,"EMRO","Upper middle income",0.99,1459178
"IRN",2019,"Rubella","Rubella",561.681396468049,561.681396468049,"EMRO","Upper middle income",0.99,1459178
"IRN",2020,"HepB","HepB",2792.31476882482,2792.31476882482,"EMRO","Upper middle income",0.99,1294379
"IRN",2020,"HepB","HepB_BD",1158.10636424708,1158.10636424708,"EMRO","Upper middle income",0.95,1294379
"IRN",2020,"Hib","Hib3",909.086308196773,909.086308196773,"EMRO","Upper middle income",0.99,1294379
"IRN",2020,"Measles","MCV1",10593.5288034797,10593.5288034797,"EMRO","Upper middle income",0.99,1294379
"IRN",2020,"Measles","MCV2",1300.83183012154,1300.83183012154,"EMRO","Upper middle income",0.98,1551208
"IRN",2020,"D","DTP3",36.2784756654535,36.2784756654535,"EMRO","Upper middle income",0.99,1294379
"IRN",2020,"P","DTP3",1448.30385389393,1448.30385389393,"EMRO","Upper middle income",0.99,1294379
"IRN",2020,"T","DTP3",158.417510826396,158.417510826396,"EMRO","Upper middle income",0.99,1294379
"IRN",2020,"TB","BCG",130.553589187823,129.234866064714,"EMRO","Upper middle income",0.98,1294379
"IRN",2020,"Rubella","Rubella",498.245316389718,498.245316389718,"EMRO","Upper middle income",0.99,1294379
"IRN",2021,"HepB","HepB",2650.20081300054,2623.43110781872,"EMRO","Upper middle income",0.98,1228502
"IRN",2021,"HepB","HepB_BD",1099.16491590969,1110.73507291926,"EMRO","Upper middle income",0.96,1228502
"IRN",2021,"Hib","Hib3",862.818654962999,854.103315013878,"EMRO","Upper middle income",0.98,1228502
"IRN",2021,"Measles","MCV1",10054.3745859075,10054.3745859075,"EMRO","Upper middle income",0.99,1228502
"IRN",2021,"Measles","MCV2",1219.00949391853,1219.00949391853,"EMRO","Upper middle income",0.98,1453637
"IRN",2021,"D","DTP3",34.4320943958153,34.0842954625242,"EMRO","Upper middle income",0.98,1228502
"IRN",2021,"P","DTP3",1374.59289830599,1360.70812155542,"EMRO","Upper middle income",0.98,1228502
"IRN",2021,"T","DTP3",150.354902918889,148.836166525769,"EMRO","Upper middle income",0.98,1228502
"IRN",2021,"TB","BCG",123.909106547942,123.909106547942,"EMRO","Upper middle income",0.99,1228502
"IRN",2021,"Rubella","Rubella",472.887282376647,472.887282376647,"EMRO","Upper middle income",0.99,1228502
"IRN",2022,"HepB","HepB",2574.32127564815,2574.32127564815,"EMRO","Upper middle income",0.99,1193328
"IRN",2022,"HepB","HepB_BD",1076.89582480636,1067.6940458971,"EMRO","Upper middle income",0.95,1193328
"IRN",2022,"Hib","Hib3",838.114760814135,838.114760814135,"EMRO","Upper middle income",0.99,1193328
"IRN",2022,"Measles","MCV1",9766.50157334043,9766.50157334043,"EMRO","Upper middle income",0.99,1193328
"IRN",2022,"Measles","MCV2",1083.22800060883,1081.59181072806,"EMRO","Upper middle income",0.98,1289770
"IRN",2022,"D","DTP3",33.4462478214683,33.4462478214683,"EMRO","Upper middle income",0.99,1193328
"IRN",2022,"P","DTP3",1335.23607950959,1335.23607950959,"EMRO","Upper middle income",0.99,1193328
"IRN",2022,"T","DTP3",146.04999877118,146.04999877118,"EMRO","Upper middle income",0.99,1193328
"IRN",2022,"TB","BCG",120.361388340144,120.361388340144,"EMRO","Upper middle income",0.99,1193328
"IRN",2022,"Rubella","Rubella",459.347754341433,459.347754341433,"EMRO","Upper middle income",0.99,1193328
"IRQ",2019,"HepB","HepB",4852.11445120824,4852.11445120824,"EMRO","Upper middle income",0.84,1131189
"IRQ",2019,"HepB","HepB_BD",869.272941792446,869.272941792446,"EMRO","Upper middle income",0.51,1131189
"IRQ",2019,"Hib","Hib3",832.841910996728,832.841910996728,"EMRO","Upper middle income",0.84,1131189
"IRQ",2019,"Measles","MCV1",8775.43836886053,8775.43836886053,"EMRO","Upper middle income",0.82,1131189
"IRQ",2019,"Measles","MCV2",991.757414819358,991.757414819358,"EMRO","Upper middle income",0.86,1135802
"IRQ",2019,"PCV","PCV3",342.901463846349,342.901463846349,"EMRO","Upper middle income",0.37,1131189
"IRQ",2019,"Rota","Rota",17.4386644619791,17.4386644619791,"EMRO","Upper middle income",0.05,1131189
"IRQ",2019,"D","DTP3",74.0247996541714,74.0247996541714,"EMRO","Upper middle income",0.84,1131189
"IRQ",2019,"P","DTP3",2625.29110523269,2625.29110523269,"EMRO","Upper middle income",0.84,1131189
"IRQ",2019,"T","DTP3",273.902286449253,273.902286449253,"EMRO","Upper middle income",0.84,1131189
"IRQ",2019,"TB","BCG",434.97044385633,434.97044385633,"EMRO","Upper middle income",0.98,1131189
"IRQ",2019,"Rubella","Rubella",204.45661750153,204.45661750153,"EMRO","Upper middle income",0.86,1131189
"IRQ",2020,"HepB","HepB",4907.76503912058,4323.50729636813,"EMRO","Upper middle income",0.74,1144163
"IRQ",2020,"HepB","HepB_BD",879.242935442327,810.282705211556,"EMRO","Upper middle income",0.47,1144163
"IRQ",2020,"Hib","Hib3",842.394064485907,742.109056809014,"EMRO","Upper middle income",0.74,1144163
"IRQ",2020,"Measles","MCV1",8876.08692307879,8226.61714821937,"EMRO","Upper middle income",0.76,1144163
"IRQ",2020,"Measles","MCV2",974.584621429971,1053.91127666264,"EMRO","Upper middle income",0.93,1116135
"IRQ",2020,"PCV","PCV3",346.834319975557,0,"EMRO","Upper middle income",0,1144163
"IRQ",2020,"Rota","Rota",17.6386745688045,148.164866377958,"EMRO","Upper middle income",0.42,1144163
"IRQ",2020,"D","DTP3",74.8738158227455,65.9602663200377,"EMRO","Upper middle income",0.74,1144163
"IRQ",2020,"P","DTP3",2655.4014818358,2339.28225780773,"EMRO","Upper middle income",0.74,1144163
"IRQ",2020,"T","DTP3",277.04376701916,244.062366183546,"EMRO","Upper middle income",0.74,1144163
"IRQ",2020,"TB","BCG",439.959271133285,444.448651450972,"EMRO","Upper middle income",0.99,1144163
"IRQ",2020,"Rubella","Rubella",206.801601545279,223.634290043151,"EMRO","Upper middle income",0.93,1144163
"IRQ",2021,"HepB","HepB",4972.14025288568,4616.98737767956,"EMRO","Upper middle income",0.78,1159171
"IRQ",2021,"HepB","HepB_BD",890.775975730396,838.377388922726,"EMRO","Upper middle income",0.48,1159171
"IRQ",2021,"Hib","Hib3",853.443757685045,792.48348927897,"EMRO","Upper middle income",0.78,1159171
"IRQ",2021,"Measles","MCV1",8992.51466330598,8224.86097253596,"EMRO","Upper middle income",0.75,1159171
"IRQ",2021,"Measles","MCV2",984.08567216826,961.199958862021,"EMRO","Upper middle income",0.84,1127016
"IRQ",2021,"PCV","PCV3",351.383749973025,0,"EMRO","Upper middle income",0,1159171
"IRQ",2021,"Rota","Rota",17.8700412778561,146.53433847842,"EMRO","Upper middle income",0.41,1159171
"IRQ",2021,"D","DTP3",75.8559365764037,70.4376553923749,"EMRO","Upper middle income",0.78,1159171
"IRQ",2021,"P","DTP3",2690.2324153998,2498.07295715696,"EMRO","Upper middle income",0.78,1159171
"IRQ",2021,"T","DTP3",280.677753483872,260.629342520738,"EMRO","Upper middle income",0.78,1159171
"IRQ",2021,"TB","BCG",445.730222248789,427.53715195292,"EMRO","Upper middle income",0.94,1159171
"IRQ",2021,"Rubella","Rubella",209.514220670344,204.641796933825,"EMRO","Upper middle income",0.84,1159171
"IRQ",2022,"HepB","HepB",5085.23732277615,5551.69916959913,"EMRO","Upper middle income",0.93,1169032
"IRQ",2022,"HepB","HepB_BD",1055.78292095097,880.738975425031,"EMRO","Upper middle income",0.5,1169032
"IRQ",2022,"Hib","Hib3",872.856321169044,952.922234663392,"EMRO","Upper middle income",0.93,1169032
"IRQ",2022,"Measles","MCV1",9240.54377280547,9732.5998111319,"EMRO","Upper middle income",0.88,1169032
"IRQ",2022,"Measles","MCV2",1004.71857313549,1122.21569324812,"EMRO","Upper middle income",0.97,1139463
"IRQ",2022,"PCV","PCV3",478.01361531768,0,"EMRO","Upper middle income",0,1169032
"IRQ",2022,"Rota","Rota",100.332852157937,136.967661132847,"EMRO","Upper middle income",0.38,1169032
"IRQ",2022,"D","DTP3",77.5813674219253,84.6977998772206,"EMRO","Upper middle income",0.93,1169032
"IRQ",2022,"P","DTP3",2751.4248572923,3003.80928674241,"EMRO","Upper middle income",0.93,1169032
"IRQ",2022,"T","DTP3",287.062093001254,313.393905177354,"EMRO","Upper middle income",0.93,1169032
"IRQ",2022,"TB","BCG",449.522023218271,440.348104377082,"EMRO","Upper middle income",0.96,1169032
"IRQ",2022,"Rubella","Rubella",213.370204608329,238.3228482935,"EMRO","Upper middle income",0.97,1169032
"ISL",2019,"HPV","HPV",13.4904455471136,13.4904455471136,"EURO","High income",0.93,2408
"ISL",2019,"Hib","Hib3",0.430493258856154,0.430493258856154,"EURO","High income",0.93,4230
"ISL",2019,"Measles","MCV1",10.547573137942,10.547573137942,"EURO","High income",0.93,4230
"ISL",2019,"Measles","MCV2",1.96717987991778,1.96717987991778,"EURO","High income",0.94,4230
"ISL",2019,"PCV","PCV3",0.47775125354334,0.47775125354334,"EURO","High income",0.92,4230
"ISL",2019,"D","DTP3",0.0149559876944377,0.0149559876944377,"EURO","High income",0.92,4230
"ISL",2019,"P","DTP3",0.590330309964259,0.590330309964259,"EURO","High income",0.92,4230
"ISL",2019,"T","DTP3",0.0956395124807023,0.0956395124807023,"EURO","High income",0.92,4230
"ISL",2019,"Rubella","Rubella",1.80555158387749,1.80555158387749,"EURO","High income",0.93,4230
"ISL",2020,"HPV","HPV",12.5694924002364,0,"EURO","High income",0,2268
"ISL",2020,"Hib","Hib3",0.453900693734858,0.453900693734858,"EURO","High income",0.93,4460
"ISL",2020,"Measles","MCV1",11.121081842842,11.121081842842,"EURO","High income",0.93,4460
"ISL",2020,"Measles","MCV2",2.07414237929865,2.05207703483803,"EURO","High income",0.93,4460
"ISL",2020,"PCV","PCV3",0.503728272057517,0.50920357936249,"EURO","High income",0.93,4460
"ISL",2020,"D","DTP3",0.0157691974272322,0.0159406017470934,"EURO","High income",0.93,4460
"ISL",2020,"P","DTP3",0.62242864833111,0.629194177117318,"EURO","High income",0.93,4460
"ISL",2020,"T","DTP3",0.100839769660504,0.101935854113336,"EURO","High income",0.93,4460
"ISL",2020,"Rubella","Rubella",1.90372578347366,1.90372578347366,"EURO","High income",0.93,4460
"ISL",2021,"HPV","HPV",13.2345449081854,0,"EURO","High income",0,2388
"ISL",2021,"Hib","Hib3",0.46071938128648,0.45576540944469,"EURO","High income",0.92,4527
"ISL",2021,"Measles","MCV1",11.2881474220954,11.1667694928256,"EURO","High income",0.92,4527
"ISL",2021,"Measles","MCV2",2.10530102042264,0.223968193661983,"EURO","High income",0.1,4527
"ISL",2021,"PCV","PCV3",0.511295490494256,0.511295490494256,"EURO","High income",0.92,4527
"ISL",2021,"D","DTP3",0.0160060889580897,0.0160060889580897,"EURO","High income",0.92,4527
"ISL",2021,"P","DTP3",0.631779033855367,0.631779033855367,"EURO","High income",0.92,4527
"ISL",2021,"T","DTP3",0.102354627186794,0.102354627186794,"EURO","High income",0.92,4527
"ISL",2021,"Rubella","Rubella",1.93232435466038,1.91154667342747,"EURO","High income",0.92,4527
"ISL",2022,"HPV","HPV",13.622492204489,0,"EURO","High income",0,2458
"ISL",2022,"Hib","Hib3",0.467196583643323,0.460899943547115,"EURO","High income",0.92,4578
"ISL",2022,"Measles","MCV1",11.4468462267401,11.1698260609583,"EURO","High income",0.91,4578
"ISL",2022,"Measles","MCV2",2.13174404530237,1.81193088682935,"EURO","High income",0.8,4578
"ISL",2022,"PCV","PCV3",0.519343356217825,0.472094254426454,"EURO","High income",0.84,4578
"ISL",2022,"D","DTP3",0.016258027136871,0.0161864093771006,"EURO","High income",0.92,4578
"ISL",2022,"P","DTP3",0.641723328154773,0.638896491493234,"EURO","High income",0.92,4578
"ISL",2022,"T","DTP3",0.103965703973309,0.103507727691881,"EURO","High income",0.92,4578
"ISL",2022,"Rubella","Rubella",1.95949068708,1.91206990198072,"EURO","High income",0.91,4578
"ISR",2019,"HPV","HPV",156.758289714237,156.758289714237,"EURO","High income",0.54,73479
"ISR",2019,"HepB","HepB",977.022301033855,977.022301033855,"EURO","High income",0.96,175491
"ISR",2019,"HepB","HepB_BD",730.622011167664,730.622011167664,"EURO","High income",0.95,175491
"ISR",2019,"Hib","Hib3",25.438852059622,25.438852059622,"EURO","High income",0.98,175491
"ISR",2019,"Measles","MCV1",533.761585159619,533.761585159619,"EURO","High income",0.99,175491
"ISR",2019,"Measles","MCV2",84.805161679586,84.805161679586,"EURO","High income",0.96,175491
"ISR",2019,"PCV","PCV3",27.1442281436991,27.1442281436991,"EURO","High income",0.95,175491
"ISR",2019,"Rota","Rota",5.21306119044149,5.21306119044149,"EURO","High income",0.8,175491
"ISR",2019,"D","DTP3",1.32754503431885,1.32754503431885,"EURO","High income",0.98,175491
"ISR",2019,"P","DTP3",47.3449312334994,47.3449312334994,"EURO","High income",0.98,175491
"ISR",2019,"T","DTP3",6.66972085831919,6.66972085831919,"EURO","High income",0.98,175491
"ISR",2019,"Rubella","Rubella",76.8808991271598,76.8808991271598,"EURO","High income",0.99,175491
"ISR",2020,"HPV","HPV",425.560980422175,0,"EURO","High income",0,70060
"ISR",2020,"HepB","HepB",1025.14659669652,1025.14659669652,"EURO","High income",0.96,184135
"ISR",2020,"HepB","HepB_BD",766.609592664911,766.609592664911,"EURO","High income",0.95,184135
"ISR",2020,"Hib","Hib3",26.6918703751104,26.6918703751104,"EURO","High income",0.98,184135
"ISR",2020,"Measles","MCV1",560.052592345855,560.052592345855,"EURO","High income",0.99,184135
"ISR",2020,"Measles","MCV2",88.9823321188584,88.9823321188584,"EURO","High income",0.96,184135
"ISR",2020,"PCV","PCV3",28.4812466123051,28.1814440163861,"EURO","High income",0.94,184135
"ISR",2020,"Rota","Rota",5.46983618705201,5.40146323471386,"EURO","High income",0.79,184135
"ISR",2020,"D","DTP3",1.39293470830015,1.39293470830015,"EURO","High income",0.98,184135
"ISR",2020,"P","DTP3",49.6769572951343,49.6769572951343,"EURO","High income",0.98,184135
"ISR",2020,"T","DTP3",6.99824521056125,6.99824521056125,"EURO","High income",0.98,184135
"ISR",2020,"Rubella","Rubella",80.6677513991006,80.6677513991006,"EURO","High income",0.99,184135
"ISR",2021,"HPV","HPV",435.389322287465,0,"EURO","High income",0,71709
"ISR",2021,"HepB","HepB",975.084858311665,975.084858311665,"EURO","High income",0.96,175143
"ISR",2021,"HepB","HepB_BD",729.173182111551,729.173182111551,"EURO","High income",0.95,175143
"ISR",2021,"Hib","Hib3",25.3884066207292,25.3884066207292,"EURO","High income",0.98,175143
"ISR",2021,"Measles","MCV1",532.703131839303,532.703131839303,"EURO","High income",0.99,175143
"ISR",2021,"Measles","MCV2",84.6369923930443,81.9920863807617,"EURO","High income",0.93,175143
"ISR",2021,"PCV","PCV3",27.0904009309418,27.0904009309418,"EURO","High income",0.95,175143
"ISR",2021,"Rota","Rota",5.20272365008743,5.20272365008743,"EURO","High income",0.8,175143
"ISR",2021,"D","DTP3",1.32491250232608,1.32491250232608,"EURO","High income",0.98,175143
"ISR",2021,"P","DTP3",47.2510458714623,47.2510458714623,"EURO","High income",0.98,175143
"ISR",2021,"T","DTP3",6.65649475066298,6.65649475066298,"EURO","High income",0.98,175143
"ISR",2021,"Rubella","Rubella",76.7284437140831,76.7284437140831,"EURO","High income",0.99,175143
"ISR",2022,"HPV","HPV",444.239867102545,0,"EURO","High income",0,73421
"ISR",2022,"HepB","HepB",972.567746559816,969.573167808885,"EURO","High income",0.96,174153
"ISR",2022,"HepB","HepB_BD",728.745419064912,725.051513245022,"EURO","High income",0.95,174153
"ISR",2022,"Hib","Hib3",25.2448980445684,25.2448980445684,"EURO","High income",0.98,174153
"ISR",2022,"Measles","MCV1",529.692014634956,529.692014634956,"EURO","High income",0.99,174153
"ISR",2022,"Measles","MCV2",84.4185080566527,81.5286241498021,"EURO","High income",0.93,174153
"ISR",2022,"PCV","PCV3",27.0745085850338,26.9372717912009,"EURO","High income",0.95,174153
"ISR",2022,"Rota","Rota",5.46526640656521,5.17331513011469,"EURO","High income",0.8,174153
"ISR",2022,"D","DTP3",1.31742340269148,1.31742340269148,"EURO","High income",0.98,174153
"ISR",2022,"P","DTP3",46.983958203598,46.983958203598,"EURO","High income",0.98,174153
"ISR",2022,"T","DTP3",6.61886875474447,6.61886875474447,"EURO","High income",0.98,174153
"ISR",2022,"Rubella","Rubella",76.2947343492958,76.2947343492958,"EURO","High income",0.99,174153
"ITA",2019,"HPV","HPV",672.360642044275,672.360642044275,"EURO","High income",0.53,273334
"ITA",2019,"HepB","HepB",2481.58232544643,2481.58232544643,"EURO","High income",0.95,430986
"ITA",2019,"Hib","Hib3",43.5754513279804,43.5754513279804,"EURO","High income",0.95,430986
"ITA",2019,"Measles","MCV1",872.414155471042,872.414155471042,"EURO","High income",0.94,430986
"ITA",2019,"Measles","MCV2",115.553868282578,115.553868282578,"EURO","High income",0.88,430986
"ITA",2019,"PCV","PCV3",51.2183201835386,51.2183201835386,"EURO","High income",0.92,430986
"ITA",2019,"Rota","Rota",6.85938031018064,6.85938031018064,"EURO","High income",0.61,430986
"ITA",2019,"D","DTP3",1.18299637880094,1.18299637880094,"EURO","High income",0.96,430986
"ITA",2019,"P","DTP3",49.1810109988875,49.1810109988875,"EURO","High income",0.96,430986
"ITA",2019,"T","DTP3",8.67032911086745,8.67032911086745,"EURO","High income",0.96,430986
"ITA",2019,"Rubella","Rubella",141.455685130398,141.455685130398,"EURO","High income",0.94,430986
"ITA",2020,"HPV","HPV",1977.29125316913,0,"EURO","High income",0,275391
"ITA",2020,"HepB","HepB",2389.23106828764,2364.08126756883,"EURO","High income",0.94,414947
"ITA",2020,"Hib","Hib3",41.9538054651229,41.5121864602269,"EURO","High income",0.94,414947
"ITA",2020,"Measles","MCV1",839.947554143852,822.0763295876,"EURO","High income",0.92,414947
"ITA",2020,"Measles","MCV2",111.253569680339,108.725079460332,"EURO","High income",0.86,414947
"ITA",2020,"PCV","PCV3",49.312247509661,48.7762448193386,"EURO","High income",0.91,414947
"ITA",2020,"Rota","Rota",6.60411076361767,6.82063898537562,"EURO","High income",0.63,414947
"ITA",2020,"D","DTP3",1.1389715637963,1.11524298955054,"EURO","High income",0.94,414947
"ITA",2020,"P","DTP3",47.3507561056633,46.3642820201286,"EURO","High income",0.94,414947
"ITA",2020,"T","DTP3",8.34766570971474,8.17375600742901,"EURO","High income",0.94,414947
"ITA",2020,"Rubella","Rubella",136.19145906782,133.293768449355,"EURO","High income",0.92,414947
"ITA",2021,"HPV","HPV",1982.16802184035,0,"EURO","High income",0,276833
"ITA",2021,"HepB","HepB",2359.1920067129,2334.35840664223,"EURO","High income",0.94,409730
"ITA",2021,"Hib","Hib3",41.4263332744298,40.9902666083832,"EURO","High income",0.94,409730
"ITA",2021,"Measles","MCV1",829.387153924141,829.387153924141,"EURO","High income",0.94,409730
"ITA",2021,"Measles","MCV2",109.854813036666,107.358112740378,"EURO","High income",0.86,409730
"ITA",2021,"PCV","PCV3",48.6922599082134,48.1629962135589,"EURO","High income",0.91,409730
"ITA",2021,"Rota","Rota",6.52107932622014,7.48320578418704,"EURO","High income",0.7,409730
"ITA",2021,"D","DTP3",1.12465162739882,1.10122138516134,"EURO","High income",0.94,409730
"ITA",2021,"P","DTP3",46.7554297275879,45.7813582749298,"EURO","High income",0.94,409730
"ITA",2021,"T","DTP3",8.24271309647116,8.07098990696135,"EURO","High income",0.94,409730
"ITA",2021,"Rubella","Rubella",134.479166071469,134.479166071469,"EURO","High income",0.94,409730
"ITA",2022,"HPV","HPV",1959.51767655585,0,"EURO","High income",0,273251
"ITA",2022,"HepB","HepB",2368.43401137061,2361.57578503223,"EURO","High income",0.95,410144
"ITA",2022,"Hib","Hib3",41.5886186517899,41.4681913321156,"EURO","High income",0.95,410144
"ITA",2022,"Measles","MCV1",834.15331308727,830.225184533871,"EURO","High income",0.94,410144
"ITA",2022,"Measles","MCV2",112.106487443621,106.216978177408,"EURO","High income",0.85,410144
"ITA",2022,"PCV","PCV3",49.1790840452126,48.7414596143662,"EURO","High income",0.92,410144
"ITA",2022,"Rota","Rota",7.56260118968606,7.91881080338868,"EURO","High income",0.74,410144
"ITA",2022,"D","DTP3",1.12726368270302,1.11406104125092,"EURO","High income",0.95,410144
"ITA",2022,"P","DTP3",46.8640213707644,46.3151445811932,"EURO","High income",0.95,410144
"ITA",2022,"T","DTP3",8.2618571780162,8.16509335982211,"EURO","High income",0.95,410144
"ITA",2022,"Rubella","Rubella",135.251964524626,134.615046711777,"EURO","High income",0.94,410144
"JAM",2019,"HepB","HepB",11.4881117206645,11.4881117206645,"PAHO","Upper middle income",0.96,33875
"JAM",2019,"Hib","Hib3",4.21151409432824,4.21151409432824,"PAHO","Upper middle income",0.96,33875
"JAM",2019,"Measles","MCV1",320.332634875053,320.332634875053,"PAHO","Upper middle income",0.94,33875
"JAM",2019,"Measles","MCV2",38.6868634041572,38.6868634041572,"PAHO","Upper middle income",0.92,36827
"JAM",2019,"D","DTP3",2.26648986938397,2.26648986938397,"PAHO","Upper middle income",0.96,33875
"JAM",2019,"P","DTP3",64.4516658934113,64.4516658934113,"PAHO","Upper middle income",0.96,33875
"JAM",2019,"T","DTP3",7.6981183264635,7.6981183264635,"PAHO","Upper middle income",0.96,33875
"JAM",2019,"TB","BCG",8.13665661368396,8.13665661368396,"PAHO","Upper middle income",0.97,33875
"JAM",2019,"Rubella","Rubella",29.4692818896073,29.4692818896073,"PAHO","Upper middle income",0.94,33875
"JAM",2020,"HPV","HPV",192.92474860233,0,"PAHO","Upper middle income",0,21051
"JAM",2020,"HepB","HepB",11.2873453106679,11.1697687970151,"PAHO","Upper middle income",0.95,33283
"JAM",2020,"Hib","Hib3",4.13791361185319,4.13791361185319,"PAHO","Upper middle income",0.96,33283
"JAM",2020,"Measles","MCV1",314.73449701982,311.386257689822,"PAHO","Upper middle income",0.93,33283
"JAM",2020,"Measles","MCV2",36.6741002064391,35.47820563449,"PAHO","Upper middle income",0.89,34911
"JAM",2020,"D","DTP3",2.22688065897289,2.22688065897289,"PAHO","Upper middle income",0.96,33283
"JAM",2020,"P","DTP3",63.3253076289419,63.3253076289419,"PAHO","Upper middle income",0.96,33283
"JAM",2020,"T","DTP3",7.56358589696486,7.56358589696486,"PAHO","Upper middle income",0.96,33283
"JAM",2020,"TB","BCG",7.99446028260497,8.159294515236,"PAHO","Upper middle income",0.99,33283
"JAM",2020,"Rubella","Rubella",28.9542762843336,28.6462520685428,"PAHO","Upper middle income",0.93,33283
"JAM",2021,"HPV","HPV",191.889144754909,0,"PAHO","Upper middle income",0,20938
"JAM",2021,"HepB","HepB",11.1859447083217,10.3703029066732,"PAHO","Upper middle income",0.89,32984
"JAM",2021,"Hib","Hib3",4.10074039519772,3.84444412049786,"PAHO","Upper middle income",0.9,32984
"JAM",2021,"Measles","MCV1",311.907059150369,291.998097928005,"PAHO","Upper middle income",0.88,32984
"JAM",2021,"Measles","MCV2",35.3284062313468,32.64037532244,"PAHO","Upper middle income",0.85,33630
"JAM",2021,"D","DTP3",2.20687533141729,2.06894562320371,"PAHO","Upper middle income",0.9,32984
"JAM",2021,"P","DTP3",62.7564206000968,58.8341443125907,"PAHO","Upper middle income",0.9,32984
"JAM",2021,"T","DTP3",7.49563793003903,7.02716055941159,"PAHO","Upper middle income",0.9,32984
"JAM",2021,"TB","BCG",7.92264152754987,7.92264152754987,"PAHO","Upper middle income",0.97,32984
"JAM",2021,"Rubella","Rubella",28.6941636559943,26.8626212949734,"PAHO","Upper middle income",0.88,32984
"JAM",2022,"HPV","HPV",208.946234015791,0,"PAHO","Upper middle income",0,19703
"JAM",2022,"HepB","HepB",11.116731731668,11.3334743890346,"PAHO","Upper middle income",0.98,32737
"JAM",2022,"Hib","Hib3",4.07536708461587,4.15482442090723,"PAHO","Upper middle income",0.98,32737
"JAM",2022,"Measles","MCV1",311.036055905433,299.691412916486,"PAHO","Upper middle income",0.91,32737
"JAM",2022,"Measles","MCV2",35.1145745206197,31.3975506836474,"PAHO","Upper middle income",0.83,33129
"JAM",2022,"D","DTP3",2.19322030139758,2.23598146608064,"PAHO","Upper middle income",0.98,32737
"JAM",2022,"P","DTP3",62.3681155630952,63.5841052467882,"PAHO","Upper middle income",0.98,32737
"JAM",2022,"T","DTP3",7.44925870802569,7.59449673002358,"PAHO","Upper middle income",0.98,32737
"JAM",2022,"TB","BCG",7.86331299076522,7.86331299076522,"PAHO","Upper middle income",0.97,32737
"JAM",2022,"Rubella","Rubella",28.6140349480287,27.5703745594808,"PAHO","Upper middle income",0.91,32737
"JOR",2019,"HepB","HepB",433.578673592664,433.578673592664,"EMRO","Upper middle income",0.89,237963
"JOR",2019,"Hib","Hib3",99.0045552365448,99.0045552365448,"EMRO","Upper middle income",0.89,237963
"JOR",2019,"Measles","MCV1",1802.10220900749,1802.10220900749,"EMRO","Upper middle income",0.87,237963
"JOR",2019,"Measles","MCV2",241.83140169462,241.83140169462,"EMRO","Upper middle income",0.93,234932
"JOR",2019,"Rota","Rota",25.9791742315436,25.9791742315436,"EMRO","Upper middle income",0.86,237963
"JOR",2019,"D","DTP3",10.6345582682841,10.6345582682841,"EMRO","Upper middle income",0.89,237963
"JOR",2019,"P","DTP3",378.913534820472,378.913534820472,"EMRO","Upper middle income",0.89,237963
"JOR",2019,"T","DTP3",38.2551672916768,38.2551672916768,"EMRO","Upper middle income",0.89,237963
"JOR",2019,"TB","BCG",35.506183120782,35.506183120782,"EMRO","Upper middle income",0.86,237963
"JOR",2019,"Rubella","Rubella",150.275580830492,150.275580830492,"EMRO","Upper middle income",0.93,237963
"JOR",2020,"HepB","HepB",435.839828200433,377.074907544195,"EMRO","Upper middle income",0.77,239204
"JOR",2020,"Hib","Hib3",99.5208735425359,86.1023287952277,"EMRO","Upper middle income",0.77,239204
"JOR",2020,"Measles","MCV1",1811.50034586649,1582.46007225119,"EMRO","Upper middle income",0.76,239204
"JOR",2020,"Measles","MCV2",244.101157371737,236.226926488778,"EMRO","Upper middle income",0.9,237137
"JOR",2020,"Rota","Rota",26.1146581312312,22.7744111609574,"EMRO","Upper middle income",0.75,239204
"JOR",2020,"D","DTP3",10.6900185155114,9.24866770443119,"EMRO","Upper middle income",0.77,239204
"JOR",2020,"P","DTP3",380.889605456295,329.533703597019,"EMRO","Upper middle income",0.77,239204
"JOR",2020,"T","DTP3",38.4546716793714,33.2697721270966,"EMRO","Upper middle income",0.77,239204
"JOR",2020,"TB","BCG",35.6913512908458,31.5411941640033,"EMRO","Upper middle income",0.76,239204
"JOR",2020,"Rubella","Rubella",151.059282480793,123.446295360648,"EMRO","Upper middle income",0.76,239204
"JOR",2021,"HepB","HepB",438.561959533234,379.430009933248,"EMRO","Upper middle income",0.77,240698
"JOR",2021,"Hib","Hib3",100.142452550715,86.6400993978098,"EMRO","Upper middle income",0.77,240698
"JOR",2021,"Measles","MCV1",1822.81446066693,1592.34366678951,"EMRO","Upper middle income",0.76,240698
"JOR",2021,"Measles","MCV2",245.518596631325,237.598641901282,"EMRO","Upper middle income",0.9,238514
"JOR",2021,"Rota","Rota",26.2777628420557,22.9166536413276,"EMRO","Upper middle income",0.75,240698
"JOR",2021,"D","DTP3",10.7567853240186,9.30643224662287,"EMRO","Upper middle income",0.77,240698
"JOR",2021,"P","DTP3",383.268533361144,331.591877177619,"EMRO","Upper middle income",0.77,240698
"JOR",2021,"T","DTP3",38.6948485973535,33.477565640407,"EMRO","Upper middle income",0.77,240698
"JOR",2021,"TB","BCG",35.9142692973529,31.7381914720793,"EMRO","Upper middle income",0.76,240698
"JOR",2021,"Rubella","Rubella",152.002755700415,124.217305733672,"EMRO","Upper middle income",0.76,240698
"JOR",2022,"HepB","HepB",444.649016167834,381.624322199353,"EMRO","Upper middle income",0.77,242090
"JOR",2022,"Hib","Hib3",101.532387922339,87.1411547383684,"EMRO","Upper middle income",0.77,242090
"JOR",2022,"Measles","MCV1",1855.90853906602,1601.55247776496,"EMRO","Upper middle income",0.76,242090
"JOR",2022,"Measles","MCV2",246.781681717784,238.51610732969,"EMRO","Upper middle income",0.9,239435
"JOR",2022,"Rota","Rota",26.8163063512327,23.0491847876966,"EMRO","Upper middle income",0.75,242090
"JOR",2022,"D","DTP3",10.9060850068804,9.36025302488983,"EMRO","Upper middle income",0.77,242090
"JOR",2022,"P","DTP3",388.588140358779,333.509532883239,"EMRO","Upper middle income",0.77,242090
"JOR",2022,"T","DTP3",39.2319169174833,33.6711724479893,"EMRO","Upper middle income",0.77,242090
"JOR",2022,"TB","BCG",36.6503059505939,31.9217391647445,"EMRO","Upper middle income",0.76,242090
"JOR",2022,"Rubella","Rubella",153.07723098664,124.935676844281,"EMRO","Upper middle income",0.76,242090
"JPN",2019,"HPV","HPV",0,0,"WPRO","High income",0,521200
"JPN",2019,"HepB","HepB",3024.3562255926,3024.3562255926,"WPRO","High income",0.99,867242
"JPN",2019,"Hib","Hib3",110.454237613615,110.454237613615,"WPRO","High income",0.98,867242
"JPN",2019,"Measles","MCV1",2727.71190064273,2727.71190064273,"WPRO","High income",0.96,867242
"JPN",2019,"Measles","MCV2",432.882188398828,432.882188398828,"WPRO","High income",0.93,867242
"JPN",2019,"PCV","PCV3",133.277037515571,133.277037515571,"WPRO","High income",0.97,867242
"JPN",2019,"D","DTP3",5.60712142136492,5.60712142136492,"WPRO","High income",0.98,867242
"JPN",2019,"P","DTP3",209.979012530708,209.979012530708,"WPRO","High income",0.98,867242
"JPN",2019,"T","DTP3",28.7432705348287,28.7432705348287,"WPRO","High income",0.98,867242
"JPN",2019,"TB","BCG",9.63033308005426,9.63033308005426,"WPRO","High income",0.97,867242
"JPN",2019,"Rubella","Rubella",445.123392482246,445.123392482246,"WPRO","High income",0.96,867242
"JPN",2020,"HPV","HPV",2167.57854325034,0,"WPRO","High income",0,532993
"JPN",2020,"HepB","HepB",2861.30277605509,2658.98843835423,"WPRO","High income",0.92,820486
"JPN",2020,"Hib","Hib3",104.499269641743,101.300312407812,"WPRO","High income",0.95,820486
"JPN",2020,"Measles","MCV1",2580.65156727966,2634.41514159799,"WPRO","High income",0.98,820486
"JPN",2020,"Measles","MCV2",409.544020274157,418.351418559623,"WPRO","High income",0.95,820486
"JPN",2020,"PCV","PCV3",126.09161387825,123.491786787976,"WPRO","High income",0.95,820486
"JPN",2020,"D","DTP3",5.30482221401872,5.1965605361816,"WPRO","High income",0.96,820486
"JPN",2020,"P","DTP3",198.658321524177,194.6040700645,"WPRO","High income",0.96,820486
"JPN",2020,"T","DTP3",27.1936219279502,26.6386500518696,"WPRO","High income",0.96,820486
"JPN",2020,"TB","BCG",9.11112869017114,8.92327036666246,"WPRO","High income",0.95,820486
"JPN",2020,"Rubella","Rubella",421.125258929097,429.898701823453,"WPRO","High income",0.98,820486
"JPN",2021,"HPV","HPV",2702.17834777629,0,"WPRO","High income",0,531558
"JPN",2021,"HepB","HepB",2886.64169222285,2799.16770154943,"WPRO","High income",0.96,827752
"JPN",2021,"Hib","Hib3",105.424686642419,106.500448751016,"WPRO","High income",0.99,827752
"JPN",2021,"Measles","MCV1",2603.50511296826,2576.38526804151,"WPRO","High income",0.95,827752
"JPN",2021,"Measles","MCV2",413.170830300546,417.613527400552,"WPRO","High income",0.94,827752
"JPN",2021,"PCV","PCV3",127.208246784161,125.896821559582,"WPRO","High income",0.96,827752
"JPN",2021,"D","DTP3",5.35180027117882,5.40641047802758,"WPRO","High income",0.99,827752
"JPN",2021,"P","DTP3",200.417585380226,202.462662782065,"WPRO","High income",0.99,827752
"JPN",2021,"T","DTP3",27.4344412191124,27.7143844968585,"WPRO","High income",0.99,827752
"JPN",2021,"TB","BCG",9.19181435825418,9.28657533101969,"WPRO","High income",0.98,827752
"JPN",2021,"Rubella","Rubella",424.854629243007,420.429060188393,"WPRO","High income",0.95,827752
"JPN",2022,"HPV","HPV",2704.39475644596,0,"WPRO","High income",0,531994
"JPN",2022,"HepB","HepB",2855.01861325103,2768.50289769797,"WPRO","High income",0.96,818684
"JPN",2022,"Hib","Hib3",104.269762149971,105.333739314766,"WPRO","High income",0.99,818684
"JPN",2022,"Measles","MCV1",2582.93676288724,2628.62928286895,"WPRO","High income",0.98,818684
"JPN",2022,"Measles","MCV2",412.641349356677,417.432610370032,"WPRO","High income",0.95,818684
"JPN",2022,"PCV","PCV3",125.986097770761,124.517625401913,"WPRO","High income",0.96,818684
"JPN",2022,"D","DTP3",5.29317144894818,5.34718340250888,"WPRO","High income",0.99,818684
"JPN",2022,"P","DTP3",198.222016339949,200.244689976071,"WPRO","High income",0.99,818684
"JPN",2022,"T","DTP3",27.1338976831561,27.4107741901271,"WPRO","High income",0.99,818684
"JPN",2022,"TB","BCG",9.10350430656114,9.18484115810113,"WPRO","High income",0.98,818684
"JPN",2022,"Rubella","Rubella",421.498170020291,428.954532805718,"WPRO","High income",0.98,818684
"KAZ",2019,"HepB","HepB",4288.83337798809,4288.83337798809,"EURO","Upper middle income",0.97,397606
"KAZ",2019,"HepB","HepB_BD",1651.01898539504,1651.01898539504,"EURO","Upper middle income",0.93,397606
"KAZ",2019,"Hib","Hib3",202.099359621488,202.099359621488,"EURO","Upper middle income",0.97,397606
"KAZ",2019,"Measles","MCV1",3316.09538987913,3316.09538987913,"EURO","Upper middle income",0.99,397606
"KAZ",2019,"Measles","MCV2",522.746872973997,522.746872973997,"EURO","Upper middle income",0.98,397606
"KAZ",2019,"PCV","PCV3",188.273789726344,188.273789726344,"EURO","Upper middle income",0.89,397606
"KAZ",2019,"D","DTP3",29.0456846604365,29.0456846604365,"EURO","Upper middle income",0.97,397606
"KAZ",2019,"P","DTP3",971.738472599793,971.738472599793,"EURO","Upper middle income",0.97,397606
"KAZ",2019,"T","DTP3",83.5310696227662,83.5310696227662,"EURO","Upper middle income",0.97,397606
"KAZ",2019,"TB","BCG",125.625560384252,125.625560384252,"EURO","Upper middle income",0.87,397606
"KAZ",2019,"Rubella","Rubella",374.371471269864,374.371471269864,"EURO","Upper middle income",0.99,397606
"KAZ",2020,"HepB","HepB",4317.76315047584,3917.14595094716,"EURO","Upper middle income",0.88,400288
"KAZ",2020,"HepB","HepB_BD",1662.15572105504,1662.15572105504,"EURO","Upper middle income",0.93,400288
"KAZ",2020,"Hib","Hib3",203.462594790235,184.584622077739,"EURO","Upper middle income",0.88,400288
"KAZ",2020,"Measles","MCV1",3338.46368370683,3136.13255136096,"EURO","Upper middle income",0.93,400288
"KAZ",2020,"Measles","MCV2",526.27299459519,488.68206640982,"EURO","Upper middle income",0.91,400288
"KAZ",2020,"PCV","PCV3",189.54376629623,189.54376629623,"EURO","Upper middle income",0.89,400288
"KAZ",2020,"D","DTP3",29.2416085807478,26.5284696402661,"EURO","Upper middle income",0.88,400288
"KAZ",2020,"P","DTP3",978.293209156869,887.523736142314,"EURO","Upper middle income",0.88,400288
"KAZ",2020,"T","DTP3",84.0945176812167,76.2919335664646,"EURO","Upper middle income",0.88,400288
"KAZ",2020,"TB","BCG",126.472951401869,135.195223912343,"EURO","Upper middle income",0.93,400288
"KAZ",2020,"Rubella","Rubella",376.896745752507,354.054518737204,"EURO","Upper middle income",0.93,400288
"KAZ",2021,"HepB","HepB",4576.46996007546,4482.10975471308,"EURO","Upper middle income",0.95,424272
"KAZ",2021,"HepB","HepB_BD",1761.74687246049,1742.80335770285,"EURO","Upper middle income",0.92,424272
"KAZ",2021,"Hib","Hib3",215.653434569216,211.206972000779,"EURO","Upper middle income",0.95,424272
"KAZ",2021,"Measles","MCV1",3538.49394439419,3467.00921824481,"EURO","Upper middle income",0.97,424272
"KAZ",2021,"Measles","MCV2",557.805619860927,546.4218317005,"EURO","Upper middle income",0.96,424272
"KAZ",2021,"PCV","PCV3",200.900633578909,209.929875537511,"EURO","Upper middle income",0.93,424272
"KAZ",2021,"D","DTP3",30.9936739441878,30.3546291205963,"EURO","Upper middle income",0.95,424272
"KAZ",2021,"P","DTP3",1036.90946627279,1015.52988964861,"EURO","Upper middle income",0.95,424272
"KAZ",2021,"T","DTP3",89.1331971121921,87.2953992335902,"EURO","Upper middle income",0.95,424272
"KAZ",2021,"TB","BCG",134.050813507209,144.836511145721,"EURO","Upper middle income",0.94,424272
"KAZ",2021,"Rubella","Rubella",399.47921524979,391.408928073026,"EURO","Upper middle income",0.97,424272
"KAZ",2022,"HepB","HepB",4422.44750617816,4513.63199084162,"EURO","Upper middle income",0.99,409993
"KAZ",2022,"HepB","HepB_BD",1713.96810313642,1702.45475892987,"EURO","Upper middle income",0.93,409993
"KAZ",2022,"Hib","Hib3",208.395554265511,212.692369817377,"EURO","Upper middle income",0.99,409993
"KAZ",2022,"Measles","MCV1",3419.40488117059,3419.40488117059,"EURO","Upper middle income",0.99,409993
"KAZ",2022,"Measles","MCV2",539.032506278144,533.532174581429,"EURO","Upper middle income",0.97,409993
"KAZ",2022,"PCV","PCV3",197.364829315456,213.771323488629,"EURO","Upper middle income",0.98,409993
"KAZ",2022,"D","DTP3",29.9505726548049,30.5681102353163,"EURO","Upper middle income",0.99,409993
"KAZ",2022,"P","DTP3",1002.01197063577,1022.67201126744,"EURO","Upper middle income",0.99,409993
"KAZ",2022,"T","DTP3",86.1333929262807,87.9093391721835,"EURO","Upper middle income",0.99,409993
"KAZ",2022,"TB","BCG",132.449462312133,138.473038006369,"EURO","Upper middle income",0.93,409993
"KAZ",2022,"Rubella","Rubella",386.034623774152,386.034623774152,"EURO","Upper middle income",0.99,409993
"KEN",2019,"HepB","HepB",7346.9794867365,7346.9794867365,"AFRO","Lower middle income",0.91,1390911
"KEN",2019,"Hib","Hib3",2211.79200336488,2211.79200336488,"AFRO","Lower middle income",0.91,1390911
"KEN",2019,"Measles","MCV1",17627.010293987,17627.010293987,"AFRO","Lower middle income",0.89,1390911
"KEN",2019,"Measles","MCV2",897.180684552853,897.180684552853,"AFRO","Lower middle income",0.49,1374989
"KEN",2019,"PCV","PCV3",1974.75222934184,1974.75222934184,"AFRO","Lower middle income",0.91,1390911
"KEN",2019,"Rota","Rota",724.396326925346,724.396326925346,"AFRO","Lower middle income",0.91,1390911
"KEN",2019,"YF","YF",33.0863534452777,33.0863534452777,"AFRO","Lower middle income",0.02,1390911
"KEN",2019,"D","DTP3",380.058699345182,380.058699345182,"AFRO","Lower middle income",0.91,1390911
"KEN",2019,"P","DTP3",10223.1636321175,10223.1636321175,"AFRO","Lower middle income",0.91,1390911
"KEN",2019,"T","DTP3",913.173212958894,913.173212958894,"AFRO","Lower middle income",0.91,1390911
"KEN",2019,"TB","BCG",2866.6671013043,2866.6671013043,"AFRO","Lower middle income",0.93,1390911
"KEN",2019,"Rubella","Rubella",546.83618015482,546.83618015482,"AFRO","Lower middle income",0.89,1390911
"KEN",2020,"HPV","HPV",10464.2039065305,2358.13045780969,"AFRO","Lower middle income",0.16,679409
"KEN",2020,"HepB","HepB",7386.28913439928,7223.95310946743,"AFRO","Lower middle income",0.89,1398353
"KEN",2020,"Hib","Hib3",2223.626086271,2174.75518327603,"AFRO","Lower middle income",0.89,1398353
"KEN",2020,"Measles","MCV1",17721.3227342566,17522.2067484785,"AFRO","Lower middle income",0.88,1398353
"KEN",2020,"Measles","MCV2",894.670516039887,967.704843879878,"AFRO","Lower middle income",0.53,1371142
"KEN",2020,"PCV","PCV3",1985.31804274813,1963.50136095969,"AFRO","Lower middle income",0.9,1398353
"KEN",2020,"Rota","Rota",728.272173377763,712.266191545285,"AFRO","Lower middle income",0.89,1398353
"KEN",2020,"YF","YF",33.2633803307792,116.421831157727,"AFRO","Lower middle income",0.07,1398353
"KEN",2020,"D","DTP3",382.092184478686,373.694554050583,"AFRO","Lower middle income",0.89,1398353
"KEN",2020,"P","DTP3",10277.8621597373,10051.9750793035,"AFRO","Lower middle income",0.89,1398353
"KEN",2020,"T","DTP3",918.05910073377,897.88197764072,"AFRO","Lower middle income",0.89,1398353
"KEN",2020,"TB","BCG",2882.00506079122,2851.01575906228,"AFRO","Lower middle income",0.92,1398353
"KEN",2020,"Rubella","Rubella",549.761999889305,543.584898766953,"AFRO","Lower middle income",0.88,1398353
"KEN",2021,"HPV","HPV",9766.92921287663,6559.87782954401,"AFRO","Lower middle income",0.45,671996
"KEN",2021,"HepB","HepB",7456.96409888841,7456.96409888841,"AFRO","Lower middle income",0.91,1411733
"KEN",2021,"Hib","Hib3",2244.90262877086,2244.90262877086,"AFRO","Lower middle income",0.91,1411733
"KEN",2021,"Measles","MCV1",17890.8874279959,17890.8874279959,"AFRO","Lower middle income",0.89,1411733
"KEN",2021,"Measles","MCV2",894.485205965106,1040.523606939,"AFRO","Lower middle income",0.57,1370858
"KEN",2021,"PCV","PCV3",2004.31435870838,2026.33979122166,"AFRO","Lower middle income",0.92,1411733
"KEN",2021,"Rota","Rota",735.240572401325,735.240572401325,"AFRO","Lower middle income",0.91,1411733
"KEN",2021,"YF","YF",33.581657639031,117.535801736608,"AFRO","Lower middle income",0.07,1411733
"KEN",2021,"D","DTP3",385.748195105705,385.748195105705,"AFRO","Lower middle income",0.91,1411733
"KEN",2021,"P","DTP3",10376.2048498144,10376.2048498144,"AFRO","Lower middle income",0.91,1411733
"KEN",2021,"T","DTP3",926.843456878333,926.843456878333,"AFRO","Lower middle income",0.91,1411733
"KEN",2021,"TB","BCG",2909.58123627294,3034.72451525242,"AFRO","Lower middle income",0.97,1411733
"KEN",2021,"Rubella","Rubella",555.022342276755,555.022342276755,"AFRO","Lower middle income",0.89,1411733
"KEN",2022,"HPV","HPV",11741.8880709805,2464.34687909468,"AFRO","Lower middle income",0.17,668246
"KEN",2022,"HepB","HepB",7523.35237228936,7408.40136989694,"AFRO","Lower middle income",0.9,1418123
"KEN",2022,"Hib","Hib3",2264.88867235387,2230.28292609729,"AFRO","Lower middle income",0.9,1418123
"KEN",2022,"Measles","MCV1",18116.5386732539,18173.798975632,"AFRO","Lower middle income",0.9,1418123
"KEN",2022,"Measles","MCV2",1098.12473572179,1028.4642036031,"AFRO","Lower middle income",0.56,1379166
"KEN",2022,"PCV","PCV3",2022.15847970224,2013.38659032169,"AFRO","Lower middle income",0.91,1418123
"KEN",2022,"Rota","Rota",741.786312931754,186.671166868113,"AFRO","Lower middle income",0.23,1418123
"KEN",2022,"YF","YF",33.73366003064,67.46732006128,"AFRO","Lower middle income",0.04,1418123
"KEN",2022,"D","DTP3",389.182455523348,383.236048767136,"AFRO","Lower middle income",0.9,1418123
"KEN",2022,"P","DTP3",10468.5827016182,10308.6308589249,"AFRO","Lower middle income",0.9,1418123
"KEN",2022,"T","DTP3",935.095010191334,920.80748204769,"AFRO","Lower middle income",0.9,1418123
"KEN",2022,"TB","BCG",2926.48692968432,3048.46074558242,"AFRO","Lower middle income",0.97,1418123
"KEN",2022,"Rubella","Rubella",562.022636878397,563.799001928664,"AFRO","Lower middle income",0.9,1418123
"KGZ",2019,"HepB","HepB",1509.02787765361,1509.02787765361,"EURO","Lower middle income",0.95,167111
"KGZ",2019,"HepB","HepB_BD",547.139821060865,547.139821060865,"EURO","Lower middle income",0.96,167111
"KGZ",2019,"Hib","Hib3",240.431075329686,240.431075329686,"EURO","Lower middle income",0.94,167111
"KGZ",2019,"Measles","MCV1",828.171793544729,828.171793544729,"EURO","Lower middle income",0.96,167111
"KGZ",2019,"Measles","MCV2",76.4846219801514,76.4846219801514,"EURO","Lower middle income",0.98,161055
"KGZ",2019,"PCV","PCV3",225.652404913926,225.652404913926,"EURO","Lower middle income",0.96,167111
"KGZ",2019,"D","DTP3",9.37707558825041,9.37707558825041,"EURO","Lower middle income",0.95,167111
"KGZ",2019,"P","DTP3",314.507107964572,314.507107964572,"EURO","Lower middle income",0.95,167111
"KGZ",2019,"T","DTP3",34.2193441399583,34.2193441399583,"EURO","Lower middle income",0.95,167111
"KGZ",2019,"TB","BCG",38.620430612433,38.620430612433,"EURO","Lower middle income",0.96,167111
"KGZ",2019,"Rubella","Rubella",41.1191238320344,41.1191238320344,"EURO","Lower middle income",0.96,167111
"KGZ",2020,"HPV","HPV",462.827314992196,0,"EURO","Lower middle income",0,66512
"KGZ",2020,"HepB","HepB",1485.14328156841,1344.44549699877,"EURO","Lower middle income",0.86,164466
"KGZ",2020,"HepB","HepB_BD",538.47979971753,532.870635137139,"EURO","Lower middle income",0.95,164466
"KGZ",2020,"Hib","Hib3",236.625579615777,216.487232414434,"EURO","Lower middle income",0.86,164466
"KGZ",2020,"Measles","MCV1",815.06365348258,781.102667920806,"EURO","Lower middle income",0.92,164466
"KGZ",2020,"Measles","MCV2",76.2395748537551,72.3498006265227,"EURO","Lower middle income",0.93,160539
"KGZ",2020,"PCV","PCV3",222.080823085097,208.200771642279,"EURO","Lower middle income",0.9,164466
"KGZ",2020,"D","DTP3",9.22865708240147,8.45150701230451,"EURO","Lower middle income",0.87,164466
"KGZ",2020,"P","DTP3",309.529151393393,283.463538644475,"EURO","Lower middle income",0.87,164466
"KGZ",2020,"T","DTP3",33.6777270994871,30.8417079753197,"EURO","Lower middle income",0.87,164466
"KGZ",2020,"TB","BCG",38.0091540419506,38.0091540419506,"EURO","Lower middle income",0.96,164466
"KGZ",2020,"Rubella","Rubella",40.4682984373223,38.7821193357672,"EURO","Lower middle income",0.92,164466
"KGZ",2021,"HPV","HPV",526.859301781586,0,"EURO","Lower middle income",0,70456
"KGZ",2021,"HepB","HepB",1429.82493161834,1339.52019909508,"EURO","Lower middle income",0.89,158340
"KGZ",2021,"HepB","HepB_BD",518.422600946541,518.422600946541,"EURO","Lower middle income",0.96,158340
"KGZ",2021,"Hib","Hib3",227.81179256723,213.270614318258,"EURO","Lower middle income",0.88,158340
"KGZ",2021,"Measles","MCV1",784.704309051304,760.182299393451,"EURO","Lower middle income",0.93,158340
"KGZ",2021,"Measles","MCV2",78.828241299465,78.0238714902868,"EURO","Lower middle income",0.97,165990
"KGZ",2021,"PCV","PCV3",213.808796512922,200.445746730865,"EURO","Lower middle income",0.9,158340
"KGZ",2021,"D","DTP3",8.88490972254113,8.32375752953853,"EURO","Lower middle income",0.89,158340
"KGZ",2021,"P","DTP3",297.999865210012,279.178821091485,"EURO","Lower middle income",0.89,158340
"KGZ",2021,"T","DTP3",32.4233051751291,30.3755174798578,"EURO","Lower middle income",0.89,158340
"KGZ",2021,"TB","BCG",36.5933959055516,36.9745771129011,"EURO","Lower middle income",0.97,158340
"KGZ",2021,"Rubella","Rubella",38.9609425325941,37.7434130784505,"EURO","Lower middle income",0.93,158340
"KGZ",2022,"HPV","HPV",690.457804244855,0,"EURO","Lower middle income",0,73867
"KGZ",2022,"HepB","HepB",1404.67612250784,1330.74580027058,"EURO","Lower middle income",0.9,155555
"KGZ",2022,"HepB","HepB_BD",509.304204182387,509.304204182387,"EURO","Lower middle income",0.96,155555
"KGZ",2022,"Hib","Hib3",224.091353466971,214.281260185569,"EURO","Lower middle income",0.9,155555
"KGZ",2022,"Measles","MCV1",770.902354392292,754.841888675786,"EURO","Lower middle income",0.94,155555
"KGZ",2022,"Measles","MCV2",77.5517167340516,75.1776845891317,"EURO","Lower middle income",0.95,163302
"KGZ",2022,"PCV","PCV3",210.048170655347,201.296163544708,"EURO","Lower middle income",0.92,155555
"KGZ",2022,"D","DTP3",8.72863541676068,8.26923355272064,"EURO","Lower middle income",0.9,155555
"KGZ",2022,"P","DTP3",292.758425115217,277.350086951258,"EURO","Lower middle income",0.9,155555
"KGZ",2022,"T","DTP3",31.8530203139902,30.1765455606223,"EURO","Lower middle income",0.9,155555
"KGZ",2022,"TB","BCG",35.9497644315276,36.3242411443561,"EURO","Lower middle income",0.97,155555
"KGZ",2022,"Rubella","Rubella",38.2756689128311,37.4782591438137,"EURO","Lower middle income",0.94,155555
"KHM",2019,"HepB","HepB",1934.89121404156,1934.89121404156,"WPRO","Lower middle income",0.88,326725
"KHM",2019,"HepB","HepB_BD",933.155125526369,933.155125526369,"WPRO","Lower middle income",0.84,326725
"KHM",2019,"Hib","Hib3",606.748421918859,606.748421918859,"WPRO","Lower middle income",0.88,326725
"KHM",2019,"JE","JE",200.614665190626,200.614665190626,"WPRO","Lower middle income",1,326725
"KHM",2019,"Measles","MCV1",1509.36457810607,1509.36457810607,"WPRO","Lower middle income",0.87,326725
"KHM",2019,"Measles","MCV2",174.021758833494,174.021758833494,"WPRO","Lower middle income",0.75,331373
"KHM",2019,"PCV","PCV3",543.280270311766,543.280270311766,"WPRO","Lower middle income",0.88,326725
"KHM",2019,"D","DTP3",36.245294539473,36.245294539473,"WPRO","Lower middle income",0.88,326725
"KHM",2019,"P","DTP3",1177.13011921571,1177.13011921571,"WPRO","Lower middle income",0.88,326725
"KHM",2019,"T","DTP3",130.917538922338,130.917538922338,"WPRO","Lower middle income",0.88,326725
"KHM",2019,"TB","BCG",232.511948890338,232.511948890338,"WPRO","Lower middle income",0.95,326725
"KHM",2019,"Rubella","Rubella",160.366260838218,160.366260838218,"WPRO","Lower middle income",0.87,326725
"KHM",2020,"HepB","HepB",1908.94066449705,1887.24815694595,"WPRO","Lower middle income",0.87,322343
"KHM",2020,"HepB","HepB_BD",920.639750945126,986.399733155492,"WPRO","Lower middle income",0.9,322343
"KHM",2020,"Hib","Hib3",598.610778381179,591.808383172302,"WPRO","Lower middle income",0.87,322343
"KHM",2020,"JE","JE",197.924043221492,0,"WPRO","Lower middle income",0,322343
"KHM",2020,"Measles","MCV1",1489.12114530705,1420.65580529293,"WPRO","Lower middle income",0.83,322343
"KHM",2020,"Measles","MCV2",172.290852220357,165.399218131542,"WPRO","Lower middle income",0.72,328077
"KHM",2020,"PCV","PCV3",535.993854688516,523.812176172868,"WPRO","Lower middle income",0.86,322343
"KHM",2020,"D","DTP3",35.7591766094952,35.3528223298419,"WPRO","Lower middle income",0.87,322343
"KHM",2020,"P","DTP3",1161.34257867733,1148.14550391963,"WPRO","Lower middle income",0.87,322343
"KHM",2020,"T","DTP3",129.161687195174,127.693940749774,"WPRO","Lower middle income",0.87,322343
"KHM",2020,"TB","BCG",229.393524037518,226.978855363439,"WPRO","Lower middle income",0.94,322343
"KHM",2020,"Rubella","Rubella",158.215446070468,150.941172687918,"WPRO","Lower middle income",0.83,322343
"KHM",2021,"HepB","HepB",1890.72434993774,1869.23884596117,"WPRO","Lower middle income",0.87,319267
"KHM",2021,"HepB","HepB_BD",911.854426387412,890.143606711521,"WPRO","Lower middle income",0.82,319267
"KHM",2021,"Hib","Hib3",592.898457175816,586.160974707909,"WPRO","Lower middle income",0.87,319267
"KHM",2021,"JE","JE",196.035327297929,0,"WPRO","Lower middle income",0,319267
"KHM",2021,"Measles","MCV1",1474.91101310947,1407.09901250674,"WPRO","Lower middle income",0.83,319267
"KHM",2021,"Measles","MCV2",170.304720906374,143.055965561354,"WPRO","Lower middle income",0.63,324295
"KHM",2021,"PCV","PCV3",530.879063621169,518.813630357052,"WPRO","Lower middle income",0.86,319267
"KHM",2021,"D","DTP3",35.4179400160193,35.0154634249282,"WPRO","Lower middle income",0.87,319267
"KHM",2021,"P","DTP3",1150.26031608124,1137.18917612577,"WPRO","Lower middle income",0.87,319267
"KHM",2021,"T","DTP3",127.929144996918,126.475404712862,"WPRO","Lower middle income",0.87,319267
"KHM",2021,"TB","BCG",227.204506500487,220.02962734784,"WPRO","Lower middle income",0.92,319267
"KHM",2021,"Rubella","Rubella",156.705654599542,149.500796916804,"WPRO","Lower middle income",0.83,319267
"KHM",2022,"HPV","HPV",1332.72672023523,0,"WPRO","Lower middle income",0,159626
"KHM",2022,"HepB","HepB",1870.87028286533,1799.37150555178,"WPRO","Lower middle income",0.85,314565
"KHM",2022,"HepB","HepB_BD",909.022879767965,834.251882162944,"WPRO","Lower middle income",0.78,314565
"KHM",2022,"Hib","Hib3",586.672565106311,564.251785070048,"WPRO","Lower middle income",0.85,314565
"KHM",2022,"JE","JE",193.148219927123,0,"WPRO","Lower middle income",0,314565
"KHM",2022,"Measles","MCV1",1461.88258198883,1386.37598270157,"WPRO","Lower middle income",0.83,314565
"KHM",2022,"Measles","MCV2",174.325248338251,154.840540748366,"WPRO","Lower middle income",0.69,320487
"KHM",2022,"PCV","PCV3",525.304423120654,499.285070547657,"WPRO","Lower middle income",0.84,314565
"KHM",2022,"D","DTP3",35.0460242702535,33.7066754613204,"WPRO","Lower middle income",0.85,314565
"KHM",2022,"P","DTP3",1138.18169369138,1094.68396955469,"WPRO","Lower middle income",0.85,314565
"KHM",2022,"T","DTP3",126.585790094143,121.748079377428,"WPRO","Lower middle income",0.85,314565
"KHM",2022,"TB","BCG",223.858355505973,223.858355505973,"WPRO","Lower middle income",0.95,314565
"KHM",2022,"Rubella","Rubella",155.321415951231,147.299026150948,"WPRO","Lower middle income",0.83,314565
"KIR",2019,"HPV","HPV",0,0,"WPRO","Lower middle income",0,1439
"KIR",2019,"HepB","HepB",74.2858864489517,74.2858864489517,"WPRO","Lower middle income",0.97,3366
"KIR",2019,"HepB","HepB_BD",21.5298946094485,21.5298946094485,"WPRO","Lower middle income",0.99,3366
"KIR",2019,"Hib","Hib3",12.9429256629294,12.9429256629294,"WPRO","Lower middle income",0.97,3366
"KIR",2019,"Measles","MCV1",42.2171299026968,42.2171299026968,"WPRO","Lower middle income",0.94,3366
"KIR",2019,"Measles","MCV2",4.51982099838529,4.51982099838529,"WPRO","Lower middle income",0.91,3274
"KIR",2019,"PCV","PCV3",12.6430306654993,12.6430306654993,"WPRO","Lower middle income",0.97,3366
"KIR",2019,"Rota","Rota",2.57326425625011,2.57326425625011,"WPRO","Lower middle income",0.99,3366
"KIR",2019,"D","DTP3",2.23810794595438,2.23810794595438,"WPRO","Lower middle income",0.97,3366
"KIR",2019,"P","DTP3",44.1893496686284,44.1893496686284,"WPRO","Lower middle income",0.97,3366
"KIR",2019,"T","DTP3",3.77421334264882,3.77421334264882,"WPRO","Lower middle income",0.97,3366
"KIR",2019,"TB","BCG",15.2442808275487,15.2442808275487,"WPRO","Lower middle income",0.92,3366
"KIR",2019,"Rubella","Rubella",1.47222199357459,1.47222199357459,"WPRO","Lower middle income",0.94,3366
"KIR",2020,"HepB","HepB",74.4845118137885,70.6451039883355,"WPRO","Lower middle income",0.92,3375
"KIR",2020,"HepB","HepB_BD",21.5874611725754,19.8430198657006,"WPRO","Lower middle income",0.91,3375
"KIR",2020,"Hib","Hib3",12.9775324160388,12.3085874461399,"WPRO","Lower middle income",0.92,3375
"KIR",2020,"Measles","MCV1",42.3300099291746,36.9261788743863,"WPRO","Lower middle income",0.82,3375
"KIR",2020,"Measles","MCV2",4.55571450661926,2.85357941623404,"WPRO","Lower middle income",0.57,3300
"KIR",2020,"PCV","PCV3",12.6768355603268,11.8927014019561,"WPRO","Lower middle income",0.91,3375
"KIR",2020,"Rota","Rota",2.58014464196201,2.31952397105676,"WPRO","Lower middle income",0.89,3375
"KIR",2020,"D","DTP3",2.24409219179918,2.1284173365518,"WPRO","Lower middle income",0.92,3375
"KIR",2020,"P","DTP3",44.3075030099884,42.0236111022571,"WPRO","Lower middle income",0.92,3375
"KIR",2020,"T","DTP3",3.78430482217462,3.58923756329964,"WPRO","Lower middle income",0.92,3375
"KIR",2020,"TB","BCG",15.2850409367133,15.4511826860254,"WPRO","Lower middle income",0.93,3375
"KIR",2020,"Rubella","Rubella",1.4761584160173,1.28771266078105,"WPRO","Lower middle income",0.82,3375
"KIR",2021,"HepB","HepB",74.6831371786252,69.293632433776,"WPRO","Lower middle income",0.9,3384
"KIR",2021,"HepB","HepB_BD",21.6450277357022,20.7704811605223,"WPRO","Lower middle income",0.95,3384
"KIR",2021,"Hib","Hib3",13.0121391691482,12.0731188167355,"WPRO","Lower middle income",0.9,3384
"KIR",2021,"Measles","MCV1",42.4428899556524,36.1216084728956,"WPRO","Lower middle income",0.8,3384
"KIR",2021,"Measles","MCV2",4.60265217123291,2.93355852671988,"WPRO","Lower middle income",0.58,3334
"KIR",2021,"PCV","PCV3",12.7106404551544,11.7933777418958,"WPRO","Lower middle income",0.9,3384
"KIR",2021,"Rota","Rota",2.58702502767391,2.48249876392951,"WPRO","Lower middle income",0.95,3384
"KIR",2021,"D","DTP3",2.25007643764398,2.08769978750472,"WPRO","Lower middle income",0.9,3384
"KIR",2021,"P","DTP3",44.4256563513484,41.2196811507356,"WPRO","Lower middle income",0.9,3384
"KIR",2021,"T","DTP3",3.79439630170042,3.52057388817564,"WPRO","Lower middle income",0.9,3384
"KIR",2021,"TB","BCG",15.3258010458779,15.9921402217856,"WPRO","Lower middle income",0.96,3384
"KIR",2021,"Rubella","Rubella",1.48009483846002,1.2596551816681,"WPRO","Lower middle income",0.8,3384
"KIR",2022,"HPV","HPV",4.88272608510553,0,"WPRO","Lower middle income",0,1536
"KIR",2022,"HepB","HepB",75.0721819579462,70.3327183916334,"WPRO","Lower middle income",0.91,3397
"KIR",2022,"HepB","HepB_BD",21.7281794379966,20.6307966380978,"WPRO","Lower middle income",0.94,3397
"KIR",2022,"Hib","Hib3",13.0799229420694,12.2541601013297,"WPRO","Lower middle income",0.91,3397
"KIR",2022,"Measles","MCV1",42.9184448723456,38.5266468620946,"WPRO","Lower middle income",0.85,3397
"KIR",2022,"Measles","MCV2",4.68111854412038,3.44553406174947,"WPRO","Lower middle income",0.68,3340
"KIR",2022,"PCV","PCV3",12.7768536392507,11.9702241962799,"WPRO","Lower middle income",0.91,3397
"KIR",2022,"Rota","Rota",2.5969633625911,2.46580359680367,"WPRO","Lower middle income",0.94,3397
"KIR",2022,"D","DTP3",2.26179769794729,2.11900568758856,"WPRO","Lower middle income",0.91,3397
"KIR",2022,"P","DTP3",44.6570816814073,41.8377868895569,"WPRO","Lower middle income",0.91,3397
"KIR",2022,"T","DTP3",3.81416234431216,3.57336631314051,"WPRO","Lower middle income",0.91,3397
"KIR",2022,"TB","BCG",15.5756554703525,16.0535757486423,"WPRO","Lower middle income",0.96,3397
"KIR",2022,"Rubella","Rubella",1.49667868509104,1.34352517520226,"WPRO","Lower middle income",0.85,3397
"KOR",2019,"HPV","HPV",292.441392244362,292.441392244362,"WPRO","High income",0.56,213950
"KOR",2019,"HepB","HepB",2144.97779037738,2144.97779037738,"WPRO","High income",0.98,336351
"KOR",2019,"HepB","HepB_BD",1037.62355958491,1037.62355958491,"WPRO","High income",0.92,336351
"KOR",2019,"Hib","Hib3",33.0680917558878,33.0680917558878,"WPRO","High income",0.98,336351
"KOR",2019,"Measles","MCV1",1086.52953669405,1086.52953669405,"WPRO","High income",0.98,336351
"KOR",2019,"Measles","MCV2",169.013791227309,169.013791227309,"WPRO","High income",0.96,336351
"KOR",2019,"PCV","PCV3",38.7381502965695,38.7381502965695,"WPRO","High income",0.98,336351
"KOR",2019,"D","DTP3",3.44568503081095,3.44568503081095,"WPRO","High income",0.98,336351
"KOR",2019,"P","DTP3",120.532870272682,120.532870272682,"WPRO","High income",0.98,336351
"KOR",2019,"T","DTP3",14.5104841569861,14.5104841569861,"WPRO","High income",0.98,336351
"KOR",2019,"TB","BCG",9.11730268768248,9.11730268768248,"WPRO","High income",0.98,336351
"KOR",2019,"Rubella","Rubella",179.301098017604,179.301098017604,"WPRO","High income",0.98,336351
"KOR",2020,"HPV","HPV",479.161408607214,0,"WPRO","High income",0,223080
"KOR",2020,"HepB","HepB",1971.42865394749,1971.42865394749,"WPRO","High income",0.98,309137
"KOR",2020,"HepB","HepB_BD",953.669929149612,964.035906640369,"WPRO","High income",0.93,309137
"KOR",2020,"Hib","Hib3",30.3925681241914,29.772311631861,"WPRO","High income",0.96,309137
"KOR",2020,"Measles","MCV1",998.618946829319,998.618946829319,"WPRO","High income",0.98,309137
"KOR",2020,"Measles","MCV2",155.338965481406,153.720851257642,"WPRO","High income",0.95,309137
"KOR",2020,"PCV","PCV3",35.6038649156108,35.2405601715739,"WPRO","High income",0.97,309137
"KOR",2020,"D","DTP3",3.16689628801402,3.16689628801402,"WPRO","High income",0.98,309137
"KOR",2020,"P","DTP3",110.780612864198,110.780612864198,"WPRO","High income",0.98,309137
"KOR",2020,"T","DTP3",13.3364477609349,13.3364477609349,"WPRO","High income",0.98,309137
"KOR",2020,"TB","BCG",8.3796260482713,8.3796260482713,"WPRO","High income",0.98,309137
"KOR",2020,"Rubella","Rubella",164.793931154859,164.793931154859,"WPRO","High income",0.98,309137
"KOR",2021,"HPV","HPV",459.378924416464,0,"WPRO","High income",0,213870
"KOR",2021,"HepB","HepB",1872.42899223155,1872.42899223155,"WPRO","High income",0.98,293613
"KOR",2021,"HepB","HepB_BD",905.779278790326,905.779278790326,"WPRO","High income",0.92,293613
"KOR",2021,"Hib","Hib3",28.8663379170019,28.8663379170019,"WPRO","High income",0.98,293613
"KOR",2021,"Measles","MCV1",948.4710818679,948.4710818679,"WPRO","High income",0.98,293613
"KOR",2021,"Measles","MCV2",147.538274848666,146.001417818993,"WPRO","High income",0.95,293613
"KOR",2021,"PCV","PCV3",33.8159378834213,33.4708772927742,"WPRO","High income",0.97,293613
"KOR",2021,"D","DTP3",3.00786356797362,3.00786356797362,"WPRO","High income",0.98,293613
"KOR",2021,"P","DTP3",105.217518721136,105.217518721136,"WPRO","High income",0.98,293613
"KOR",2021,"T","DTP3",12.6667284615927,12.6667284615927,"WPRO","High income",0.98,293613
"KOR",2021,"TB","BCG",7.95882454352304,7.95882454352304,"WPRO","High income",0.98,293613
"KOR",2021,"Rubella","Rubella",156.518438453409,156.518438453409,"WPRO","High income",0.98,293613
"KOR",2022,"HPV","HPV",475.51421445348,0,"WPRO","High income",0,221382
"KOR",2022,"HepB","HepB",1846.56542277618,1824.96218688729,"WPRO","High income",0.97,289120
"KOR",2022,"HepB","HepB_BD",907.918835141922,891.918631272659,"WPRO","High income",0.92,289120
"KOR",2022,"Hib","Hib3",28.4676116962822,27.8445179289559,"WPRO","High income",0.96,289120
"KOR",2022,"Measles","MCV1",935.369998834005,924.426969965941,"WPRO","High income",0.97,289120
"KOR",2022,"Measles","MCV2",146.144730084882,143.767237553607,"WPRO","High income",0.95,289120
"KOR",2022,"PCV","PCV3",33.3488436108082,32.9586906672623,"WPRO","High income",0.97,289120
"KOR",2022,"D","DTP3",2.9663164179213,2.96183586820928,"WPRO","High income",0.98,289120
"KOR",2022,"P","DTP3",103.764165555459,103.607432275325,"WPRO","High income",0.98,289120
"KOR",2022,"T","DTP3",12.4917649181431,12.4728964072288,"WPRO","High income",0.98,289120
"KOR",2022,"TB","BCG",7.84889054217052,7.83703498150075,"WPRO","High income",0.98,289120
"KOR",2022,"Rubella","Rubella",154.356473689576,152.550634984397,"WPRO","High income",0.97,289120
"KWT",2019,"HepB","HepB",601.512153008306,601.512153008306,"EMRO","High income",0.92,55743
"KWT",2019,"HepB","HepB_BD",330.679892760011,330.679892760011,"EMRO","High income",0.95,55743
"KWT",2019,"Hib","Hib3",12.7702850882835,12.7702850882835,"EMRO","High income",0.92,55743
"KWT",2019,"Measles","MCV1",270.855131533049,270.855131533049,"EMRO","High income",0.97,55743
"KWT",2019,"Measles","MCV2",40.236472594817,40.236472594817,"EMRO","High income",0.94,55743
"KWT",2019,"PCV","PCV3",15.0245972633751,15.0245972633751,"EMRO","High income",0.93,55743
"KWT",2019,"Rota","Rota",2.72873115862414,2.72873115862414,"EMRO","High income",0.71,55743
"KWT",2019,"D","DTP3",1.32084292767519,1.32084292767519,"EMRO","High income",0.92,55743
"KWT",2019,"P","DTP3",43.8482545270584,43.8482545270584,"EMRO","High income",0.92,55743
"KWT",2019,"T","DTP3",4.97708773483033,4.97708773483033,"EMRO","High income",0.92,55743
"KWT",2019,"TB","BCG",3.46253923596925,3.46253923596925,"EMRO","High income",0.97,55743
"KWT",2019,"Rubella","Rubella",67.0531684967046,67.0531684967046,"EMRO","High income",0.97,55743
"KWT",2020,"HepB","HepB",564.391764684237,570.526457778631,"EMRO","High income",0.93,52303
"KWT",2020,"HepB","HepB_BD",310.273046499594,313.539078568011,"EMRO","High income",0.96,52303
"KWT",2020,"Hib","Hib3",11.9822080076869,12.1124493990748,"EMRO","High income",0.93,52303
"KWT",2020,"Measles","MCV1",254.140178041602,248.900174370641,"EMRO","High income",0.95,52303
"KWT",2020,"Measles","MCV2",37.7534080714478,37.7534080714478,"EMRO","High income",0.94,52303
"KWT",2020,"PCV","PCV3",14.0974025557704,14.2489875294883,"EMRO","High income",0.94,52303
"KWT",2020,"Rota","Rota",2.56033628957032,2.63245843857231,"EMRO","High income",0.73,52303
"KWT",2020,"D","DTP3",1.23933135364432,1.25280234661872,"EMRO","High income",0.93,52303
"KWT",2020,"P","DTP3",41.1423004956449,41.5894994140758,"EMRO","High income",0.93,52303
"KWT",2020,"T","DTP3",4.66994276940298,4.7207030168965,"EMRO","High income",0.93,52303
"KWT",2020,"TB","BCG",3.24885976102649,3.2823531606247,"EMRO","High income",0.98,52303
"KWT",2020,"Rubella","Rubella",62.9151978164638,61.6179772429284,"EMRO","High income",0.95,52303
"KWT",2021,"HepB","HepB",537.43631990705,549.119718165898,"EMRO","High income",0.94,49805
"KWT",2021,"HepB","HepB_BD",295.454354069791,304.784491566732,"EMRO","High income",0.98,49805
"KWT",2021,"Hib","Hib3",11.409935755556,11.6579778371986,"EMRO","High income",0.94,49805
"KWT",2021,"Measles","MCV1",242.002400767872,234.517790434845,"EMRO","High income",0.94,49805
"KWT",2021,"Measles","MCV2",35.9502990076756,35.9502990076756,"EMRO","High income",0.94,49805
"KWT",2021,"PCV","PCV3",13.424108259376,13.8571440096785,"EMRO","High income",0.96,49805
"KWT",2021,"Rota","Rota",2.43805420151903,2.5754093678018,"EMRO","High income",0.75,49805
"KWT",2021,"D","DTP3",1.18014068157191,1.20579591377999,"EMRO","High income",0.94,49805
"KWT",2021,"P","DTP3",39.1773373646941,40.0290186117527,"EMRO","High income",0.94,49805
"KWT",2021,"T","DTP3",4.44690552415953,4.54357738338038,"EMRO","High income",0.94,49805
"KWT",2021,"TB","BCG",3.09369367718724,3.15748117568595,"EMRO","High income",0.99,49805
"KWT",2021,"Rubella","Rubella",59.9103574794749,58.0574598254706,"EMRO","High income",0.94,49805
"KWT",2022,"HepB","HepB",473.010713591289,492.229861148636,"EMRO","High income",0.96,43715
"KWT",2022,"HepB","HepB_BD",259.327117521552,270.246154048776,"EMRO","High income",0.99,43715
"KWT",2022,"Hib","Hib3",10.042160631607,10.4501889519554,"EMRO","High income",0.96,43715
"KWT",2022,"Measles","MCV1",212.411102290282,216.790712646783,"EMRO","High income",0.99,43715
"KWT",2022,"Measles","MCV2",31.5544086160132,31.5544086160132,"EMRO","High income",0.94,43715
"KWT",2022,"PCV","PCV3",11.7977109526286,12.5428211667014,"EMRO","High income",0.99,43715
"KWT",2022,"Rota","Rota",2.28030423657829,2.59203581010131,"EMRO","High income",0.86,43715
"KWT",2022,"D","DTP3",1.03867037870642,1.08087314219192,"EMRO","High income",0.96,43715
"KWT",2022,"P","DTP3",34.4809228871723,35.8819354347542,"EMRO","High income",0.96,43715
"KWT",2022,"T","DTP3",3.91382918746455,4.07285404357622,"EMRO","High income",0.96,43715
"KWT",2022,"TB","BCG",2.71540646718683,2.77139422939687,"EMRO","High income",0.99,43715
"KWT",2022,"Rubella","Rubella",52.5847058973044,53.668926637455,"EMRO","High income",0.99,43715
"LAO",2019,"HepB","HepB",987.585658625163,987.585658625163,"WPRO","Lower middle income",0.8,159765
"LAO",2019,"HepB","HepB_BD",233.422475715787,233.422475715787,"WPRO","Lower middle income",0.58,159765
"LAO",2019,"Hib","Hib3",467.712066439897,467.712066439897,"WPRO","Lower middle income",0.8,159765
"LAO",2019,"JE","JE",56.4113529656061,56.4113529656061,"WPRO","Lower middle income",0.812,159765
"LAO",2019,"Measles","MCV1",1918.96422368449,1918.96422368449,"WPRO","Lower middle income",0.83,159765
"LAO",2019,"Measles","MCV2",100.563028898466,100.563028898466,"WPRO","Lower middle income",0.56,158432
"LAO",2019,"PCV","PCV3",463.369894674044,463.369894674044,"WPRO","Lower middle income",0.81,159765
"LAO",2019,"D","DTP3",31.9009786849764,31.9009786849764,"WPRO","Lower middle income",0.8,159765
"LAO",2019,"P","DTP3",826.809840039483,826.809840039483,"WPRO","Lower middle income",0.8,159765
"LAO",2019,"T","DTP3",82.7422496675857,82.7422496675857,"WPRO","Lower middle income",0.8,159765
"LAO",2019,"TB","BCG",231.142234737164,231.142234737164,"WPRO","Lower middle income",0.85,159765
"LAO",2019,"Rubella","Rubella",65.7777742133634,65.7777742133634,"WPRO","Lower middle income",0.83,159765
"LAO",2020,"HPV","HPV",389.518582122743,0,"WPRO","Lower middle income",0,73889
"LAO",2020,"HepB","HepB",983.981850288052,971.682077159452,"WPRO","Lower middle income",0.79,159182
"LAO",2020,"HepB","HepB_BD",232.570691511848,232.570691511848,"WPRO","Lower middle income",0.58,159182
"LAO",2020,"Hib","Hib3",466.005333834292,460.180267161364,"WPRO","Lower middle income",0.79,159182
"LAO",2020,"JE","JE",56.2055017542711,0,"WPRO","Lower middle income",0,159182
"LAO",2020,"Measles","MCV1",1911.96171285666,1819.81897970694,"WPRO","Lower middle income",0.79,159182
"LAO",2020,"Measles","MCV2",100.536369844653,114.898708393889,"WPRO","Lower middle income",0.64,158390
"LAO",2020,"PCV","PCV3",461.679007129244,438.88004381422,"WPRO","Lower middle income",0.77,159182
"LAO",2020,"D","DTP3",31.784568516458,31.3872614100023,"WPRO","Lower middle income",0.79,159182
"LAO",2020,"P","DTP3",823.792720290208,813.49531128658,"WPRO","Lower middle income",0.79,159182
"LAO",2020,"T","DTP3",82.440314127535,81.4098102009408,"WPRO","Lower middle income",0.79,159182
"LAO",2020,"TB","BCG",230.298771382539,243.845757934453,"WPRO","Lower middle income",0.9,159182
"LAO",2020,"Rubella","Rubella",65.5377439040567,62.3792984147045,"WPRO","Lower middle income",0.79,159182
"LAO",2021,"HPV","HPV",393.185723731256,0,"WPRO","Lower middle income",0,73616
"LAO",2021,"HepB","HepB",984.754536466678,923.207377937511,"WPRO","Lower middle income",0.75,159307
"LAO",2021,"HepB","HepB_BD",232.753321058147,256.831250822783,"WPRO","Lower middle income",0.64,159307
"LAO",2021,"Hib","Hib3",466.371271356935,437.223066897127,"WPRO","Lower middle income",0.75,159307
"LAO",2021,"JE","JE",56.2496379488112,0,"WPRO","Lower middle income",0,159307
"LAO",2021,"Measles","MCV1",1913.46310883175,1682.92538487612,"WPRO","Lower middle income",0.73,159307
"LAO",2021,"Measles","MCV2",100.183454751316,89.4495131708179,"WPRO","Lower middle income",0.5,157834
"LAO",2021,"PCV","PCV3",462.041547340393,422.112030903569,"WPRO","Lower middle income",0.74,159307
"LAO",2021,"D","DTP3",31.8095278150254,29.8214323265863,"WPRO","Lower middle income",0.75,159307
"LAO",2021,"P","DTP3",824.439615605233,772.912139629905,"WPRO","Lower middle income",0.75,159307
"LAO",2021,"T","DTP3",82.5050515932406,77.348485868663,"WPRO","Lower middle income",0.75,159307
"LAO",2021,"TB","BCG",230.479616870237,216.921992348458,"WPRO","Lower middle income",0.8,159307
"LAO",2021,"Rubella","Rubella",65.5892083786078,57.686894116125,"WPRO","Lower middle income",0.73,159307
"LAO",2022,"HPV","HPV",453.486022863589,0,"WPRO","Lower middle income",0,73458
"LAO",2022,"HepB","HepB",992.096964532623,978.597772995388,"WPRO","Lower middle income",0.8,158311
"LAO",2022,"HepB","HepB_BD",253.062411925766,259.213420244144,"WPRO","Lower middle income",0.65,158311
"LAO",2022,"Hib","Hib3",469.848582082761,463.455481176519,"WPRO","Lower middle income",0.8,158311
"LAO",2022,"JE","JE",56.5277082585317,0,"WPRO","Lower middle income",0,158311
"LAO",2022,"Measles","MCV1",1916.28459356447,1741.13251702854,"WPRO","Lower middle income",0.76,158311
"LAO",2022,"Measles","MCV2",110.426776650684,98.0939834009149,"WPRO","Lower middle income",0.55,157352
"LAO",2022,"PCV","PCV3",464.513992604146,442.147166680995,"WPRO","Lower middle income",0.78,158311
"LAO",2022,"D","DTP3",32.0467028278276,31.6106521240403,"WPRO","Lower middle income",0.8,158311
"LAO",2022,"P","DTP3",830.58671962774,819.285153735115,"WPRO","Lower middle income",0.8,158311
"LAO",2022,"T","DTP3",83.1202174888698,81.9892234664987,"WPRO","Lower middle income",0.8,158311
"LAO",2022,"TB","BCG",230.028446190377,242.511501202153,"WPRO","Lower middle income",0.9,158311
"LAO",2022,"Rubella","Rubella",65.6859225243979,59.6821035885444,"WPRO","Lower middle income",0.76,158311
"LBN",2019,"HepB","HepB",550.311898079986,550.311898079986,"EMRO","Upper middle income",0.8,92624
"LBN",2019,"HepB","HepB_BD",342.723015106609,342.723015106609,"EMRO","Upper middle income",0.8,92624
"LBN",2019,"Hib","Hib3",26.908368605487,26.908368605487,"EMRO","Upper middle income",0.85,92624
"LBN",2019,"Measles","MCV1",321.430186346885,321.430186346885,"EMRO","Upper middle income",0.82,92624
"LBN",2019,"Measles","MCV2",44.4039786164411,44.4039786164411,"EMRO","Upper middle income",0.63,92624
"LBN",2019,"PCV","PCV3",27.630353389511,27.630353389511,"EMRO","Upper middle income",0.82,92624
"LBN",2019,"D","DTP3",1.01040881739935,1.01040881739935,"EMRO","Upper middle income",0.83,92624
"LBN",2019,"P","DTP3",40.770928222357,40.770928222357,"EMRO","Upper middle income",0.83,92624
"LBN",2019,"T","DTP3",5.67491717813379,5.67491717813379,"EMRO","Upper middle income",0.83,92624
"LBN",2019,"Rubella","Rubella",38.6675465486774,38.6675465486774,"EMRO","Upper middle income",0.82,92624
"LBN",2020,"HepB","HepB",499.144964388234,442.991155894557,"EMRO","Upper middle income",0.71,84012
"LBN",2020,"HepB","HepB_BD",310.857293413548,299.20014491054,"EMRO","Upper middle income",0.77,84012
"LBN",2020,"Hib","Hib3",24.4064806452342,20.3865897154309,"EMRO","Upper middle income",0.71,84012
"LBN",2020,"Measles","MCV1",291.544230603024,263.100891031997,"EMRO","Upper middle income",0.74,84012
"LBN",2020,"Measles","MCV2",40.2753827466364,40.9146745362655,"EMRO","Upper middle income",0.64,84012
"LBN",2020,"PCV","PCV3",25.0613366833607,22.6163282264474,"EMRO","Upper middle income",0.74,84012
"LBN",2020,"D","DTP3",0.916462963890076,0.783962294411993,"EMRO","Upper middle income",0.71,84012
"LBN",2020,"P","DTP3",36.9801263367665,31.6336020471135,"EMRO","Upper middle income",0.71,84012
"LBN",2020,"T","DTP3",5.14727437780031,4.40309013040749,"EMRO","Upper middle income",0.71,84012
"LBN",2020,"Rubella","Rubella",35.0723130144183,31.6506239398409,"EMRO","Upper middle income",0.74,84012
"LBN",2021,"HepB","HepB",507.355914499939,424.910578393699,"EMRO","Upper middle income",0.67,85394
"LBN",2021,"HepB","HepB_BD",315.9709055106,315.9709055106,"EMRO","Upper middle income",0.8,85394
"LBN",2021,"Hib","Hib3",24.8079680071791,19.5545159586,"EMRO","Upper middle income",0.67,85394
"LBN",2021,"Measles","MCV1",296.340142219143,242.13157961808,"EMRO","Upper middle income",0.67,85394
"LBN",2021,"Measles","MCV2",40.9379140392595,38.3386814018462,"EMRO","Upper middle income",0.59,85394
"LBN",2021,"PCV","PCV3",25.4735964473992,21.745753064853,"EMRO","Upper middle income",0.7,85394
"LBN",2021,"D","DTP3",0.931538808008726,0.751965061886563,"EMRO","Upper middle income",0.67,85394
"LBN",2021,"P","DTP3",37.5884505594657,30.3424841865567,"EMRO","Upper middle income",0.67,85394
"LBN",2021,"T","DTP3",5.23194720061276,4.22337906555488,"EMRO","Upper middle income",0.67,85394
"LBN",2021,"Rubella","Rubella",35.649253648922,29.1280487131436,"EMRO","Upper middle income",0.67,85394
"LBN",2022,"HepB","HepB",499.899707684747,408.773788856603,"EMRO","Upper middle income",0.67,82151
"LBN",2022,"HepB","HepB_BD",311.327332129983,303.971307803842,"EMRO","Upper middle income",0.8,82151
"LBN",2022,"Hib","Hib3",24.1499624326647,18.8118959237762,"EMRO","Upper middle income",0.67,82151
"LBN",2022,"Measles","MCV1",290.478146235828,232.936171126834,"EMRO","Upper middle income",0.67,82151
"LBN",2022,"Measles","MCV2",43.0024252137424,36.8826968621105,"EMRO","Upper middle income",0.59,82151
"LBN",2022,"PCV","PCV3",24.9696953594905,20.9199166221366,"EMRO","Upper middle income",0.7,82151
"LBN",2022,"D","DTP3",0.910908549605031,0.723407754631976,"EMRO","Upper middle income",0.67,82151
"LBN",2022,"P","DTP3",36.7560005945588,29.1901704851608,"EMRO","Upper middle income",0.67,82151
"LBN",2022,"T","DTP3",5.11607825154143,4.06298819137643,"EMRO","Upper middle income",0.67,82151
"LBN",2022,"Rubella","Rubella",34.9440647395383,28.0218555148308,"EMRO","Upper middle income",0.67,82151
"LBR",2019,"HepB","HepB",1958.8907472988,1958.8907472988,"AFRO","Low income",0.7,152599
"LBR",2019,"Hib","Hib3",401.707661676662,401.707661676662,"AFRO","Low income",0.7,152599
"LBR",2019,"Measles","MCV1",3339.12508156755,3339.12508156755,"AFRO","Low income",0.68,152599
"LBR",2019,"PCV","PCV3",350.234140528357,350.234140528357,"AFRO","Low income",0.68,152599
"LBR",2019,"Rota","Rota",91.6241119503847,91.6241119503847,"AFRO","Low income",0.64,152599
"LBR",2019,"YF","YF",2000.42217530821,2000.42217530821,"AFRO","Low income",0.65,152599
"LBR",2019,"D","DTP3",13.5062785776688,13.5062785776688,"AFRO","Low income",0.7,152599
"LBR",2019,"P","DTP3",487.421750049104,487.421750049104,"AFRO","Low income",0.7,152599
"LBR",2019,"T","DTP3",52.8119599549252,52.8119599549252,"AFRO","Low income",0.7,152599
"LBR",2019,"TB","BCG",115.390270778552,115.390270778552,"AFRO","Low income",0.84,152599
"LBR",2020,"HPV","HPV",1231.58261896043,0,"AFRO","Low income",0,66967
"LBR",2020,"HepB","HepB",1966.51583726594,1826.05042031837,"AFRO","Low income",0.65,153193
"LBR",2020,"Hib","Hib3",403.271330842489,374.466235782311,"AFRO","Low income",0.65,153193
"LBR",2020,"Measles","MCV1",3352.12280958969,3007.05134389664,"AFRO","Low income",0.61,153193
"LBR",2020,"PCV","PCV3",351.59744618222,336.085794144769,"AFRO","Low income",0.65,153193
"LBR",2020,"Rota","Rota",91.9807638452106,93.417963280292,"AFRO","Low income",0.65,153193
"LBR",2020,"YF","YF",2008.20892864299,1513.88057697702,"AFRO","Low income",0.49,153193
"LBR",2020,"D","DTP3",13.5588525098383,12.5903630448498,"AFRO","Low income",0.65,153193
"LBR",2020,"P","DTP3",489.319066017945,454.36770415952,"AFRO","Low income",0.65,153193
"LBR",2020,"T","DTP3",53.0175334135536,49.2305667411569,"AFRO","Low income",0.65,153193
"LBR",2020,"TB","BCG",115.839433753686,117.218474631706,"AFRO","Low income",0.85,153193
"LBR",2021,"HPV","HPV",1243.27922393988,0,"AFRO","Low income",0,67603
"LBR",2021,"HepB","HepB",1979.05744147115,1865.96844481566,"AFRO","Low income",0.66,154170
"LBR",2021,"Hib","Hib3",405.843224403115,382.652183008652,"AFRO","Low income",0.66,154170
"LBR",2021,"Measles","MCV1",3373.50122756551,2877.3981058647,"AFRO","Low income",0.58,154170
"LBR",2021,"PCV","PCV3",353.839785616267,338.229206839079,"AFRO","Low income",0.65,154170
"LBR",2021,"Rota","Rota",92.5673781570706,98.3528392918875,"AFRO","Low income",0.68,154170
"LBR",2021,"YF","YF",2021.01643370709,2021.01643370709,"AFRO","Low income",0.65,154170
"LBR",2021,"D","DTP3",13.6453251221777,12.8655922580533,"AFRO","Low income",0.66,154170
"LBR",2021,"P","DTP3",492.439735549187,464.300322089233,"AFRO","Low income",0.66,154170
"LBR",2021,"T","DTP3",53.3556567621729,50.3067620900488,"AFRO","Low income",0.66,154170
"LBR",2021,"TB","BCG",116.57820854612,112.414701098045,"AFRO","Low income",0.81,154170
"LBR",2022,"HPV","HPV",1352.52412003432,0,"AFRO","Low income",0,68436
"LBR",2022,"HepB","HepB",2085.34148131912,2223.15824726046,"AFRO","Low income",0.78,155423
"LBR",2022,"Hib","Hib3",427.63878047471,455.900719463637,"AFRO","Low income",0.78,155423
"LBR",2022,"Measles","MCV1",3579.9761586035,3951.06765469566,"AFRO","Low income",0.79,155423
"LBR",2022,"PCV","PCV3",375.496527501119,388.19048433814,"AFRO","Low income",0.74,155423
"LBR",2022,"Rota","Rota",99.7987119950962,112.275275505387,"AFRO","Low income",0.77,155423
"LBR",2022,"YF","YF",2169.83763027513,2444.93043141511,"AFRO","Low income",0.78,155423
"LBR",2022,"D","DTP3",14.3781387579184,15.3283661435159,"AFRO","Low income",0.78,155423
"LBR",2022,"P","DTP3",518.88590299187,553.178213236258,"AFRO","Low income",0.78,155423
"LBR",2022,"T","DTP3",56.2210888767709,59.936647559177,"AFRO","Low income",0.78,155423
"LBR",2022,"TB","BCG",118.438532424308,93.7407252012979,"AFRO","Low income",0.67,155423
"LBY",2019,"HepB","HepB",963.985239355422,963.985239355422,"EMRO","Upper middle income",0.73,123758
"LBY",2019,"Hib","Hib3",44.6676326813775,44.6676326813775,"EMRO","Upper middle income",0.73,123758
"LBY",2019,"Measles","MCV1",695.863811996029,695.863811996029,"EMRO","Upper middle income",0.73,123758
"LBY",2019,"Measles","MCV2",112.705565932464,112.705565932464,"EMRO","Upper middle income",0.72,123758
"LBY",2019,"PCV","PCV3",46.0949891274793,46.0949891274793,"EMRO","Upper middle income",0.73,123758
"LBY",2019,"Rota","Rota",12.0032868728593,12.0032868728593,"EMRO","Upper middle income",0.73,123758
"LBY",2019,"D","DTP3",6.78526405646169,6.78526405646169,"EMRO","Upper middle income",0.73,123758
"LBY",2019,"P","DTP3",195.704512829616,195.704512829616,"EMRO","Upper middle income",0.73,123758
"LBY",2019,"T","DTP3",22.6302978502691,22.6302978502691,"EMRO","Upper middle income",0.73,123758
"LBY",2019,"TB","BCG",26.633228691532,26.633228691532,"EMRO","Upper middle income",0.74,123758
"LBY",2019,"Rubella","Rubella",130.120818390248,130.120818390248,"EMRO","Upper middle income",0.73,123758
"LBY",2020,"HepB","HepB",949.715285425178,949.715285425178,"EMRO","Upper middle income",0.73,121926
"LBY",2020,"Hib","Hib3",44.0064139878604,44.0064139878604,"EMRO","Upper middle income",0.73,121926
"LBY",2020,"Measles","MCV1",685.562881926242,685.562881926242,"EMRO","Upper middle income",0.73,121926
"LBY",2020,"Measles","MCV2",111.037176036148,111.037176036148,"EMRO","Upper middle income",0.72,121926
"LBY",2020,"PCV","PCV3",45.4126411573962,45.4126411573962,"EMRO","Upper middle income",0.73,121926
"LBY",2020,"Rota","Rota",11.8256012157617,11.8256012157617,"EMRO","Upper middle income",0.73,121926
"LBY",2020,"D","DTP3",6.6848212264916,6.6848212264916,"EMRO","Upper middle income",0.73,121926
"LBY",2020,"P","DTP3",192.807482597196,192.807482597196,"EMRO","Upper middle income",0.73,121926
"LBY",2020,"T","DTP3",22.2952996629867,22.2952996629867,"EMRO","Upper middle income",0.73,121926
"LBY",2020,"TB","BCG",26.2389747850138,26.2389747850138,"EMRO","Upper middle income",0.74,121926
"LBY",2020,"Rubella","Rubella",128.194629058723,128.194629058723,"EMRO","Upper middle income",0.73,121926
"LBY",2021,"HepB","HepB",940.298050544357,940.298050544357,"EMRO","Upper middle income",0.73,120717
"LBY",2021,"Hib","Hib3",43.5700529614073,43.5700529614073,"EMRO","Upper middle income",0.73,120717
"LBY",2021,"Measles","MCV1",678.764942813593,678.764942813593,"EMRO","Upper middle income",0.73,120717
"LBY",2021,"Measles","MCV2",109.936147987761,109.936147987761,"EMRO","Upper middle income",0.72,120717
"LBY",2021,"PCV","PCV3",44.9623361924232,44.9623361924232,"EMRO","Upper middle income",0.73,120717
"LBY",2021,"Rota","Rota",11.7083403208758,11.7083403208758,"EMRO","Upper middle income",0.73,120717
"LBY",2021,"D","DTP3",6.61853553793602,6.61853553793602,"EMRO","Upper middle income",0.73,120717
"LBY",2021,"P","DTP3",190.895632405604,190.895632405604,"EMRO","Upper middle income",0.73,120717
"LBY",2021,"T","DTP3",22.074222802493,22.074222802493,"EMRO","Upper middle income",0.73,120717
"LBY",2021,"TB","BCG",25.9787930312034,25.9787930312034,"EMRO","Upper middle income",0.74,120717
"LBY",2021,"Rubella","Rubella",126.923470269523,126.923470269523,"EMRO","Upper middle income",0.73,120717
"LBY",2022,"HepB","HepB",949.332156805144,927.640476779812,"EMRO","Upper middle income",0.73,119092
"LBY",2022,"Hib","Hib3",43.9886611761257,42.9835462054219,"EMRO","Upper middle income",0.73,119092
"LBY",2022,"Measles","MCV1",685.286316133388,669.627927877237,"EMRO","Upper middle income",0.73,119092
"LBY",2022,"Measles","MCV2",111.282175754342,108.456271578638,"EMRO","Upper middle income",0.72,119092
"LBY",2022,"PCV","PCV3",45.3943210536706,44.3570875835886,"EMRO","Upper middle income",0.73,119092
"LBY",2022,"Rota","Rota",11.820830600458,11.5507315911905,"EMRO","Upper middle income",0.73,119092
"LBY",2022,"D","DTP3",6.68212447476929,6.5294418705226,"EMRO","Upper middle income",0.73,119092
"LBY",2022,"P","DTP3",192.729701323299,188.325941287873,"EMRO","Upper middle income",0.73,119092
"LBY",2022,"T","DTP3",22.2863054227926,21.7770764846252,"EMRO","Upper middle income",0.73,119092
"LBY",2022,"TB","BCG",26.1629469869546,25.6290863728562,"EMRO","Upper middle income",0.74,119092
"LBY",2022,"Rubella","Rubella",128.142913526625,125.214923509845,"EMRO","Upper middle income",0.73,119092
"LCA",2019,"HPV","HPV",1.61327716810106,1.61327716810106,"PAHO","Upper middle income",0.42,1230
"LCA",2019,"HepB","HepB",17.728962680085,17.728962680085,"PAHO","Upper middle income",0.92,2109
"LCA",2019,"HepB","HepB_BD",5.7301889730744,5.7301889730744,"PAHO","Upper middle income",0.85,2109
"LCA",2019,"Hib","Hib3",1.02003938261908,1.02003938261908,"PAHO","Upper middle income",0.92,2109
"LCA",2019,"Measles","MCV1",12.6592784750389,12.6592784750389,"PAHO","Upper middle income",0.96,2109
"LCA",2019,"Measles","MCV2",1.66134627811358,1.66134627811358,"PAHO","Upper middle income",0.75,2109
"LCA",2019,"D","DTP3",0.147752678666266,0.147752678666266,"PAHO","Upper middle income",0.92,2109
"LCA",2019,"P","DTP3",3.94677841520784,3.94677841520784,"PAHO","Upper middle income",0.92,2109
"LCA",2019,"T","DTP3",0.480278104656046,0.480278104656046,"PAHO","Upper middle income",0.92,2109
"LCA",2019,"TB","BCG",0.530637328693999,0.530637328693999,"PAHO","Upper middle income",0.95,2109
"LCA",2019,"Rubella","Rubella",2.77926555523274,2.77926555523274,"PAHO","Upper middle income",0.96,2109
"LCA",2020,"HPV","HPV",4.30382125820782,0,"PAHO","Upper middle income",0,1188
"LCA",2020,"HepB","HepB",17.5776486316063,16.4312802425885,"PAHO","Upper middle income",0.86,2091
"LCA",2020,"HepB","HepB_BD",5.68128266604958,5.74812128565016,"PAHO","Upper middle income",0.86,2091
"LCA",2020,"Hib","Hib3",1.01133349884139,0.94537696630826,"PAHO","Upper middle income",0.86,2091
"LCA",2020,"Measles","MCV1",12.5512334240428,11.6360393202064,"PAHO","Upper middle income",0.89,2091
"LCA",2020,"Measles","MCV2",1.64716693576837,1.55931803252739,"PAHO","Upper middle income",0.71,2091
"LCA",2020,"D","DTP3",0.146491631622173,0.136937829559857,"PAHO","Upper middle income",0.86,2091
"LCA",2020,"P","DTP3",3.91309325092442,3.65789151716848,"PAHO","Upper middle income",0.86,2091
"LCA",2020,"T","DTP3",0.476179002767089,0.445123850412714,"PAHO","Upper middle income",0.86,2091
"LCA",2020,"TB","BCG",0.526108418349526,0.492880518243241,"PAHO","Upper middle income",0.89,2091
"LCA",2020,"Rubella","Rubella",2.75554493882961,2.55461978703996,"PAHO","Upper middle income",0.89,2091
"LCA",2021,"HPV","HPV",4.95984358632046,0,"PAHO","Upper middle income",0,1230
"LCA",2021,"HepB","HepB",17.3927092390212,15.1240949904533,"PAHO","Upper middle income",0.8,2069
"LCA",2021,"HepB","HepB_BD",5.62150829079702,6.21672681570494,"PAHO","Upper middle income",0.94,2069
"LCA",2021,"Hib","Hib3",1.00069297422422,0.870167803673235,"PAHO","Upper middle income",0.8,2069
"LCA",2021,"Measles","MCV1",12.4191783617143,9.96121597762502,"PAHO","Upper middle income",0.77,2069
"LCA",2021,"Measles","MCV2",1.62983662845756,1.43425623304265,"PAHO","Upper middle income",0.66,2069
"LCA",2021,"D","DTP3",0.144950351901614,0.126043784262273,"PAHO","Upper middle income",0.8,2069
"LCA",2021,"P","DTP3",3.87192249457801,3.36688912572001,"PAHO","Upper middle income",0.8,2069
"LCA",2021,"T","DTP3",0.471168989347254,0.409712164649786,"PAHO","Upper middle income",0.8,2069
"LCA",2021,"TB","BCG",0.52057308348406,0.443857050128515,"PAHO","Upper middle income",0.81,2069
"LCA",2021,"Rubella","Rubella",2.72655307433691,2.18692277837439,"PAHO","Upper middle income",0.77,2069
"LCA",2022,"HPV","HPV",5.34489406024005,0,"PAHO","Upper middle income",0,1043
"LCA",2022,"HepB","HepB",17.2211258001405,15.1207141813991,"PAHO","Upper middle income",0.81,2043
"LCA",2022,"HepB","HepB_BD",5.64568664858175,5.3549529350585,"PAHO","Upper middle income",0.82,2043
"LCA",2022,"Hib","Hib3",0.990820887051284,0.869973288154048,"PAHO","Upper middle income",0.81,2043
"LCA",2022,"Measles","MCV1",12.2631132880533,10.347001836795,"PAHO","Upper middle income",0.81,2043
"LCA",2022,"Measles","MCV2",1.68801822122489,1.35185849919217,"PAHO","Upper middle income",0.63,2043
"LCA",2022,"D","DTP3",0.143520380325338,0.126015608694259,"PAHO","Upper middle income",0.81,2043
"LCA",2022,"P","DTP3",3.83372500805827,3.36613649825716,"PAHO","Upper middle income",0.81,2043
"LCA",2022,"T","DTP3",0.466520789094198,0.409620578436084,"PAHO","Upper middle income",0.81,2043
"LCA",2022,"TB","BCG",0.514031324097601,0.481566187838805,"PAHO","Upper middle income",0.89,2043
"LCA",2022,"Rubella","Rubella",2.69228996175462,2.27161965523046,"PAHO","Upper middle income",0.81,2043
"LKA",2019,"HPV","HPV",612.976183095746,612.976183095746,"SEARO","Lower middle income",0.82,176456
"LKA",2019,"HepB","HepB",5151.23012794153,5151.23012794153,"SEARO","Lower middle income",0.99,316871
"LKA",2019,"Hib","Hib3",63.8360479280344,63.8360479280344,"SEARO","Lower middle income",0.99,316871
"LKA",2019,"JE","JE",99.1065329838571,99.1065329838571,"SEARO","Lower middle income",0.99,316871
"LKA",2019,"Measles","MCV1",1408.4024689412,1408.4024689412,"SEARO","Lower middle income",0.99,316871
"LKA",2019,"Measles","MCV2",203.702606373973,203.702606373973,"SEARO","Lower middle income",0.99,326134
"LKA",2019,"D","DTP3",13.9571059924676,13.9571059924676,"SEARO","Lower middle income",0.99,316871
"LKA",2019,"P","DTP3",359.21008351063,359.21008351063,"SEARO","Lower middle income",0.99,316871
"LKA",2019,"T","DTP3",49.9270513193333,49.9270513193333,"SEARO","Lower middle income",0.99,316871
"LKA",2019,"TB","BCG",42.3925171119408,42.3925171119408,"SEARO","Lower middle income",0.99,316871
"LKA",2019,"Rubella","Rubella",45.8572693186284,45.8572693186284,"SEARO","Lower middle income",0.99,316871
"LKA",2020,"HPV","HPV",627.254256483063,0,"SEARO","Lower middle income",0,176267
"LKA",2020,"HepB","HepB",5074.10904167313,4920.34816162243,"SEARO","Lower middle income",0.96,312127
"LKA",2020,"Hib","Hib3",62.880333421593,60.9748687724538,"SEARO","Lower middle income",0.96,312127
"LKA",2020,"JE","JE",97.6227702145427,96.5676554253552,"SEARO","Lower middle income",0.9793,312127
"LKA",2020,"Measles","MCV1",1387.31672328238,1345.27682257685,"SEARO","Lower middle income",0.96,312127
"LKA",2020,"Measles","MCV2",200.238586508058,194.170750553269,"SEARO","Lower middle income",0.96,320588
"LKA",2020,"D","DTP3",13.7481486854617,13.3315381192355,"SEARO","Lower middle income",0.96,312127
"LKA",2020,"P","DTP3",353.832208488383,343.110020352372,"SEARO","Lower middle income",0.96,312127
"LKA",2020,"T","DTP3",49.1795738554476,47.6892837386158,"SEARO","Lower middle income",0.96,312127
"LKA",2020,"TB","BCG",41.757842114295,41.757842114295,"SEARO","Lower middle income",0.99,312127
"LKA",2020,"Rubella","Rubella",45.1707221570151,43.8019123946813,"SEARO","Lower middle income",0.96,312127
"LKA",2021,"HPV","HPV",611.194537650224,0,"SEARO","Lower middle income",0,171754
"LKA",2021,"HepB","HepB",4986.01478229529,4834.92342525604,"SEARO","Lower middle income",0.96,306708
"LKA",2021,"Hib","Hib3",61.7886350846608,59.9162522033075,"SEARO","Lower middle income",0.96,306708
"LKA",2021,"JE","JE",95.9278902721071,93.8446078066017,"SEARO","Lower middle income",0.9685,306708
"LKA",2021,"Measles","MCV1",1363.23079248028,1335.69077647057,"SEARO","Lower middle income",0.97,306708
"LKA",2021,"Measles","MCV2",196.171205085983,192.208150437781,"SEARO","Lower middle income",0.97,314076
"LKA",2021,"D","DTP3",13.5094598897903,13.1000823173724,"SEARO","Lower middle income",0.96,306708
"LKA",2021,"P","DTP3",347.68914256394,337.153107940791,"SEARO","Lower middle income",0.96,306708
"LKA",2021,"T","DTP3",48.3257415669155,46.8613251557968,"SEARO","Lower middle income",0.96,306708
"LKA",2021,"TB","BCG",41.0328623899604,41.0328623899604,"SEARO","Lower middle income",0.99,306708
"LKA",2021,"Rubella","Rubella",44.3864896383004,43.4897928779307,"SEARO","Lower middle income",0.97,306708
"LKA",2022,"HPV","HPV",658.732647475695,0,"SEARO","Lower middle income",0,172772
"LKA",2022,"HepB","HepB",4924.10982940531,4874.37134628,"SEARO","Lower middle income",0.98,302900
"LKA",2022,"Hib","Hib3",61.0214848231666,60.4051061885891,"SEARO","Lower middle income",0.98,302900
"LKA",2022,"JE","JE",94.7368766495208,94.2966851014524,"SEARO","Lower middle income",0.9854,302900
"LKA",2022,"Measles","MCV1",1346.30530355346,1346.30530355346,"SEARO","Lower middle income",0.99,302900
"LKA",2022,"Measles","MCV2",193.244339400502,191.292376376255,"SEARO","Lower middle income",0.98,309390
"LKA",2022,"D","DTP3",13.3417302470672,13.2069652950766,"SEARO","Lower middle income",0.98,302900
"LKA",2022,"P","DTP3",343.372332259405,339.903924862845,"SEARO","Lower middle income",0.98,302900
"LKA",2022,"T","DTP3",47.7257427932062,47.2436645831738,"SEARO","Lower middle income",0.98,302900
"LKA",2022,"TB","BCG",40.5234099466562,40.5234099466562,"SEARO","Lower middle income",0.99,302900
"LKA",2022,"Rubella","Rubella",43.835399505201,43.835399505201,"SEARO","Lower middle income",0.99,302900
"LSO",2019,"HPV","HPV",0,0,"AFRO","Lower middle income",0,24377
"LSO",2019,"HepB","HepB",513.219308436779,513.219308436779,"AFRO","Lower middle income",0.87,56987
"LSO",2019,"Hib","Hib3",113.047679716709,113.047679716709,"AFRO","Lower middle income",0.87,56987
"LSO",2019,"Measles","MCV1",1599.58554616601,1599.58554616601,"AFRO","Lower middle income",0.9,56987
"LSO",2019,"Measles","MCV2",158.348067580138,158.348067580138,"AFRO","Lower middle income",0.82,54896
"LSO",2019,"PCV","PCV3",103.308035139522,103.308035139522,"AFRO","Lower middle income",0.87,56987
"LSO",2019,"Rota","Rota",40.9520235579646,40.9520235579646,"AFRO","Lower middle income",0.87,56987
"LSO",2019,"D","DTP3",11.4099071188916,11.4099071188916,"AFRO","Lower middle income",0.87,56987
"LSO",2019,"P","DTP3",485.412835650344,485.412835650344,"AFRO","Lower middle income",0.87,56987
"LSO",2019,"T","DTP3",29.1205442469106,29.1205442469106,"AFRO","Lower middle income",0.87,56987
"LSO",2019,"TB","BCG",197.297413317196,197.297413317196,"AFRO","Lower middle income",0.96,56987
"LSO",2019,"Rubella","Rubella",22.6134258952294,22.6134258952294,"AFRO","Lower middle income",0.9,56987
"LSO",2020,"HepB","HepB",511.553216660395,511.553216660395,"AFRO","Lower middle income",0.87,56802
"LSO",2020,"Hib","Hib3",112.680686880666,112.680686880666,"AFRO","Lower middle income",0.87,56802
"LSO",2020,"Measles","MCV1",1594.39272453931,1594.39272453931,"AFRO","Lower middle income",0.9,56802
"LSO",2020,"Measles","MCV2",157.955774203737,157.955774203737,"AFRO","Lower middle income",0.82,54760
"LSO",2020,"PCV","PCV3",102.972660641815,102.972660641815,"AFRO","Lower middle income",0.87,56802
"LSO",2020,"Rota","Rota",40.8190787747996,40.8190787747996,"AFRO","Lower middle income",0.87,56802
"LSO",2020,"D","DTP3",11.3728665163508,11.3728665163508,"AFRO","Lower middle income",0.87,56802
"LSO",2020,"P","DTP3",483.83701354012,483.83701354012,"AFRO","Lower middle income",0.87,56802
"LSO",2020,"T","DTP3",29.0260086390408,29.0260086390408,"AFRO","Lower middle income",0.87,56802
"LSO",2020,"TB","BCG",196.656915985108,196.656915985108,"AFRO","Lower middle income",0.96,56802
"LSO",2020,"Rubella","Rubella",22.5400146998582,22.5400146998582,"AFRO","Lower middle income",0.9,56802
"LSO",2021,"HPV","HPV",288.648369636176,0,"AFRO","Lower middle income",0,25347
"LSO",2021,"HepB","HepB",509.355776695867,509.355776695867,"AFRO","Lower middle income",0.87,56558
"LSO",2021,"Hib","Hib3",112.196653086101,112.196653086101,"AFRO","Lower middle income",0.87,56558
"LSO",2021,"Measles","MCV1",1587.54381385329,1587.54381385329,"AFRO","Lower middle income",0.9,56558
"LSO",2021,"Measles","MCV2",157.716359863727,157.716359863727,"AFRO","Lower middle income",0.82,54677
"LSO",2021,"PCV","PCV3",102.530328871867,102.530328871867,"AFRO","Lower middle income",0.87,56558
"LSO",2021,"Rota","Rota",40.6437353851117,34.5705335459571,"AFRO","Lower middle income",0.74,56558
"LSO",2021,"D","DTP3",11.3240129648915,11.3240129648915,"AFRO","Lower middle income",0.87,56558
"LSO",2021,"P","DTP3",481.758631946095,481.758631946095,"AFRO","Lower middle income",0.87,56558
"LSO",2021,"T","DTP3",28.9013238373098,28.9013238373098,"AFRO","Lower middle income",0.87,56558
"LSO",2021,"TB","BCG",195.812151936301,195.812151936301,"AFRO","Lower middle income",0.96,56558
"LSO",2021,"Rubella","Rubella",22.4431912854227,22.4431912854227,"AFRO","Lower middle income",0.9,56558
"LSO",2022,"HPV","HPV",395.486529648571,424.781828141058,"AFRO","Lower middle income",0.58,25725
"LSO",2022,"HepB","HepB",513.671224083615,510.616602905023,"AFRO","Lower middle income",0.87,56698
"LSO",2022,"Hib","Hib3",113.147223935842,112.474377394458,"AFRO","Lower middle income",0.87,56698
"LSO",2022,"Measles","MCV1",1593.53155135274,1432.32616503533,"AFRO","Lower middle income",0.81,56698
"LSO",2022,"Measles","MCV2",160.285558015394,144.255406439495,"AFRO","Lower middle income",0.75,54678
"LSO",2022,"PCV","PCV3",103.39900310732,102.784125789051,"AFRO","Lower middle income",0.87,56698
"LSO",2022,"Rota","Rota",40.9880838930127,40.7443422480473,"AFRO","Lower middle income",0.87,56698
"LSO",2022,"D","DTP3",11.4199541211599,11.3520436911386,"AFRO","Lower middle income",0.87,56698
"LSO",2022,"P","DTP3",485.840266286719,482.951145975454,"AFRO","Lower middle income",0.87,56698
"LSO",2022,"T","DTP3",29.1461863639807,28.9728642973194,"AFRO","Lower middle income",0.87,56698
"LSO",2022,"TB","BCG",196.296852620043,173.804504923996,"AFRO","Lower middle income",0.85,56698
"LSO",2022,"Rubella","Rubella",22.5278402487423,20.2488711331873,"AFRO","Lower middle income",0.81,56698
"LTU",2019,"HPV","HPV",26.7774796937255,26.7774796937255,"EURO","High income",0.66,14342
"LTU",2019,"HepB","HepB",204.923342143788,204.923342143788,"EURO","High income",0.92,28540
"LTU",2019,"HepB","HepB_BD",106.443646063728,106.443646063728,"EURO","High income",0.96,28540
"LTU",2019,"Hib","Hib3",4.81311699733934,4.81311699733934,"EURO","High income",0.92,28540
"LTU",2019,"Measles","MCV1",101.320918310841,101.320918310841,"EURO","High income",0.93,28540
"LTU",2019,"Measles","MCV2",17.0090391670731,17.0090391670731,"EURO","High income",0.93,28540
"LTU",2019,"PCV","PCV3",4.44494927855296,4.44494927855296,"EURO","High income",0.82,28540
"LTU",2019,"Rota","Rota",0.635345315614998,0.635345315614998,"EURO","High income",0.45,28540
"LTU",2019,"D","DTP3",0.970265024538005,0.970265024538005,"EURO","High income",0.92,28540
"LTU",2019,"P","DTP3",25.0922260738439,25.0922260738439,"EURO","High income",0.92,28540
"LTU",2019,"T","DTP3",2.92837558826959,2.92837558826959,"EURO","High income",0.92,28540
"LTU",2019,"TB","BCG",3.15503383290515,3.15503383290515,"EURO","High income",0.97,28540
"LTU",2019,"Rubella","Rubella",26.667831673499,26.667831673499,"EURO","High income",0.93,28540
"LTU",2020,"HPV","HPV",35.4877731369042,0,"EURO","High income",0,13489
"LTU",2020,"HepB","HepB",198.051876186129,195.899138401497,"EURO","High income",0.91,27583
"LTU",2020,"HepB","HepB_BD",102.874389957106,101.802781728386,"EURO","High income",0.95,27583
"LTU",2020,"Hib","Hib3",4.65172411133886,4.60116189273735,"EURO","High income",0.91,27583
"LTU",2020,"Measles","MCV1",97.923436922492,94.7646163766051,"EURO","High income",0.9,27583
"LTU",2020,"Measles","MCV2",16.4386940205108,16.0851737189945,"EURO","High income",0.91,27583
"LTU",2020,"PCV","PCV3",4.29590175018662,4.34829079592061,"EURO","High income",0.83,27583
"LTU",2020,"Rota","Rota",0.614040989509757,0.654977055477075,"EURO","High income",0.48,27583
"LTU",2020,"D","DTP3",0.937730209244281,0.927537489578583,"EURO","High income",0.91,27583
"LTU",2020,"P","DTP3",24.2508364328955,23.9872403847118,"EURO","High income",0.91,27583
"LTU",2020,"T","DTP3",2.83018163459145,2.7994187907372,"EURO","High income",0.91,27583
"LTU",2020,"TB","BCG",3.04923960101691,3.01780414121262,"EURO","High income",0.96,27583
"LTU",2020,"Rubella","Rubella",25.7736090066616,24.9422022645113,"EURO","High income",0.9,27583
"LTU",2021,"HPV","HPV",36.8479316891897,0,"EURO","High income",0,14006
"LTU",2021,"HepB","HepB",194.239181908681,190.016590997623,"EURO","High income",0.9,27052
"LTU",2021,"HepB","HepB_BD",100.893956318009,97.7410201830708,"EURO","High income",0.93,27052
"LTU",2021,"Hib","Hib3",4.56217382663013,4.46299613474687,"EURO","High income",0.9,27052
"LTU",2021,"Measles","MCV1",96.0383140204928,90.8749638043373,"EURO","High income",0.88,27052
"LTU",2021,"Measles","MCV2",16.1222329203806,15.2554462042311,"EURO","High income",0.88,27052
"LTU",2021,"PCV","PCV3",4.21320139745672,4.21320139745672,"EURO","High income",0.82,27052
"LTU",2021,"Rota","Rota",0.602220093833809,0.642368100089396,"EURO","High income",0.48,27052
"LTU",2021,"D","DTP3",0.919677976307011,0.899684976822076,"EURO","High income",0.9,27052
"LTU",2021,"P","DTP3",23.7839838734978,23.266940745813,"EURO","High income",0.9,27052
"LTU",2021,"T","DTP3",2.77569784211173,2.71535658467452,"EURO","High income",0.9,27052
"LTU",2021,"TB","BCG",2.99053872627015,2.86721754168169,"EURO","High income",0.93,27052
"LTU",2021,"Rubella","Rubella",25.2774415708302,23.9184393358394,"EURO","High income",0.88,27052
"LTU",2022,"HPV","HPV",36.2612482130588,0,"EURO","High income",0,13783
"LTU",2022,"HepB","HepB",190.088012137344,185.717827368666,"EURO","High income",0.9,26440
"LTU",2022,"HepB","HepB_BD",98.6114226322692,97.584220313183,"EURO","High income",0.95,26440
"LTU",2022,"Hib","Hib3",4.46467363179511,4.36202934358669,"EURO","High income",0.9,26440
"LTU",2022,"Measles","MCV1",93.8656299978497,87.8097829012142,"EURO","High income",0.87,26440
"LTU",2022,"Measles","MCV2",15.7574980931119,14.7408853129111,"EURO","High income",0.87,26440
"LTU",2022,"PCV","PCV3",4.20793632037894,4.06766761794322,"EURO","High income",0.81,26440
"LTU",2022,"Rota","Rota",0.735862558709247,0.640915656075813,"EURO","High income",0.49,26440
"LTU",2022,"D","DTP3",0.900023139537749,0.879331316988603,"EURO","High income",0.9,26440
"LTU",2022,"P","DTP3",23.2756860423009,22.7405705056667,"EURO","High income",0.9,26440
"LTU",2022,"T","DTP3",2.71637720009031,2.65392681128177,"EURO","High income",0.9,26440
"LTU",2022,"TB","BCG",2.9228834807993,2.80235220324057,"EURO","High income",0.93,26440
"LTU",2022,"Rubella","Rubella",24.7055875769907,23.1116787010558,"EURO","High income",0.87,26440
"LUX",2019,"HPV","HPV",2.1868184341242,2.1868184341242,"EURO","High income",0.14,3217
"LUX",2019,"HepB","HepB",45.7177931908429,45.7177931908429,"EURO","High income",0.96,6330
"LUX",2019,"Hib","Hib3",0.799434919454576,0.799434919454576,"EURO","High income",0.99,6330
"LUX",2019,"Measles","MCV1",19.8177021970986,19.8177021970986,"EURO","High income",0.99,6330
"LUX",2019,"Measles","MCV2",2.35918403755474,2.35918403755474,"EURO","High income",0.9,6330
"LUX",2019,"PCV","PCV3",0.886504458823877,0.886504458823877,"EURO","High income",0.96,6330
"LUX",2019,"Rota","Rota",0.20299614226723,0.20299614226723,"EURO","High income",0.89,6330
"LUX",2019,"D","DTP3",0.0370749853696654,0.0370749853696654,"EURO","High income",0.99,6330
"LUX",2019,"P","DTP3",1.4804213358239,1.4804213358239,"EURO","High income",0.99,6330
"LUX",2019,"T","DTP3",0.185224381520837,0.185224381520837,"EURO","High income",0.99,6330
"LUX",2019,"Rubella","Rubella",3.83079369531634,3.83079369531634,"EURO","High income",0.99,6330
"LUX",2020,"HPV","HPV",11.9263128443038,0,"EURO","High income",0,3275
"LUX",2020,"HepB","HepB",45.9200203961105,45.9200203961105,"EURO","High income",0.96,6358
"LUX",2020,"Hib","Hib3",0.802971124469541,0.802971124469541,"EURO","High income",0.99,6358
"LUX",2020,"Measles","MCV1",19.9053634390447,19.9053634390447,"EURO","High income",0.99,6358
"LUX",2020,"Measles","MCV2",2.36961960675719,2.36961960675719,"EURO","High income",0.9,6358
"LUX",2020,"PCV","PCV3",0.89042580556117,0.89042580556117,"EURO","High income",0.96,6358
"LUX",2020,"Rota","Rota",0.203894071490529,0.203894071490529,"EURO","High income",0.89,6358
"LUX",2020,"D","DTP3",0.0372389821453922,0.0372389821453922,"EURO","High income",0.99,6358
"LUX",2020,"P","DTP3",1.48696980302818,1.48696980302818,"EURO","High income",0.99,6358
"LUX",2020,"T","DTP3",0.186043699480171,0.186043699480171,"EURO","High income",0.99,6358
"LUX",2020,"Rubella","Rubella",3.84773875431616,3.84773875431616,"EURO","High income",0.99,6358
"LUX",2021,"HPV","HPV",12.1375269343709,0,"EURO","High income",0,3333
"LUX",2021,"HepB","HepB",46.8733772209432,46.8733772209432,"EURO","High income",0.96,6490
"LUX",2021,"Hib","Hib3",0.819641805254376,0.819641805254376,"EURO","High income",0.99,6490
"LUX",2021,"Measles","MCV1",20.3186235796477,20.3186235796477,"EURO","High income",0.99,6490
"LUX",2021,"Measles","MCV2",2.41881586156876,2.41881586156876,"EURO","High income",0.9,6490
"LUX",2021,"PCV","PCV3",0.908912154465555,0.908912154465555,"EURO","High income",0.96,6490
"LUX",2021,"Rota","Rota",0.208127166400367,0.208127166400367,"EURO","High income",0.89,6490
"LUX",2021,"D","DTP3",0.0380121098023899,0.0380121098023899,"EURO","High income",0.99,6490
"LUX",2021,"P","DTP3",1.51784114841977,1.51784114841977,"EURO","High income",0.99,6490
"LUX",2021,"T","DTP3",0.189906198431317,0.189906198431317,"EURO","High income",0.99,6490
"LUX",2021,"Rubella","Rubella",3.92762260388674,3.92762260388674,"EURO","High income",0.99,6490
"LUX",2022,"HPV","HPV",11.9372377110315,0,"EURO","High income",0,3278
"LUX",2022,"HepB","HepB",48.4962795575397,48.2095212557467,"EURO","High income",0.96,6675
"LUX",2022,"Hib","Hib3",0.843006016960394,0.843006016960394,"EURO","High income",0.99,6675
"LUX",2022,"Measles","MCV1",20.89781392822,20.89781392822,"EURO","High income",0.99,6675
"LUX",2022,"Measles","MCV2",2.55016281865612,2.48776515808497,"EURO","High income",0.9,6675
"LUX",2022,"PCV","PCV3",0.940381524643216,0.934821052551245,"EURO","High income",0.96,6675
"LUX",2022,"Rota","Rota",0.220247970825464,0.214059913054306,"EURO","High income",0.89,6675
"LUX",2022,"D","DTP3",0.0390956599277277,0.0390956599277277,"EURO","High income",0.99,6675
"LUX",2022,"P","DTP3",1.56110780673374,1.56110780673374,"EURO","High income",0.99,6675
"LUX",2022,"T","DTP3",0.195319549234058,0.195319549234058,"EURO","High income",0.99,6675
"LUX",2022,"Rubella","Rubella",4.03958102942126,4.03958102942126,"EURO","High income",0.99,6675
"LVA",2019,"HPV","HPV",28.9824504777325,28.9824504777325,"EURO","High income",0.44,9669
"LVA",2019,"HepB","HepB",177.25619423803,177.25619423803,"EURO","High income",0.99,18573
"LVA",2019,"Hib","Hib3",5.57935965260718,5.57935965260718,"EURO","High income",0.99,18573
"LVA",2019,"Measles","MCV1",98.925166231603,98.925166231603,"EURO","High income",0.99,18573
"LVA",2019,"Measles","MCV2",17.3130707640376,17.3130707640376,"EURO","High income",0.96,18573
"LVA",2019,"PCV","PCV3",6.1176313325392,6.1176313325392,"EURO","High income",0.84,18573
"LVA",2019,"Rota","Rota",1.55462606600426,1.55462606600426,"EURO","High income",0.85,18573
"LVA",2019,"D","DTP3",0.707082530774746,0.707082530774746,"EURO","High income",0.99,18573
"LVA",2019,"P","DTP3",22.1196747798518,22.1196747798518,"EURO","High income",0.99,18573
"LVA",2019,"T","DTP3",2.21765866361178,2.21765866361178,"EURO","High income",0.99,18573
"LVA",2019,"TB","BCG",2.35478471558331,2.35478471558331,"EURO","High income",0.96,18573
"LVA",2019,"Rubella","Rubella",16.0497508931917,16.0497508931917,"EURO","High income",0.99,18573
"LVA",2020,"HPV","HPV",53.2757819545265,0,"EURO","High income",0,10290
"LVA",2020,"HepB","HepB",170.833245940921,170.833245940921,"EURO","High income",0.99,17900
"LVA",2020,"Hib","Hib3",5.37718934914492,5.37718934914492,"EURO","High income",0.99,17900
"LVA",2020,"Measles","MCV1",95.3405737116079,95.3405737116079,"EURO","High income",0.99,17900
"LVA",2020,"Measles","MCV2",16.6857247981626,16.3381055315342,"EURO","High income",0.94,17900
"LVA",2020,"PCV","PCV3",5.89595654188616,6.38728625371001,"EURO","High income",0.91,17900
"LVA",2020,"Rota","Rota",1.49829357570001,1.51592055894354,"EURO","High income",0.86,17900
"LVA",2020,"D","DTP3",0.681461115644643,0.681461115644643,"EURO","High income",0.99,17900
"LVA",2020,"P","DTP3",21.3181596166127,21.3181596166127,"EURO","High income",0.99,17900
"LVA",2020,"T","DTP3",2.13730092492602,2.13730092492602,"EURO","High income",0.99,17900
"LVA",2020,"TB","BCG",2.26945816017559,2.34037872768108,"EURO","High income",0.99,17900
"LVA",2020,"Rubella","Rubella",15.4681818224375,15.4681818224375,"EURO","High income",0.99,17900
"LVA",2021,"HPV","HPV",54.0886388803633,0,"EURO","High income",0,10447
"LVA",2021,"HepB","HepB",160.086975833129,152.001775033476,"EURO","High income",0.94,16774
"LVA",2021,"Hib","Hib3",5.03893710293613,4.73354697548546,"EURO","High income",0.93,16774
"LVA",2021,"Measles","MCV1",89.3431722591347,87.5382596882431,"EURO","High income",0.97,16774
"LVA",2021,"Measles","MCV2",15.6361088136525,13.8444713454214,"EURO","High income",0.85,16774
"LVA",2021,"PCV","PCV3",5.52507123092729,6.0512684910156,"EURO","High income",0.92,16774
"LVA",2021,"Rota","Rota",1.40404337646882,1.3875252190986,"EURO","High income",0.84,16774
"LVA",2021,"D","DTP3",0.63859378512979,0.606341573759599,"EURO","High income",0.94,16774
"LVA",2021,"P","DTP3",19.9771401904503,18.9681937161852,"EURO","High income",0.94,16774
"LVA",2021,"T","DTP3",2.0028539505424,1.90169971061602,"EURO","High income",0.94,16774
"LVA",2021,"TB","BCG",2.12669783121706,2.12669783121706,"EURO","High income",0.96,16774
"LVA",2021,"Rubella","Rubella",14.4951554128249,14.2023239903436,"EURO","High income",0.97,16774
"LVA",2022,"HPV","HPV",49.1959650273965,0,"EURO","High income",0,9502
"LVA",2022,"HepB","HepB",155.72547899542,149.43354045015,"EURO","High income",0.95,16317
"LVA",2022,"Hib","Hib3",4.90165355363115,4.70360694540363,"EURO","High income",0.95,16317
"LVA",2022,"Measles","MCV1",86.9090581705199,84.2754503471708,"EURO","High income",0.96,16317
"LVA",2022,"Measles","MCV2",15.3005824224377,13.6257236683655,"EURO","High income",0.86,16317
"LVA",2022,"PCV","PCV3",5.64596554674748,5.56649114909166,"EURO","High income",0.87,16317
"LVA",2022,"Rota","Rota",1.42841898089936,1.38185898102132,"EURO","High income",0.86,16317
"LVA",2022,"D","DTP3",0.621195587931488,0.596096776297893,"EURO","High income",0.95,16317
"LVA",2022,"P","DTP3",19.4328720929759,18.6477055437648,"EURO","High income",0.95,16317
"LVA",2022,"T","DTP3",1.94828710569932,1.86956843476197,"EURO","High income",0.95,16317
"LVA",2022,"TB","BCG",2.08106222858622,2.1334055698085,"EURO","High income",0.99,16317
"LVA",2022,"Rubella","Rubella",14.100241497023,13.6729614516587,"EURO","High income",0.96,16317
"MAR",2019,"HepB","HepB",1934.98555519854,1934.98555519854,"EMRO","Lower middle income",0.99,665519
"MAR",2019,"HepB","HepB_BD",97.6981197883367,97.6981197883367,"EMRO","Lower middle income",0.41,665519
"MAR",2019,"Hib","Hib3",740.76408510504,740.76408510504,"EMRO","Lower middle income",0.99,665519
"MAR",2019,"Measles","MCV1",5249.15339383318,5249.15339383318,"EMRO","Lower middle income",0.99,665519
"MAR",2019,"Measles","MCV2",566.211466379272,566.211466379272,"EMRO","Lower middle income",0.99,668611
"MAR",2019,"PCV","PCV3",687.978085018335,687.978085018335,"EMRO","Lower middle income",0.98,665519
"MAR",2019,"Rota","Rota",190.952765931879,190.952765931879,"EMRO","Lower middle income",0.98,665519
"MAR",2019,"D","DTP3",48.8381814308371,48.8381814308371,"EMRO","Lower middle income",0.99,665519
"MAR",2019,"P","DTP3",1563.60437347981,1563.60437347981,"EMRO","Lower middle income",0.99,665519
"MAR",2019,"T","DTP3",176.002407187177,176.002407187177,"EMRO","Lower middle income",0.99,665519
"MAR",2019,"TB","BCG",201.721369599661,201.721369599661,"EMRO","Lower middle income",0.99,665519
"MAR",2019,"Rubella","Rubella",126.367283362125,126.367283362125,"EMRO","Lower middle income",0.99,665519
"MAR",2020,"HPV","HPV",1613.11101387539,0,"EMRO","Lower middle income",0,320888
"MAR",2020,"HepB","HepB",1906.7829646107,1906.7829646107,"EMRO","Lower middle income",0.99,655819
"MAR",2020,"HepB","HepB_BD",96.274160800018,96.274160800018,"EMRO","Lower middle income",0.41,655819
"MAR",2020,"Hib","Hib3",729.967381140888,729.967381140888,"EMRO","Lower middle income",0.99,655819
"MAR",2020,"Measles","MCV1",5172.64650534437,5172.64650534437,"EMRO","Lower middle income",0.99,655819
"MAR",2020,"Measles","MCV2",568.161755870578,568.161755870578,"EMRO","Lower middle income",0.99,670914
"MAR",2020,"PCV","PCV3",677.950741809985,677.950741809985,"EMRO","Lower middle income",0.98,655819
"MAR",2020,"Rota","Rota",188.169611988056,188.169611988056,"EMRO","Lower middle income",0.98,655819
"MAR",2020,"D","DTP3",48.126360491271,48.126360491271,"EMRO","Lower middle income",0.99,655819
"MAR",2020,"P","DTP3",1540.81469741834,1540.81469741834,"EMRO","Lower middle income",0.99,655819
"MAR",2020,"T","DTP3",173.437156082828,173.437156082828,"EMRO","Lower middle income",0.99,655819
"MAR",2020,"TB","BCG",198.781262277231,198.781262277231,"EMRO","Lower middle income",0.99,655819
"MAR",2020,"Rubella","Rubella",124.525468705275,124.525468705275,"EMRO","Lower middle income",0.99,655819
"MAR",2021,"HPV","HPV",2180.98351945808,0,"EMRO","Lower middle income",0,325389
"MAR",2021,"HepB","HepB",1880.51675807766,1880.51675807766,"EMRO","Lower middle income",0.99,646785
"MAR",2021,"HepB","HepB_BD",94.9479705422375,94.9479705422375,"EMRO","Lower middle income",0.41,646785
"MAR",2021,"Hib","Hib3",719.911976644789,719.911976644789,"EMRO","Lower middle income",0.99,646785
"MAR",2021,"Measles","MCV1",5101.39256404459,5101.39256404459,"EMRO","Lower middle income",0.99,646785
"MAR",2021,"Measles","MCV2",561.072796542865,561.072796542865,"EMRO","Lower middle income",0.99,662543
"MAR",2021,"PCV","PCV3",668.611873918827,668.611873918827,"EMRO","Lower middle income",0.98,646785
"MAR",2021,"Rota","Rota",185.57754882017,185.57754882017,"EMRO","Lower middle income",0.98,646785
"MAR",2021,"D","DTP3",47.4634130306482,47.4634130306482,"EMRO","Lower middle income",0.99,646785
"MAR",2021,"P","DTP3",1519.58975581634,1519.58975581634,"EMRO","Lower middle income",0.99,646785
"MAR",2021,"T","DTP3",171.048034590385,171.048034590385,"EMRO","Lower middle income",0.99,646785
"MAR",2021,"TB","BCG",196.04302211735,196.04302211735,"EMRO","Lower middle income",0.99,646785
"MAR",2021,"Rubella","Rubella",122.810112663008,122.810112663008,"EMRO","Lower middle income",0.99,646785
"MAR",2022,"HPV","HPV",3209.44414870406,0,"EMRO","Lower middle income",0,331988
"MAR",2022,"HepB","HepB",1864.98498086939,1864.98498086939,"EMRO","Lower middle income",0.99,641443
"MAR",2022,"HepB","HepB_BD",143.530543132264,94.1637654993923,"EMRO","Lower middle income",0.41,641443
"MAR",2022,"Hib","Hib3",713.965998028655,713.965998028655,"EMRO","Lower middle income",0.99,641443
"MAR",2022,"Measles","MCV1",5059.25856421911,5059.25856421911,"EMRO","Lower middle income",0.99,641443
"MAR",2022,"Measles","MCV2",553.189494382828,553.189494382828,"EMRO","Lower middle income",0.99,653234
"MAR",2022,"PCV","PCV3",664.09269499452,663.089598927177,"EMRO","Lower middle income",0.98,641443
"MAR",2022,"Rota","Rota",184.323221488923,184.044805689458,"EMRO","Lower middle income",0.98,641443
"MAR",2022,"D","DTP3",47.0713978286727,47.0713978286727,"EMRO","Lower middle income",0.99,641443
"MAR",2022,"P","DTP3",1507.03898782455,1507.03898782455,"EMRO","Lower middle income",0.99,641443
"MAR",2022,"T","DTP3",169.635295270856,169.635295270856,"EMRO","Lower middle income",0.99,641443
"MAR",2022,"TB","BCG",194.42384136308,194.42384136308,"EMRO","Lower middle income",0.99,641443
"MAR",2022,"Rubella","Rubella",121.795785457142,121.795785457142,"EMRO","Lower middle income",0.99,641443
"MDA",2019,"HPV","HPV",60.9271869070924,60.9271869070924,"EURO","Lower middle income",0.36,19301
"MDA",2019,"HepB","HepB",177.265922409444,177.265922409444,"EURO","Lower middle income",0.94,41963
"MDA",2019,"HepB","HepB_BD",183.401504002371,183.401504002371,"EURO","Lower middle income",0.93,41963
"MDA",2019,"Hib","Hib3",12.7883933837414,12.7883933837414,"EURO","Lower middle income",0.9,41963
"MDA",2019,"Measles","MCV1",202.494764505982,202.494764505982,"EURO","Lower middle income",0.97,41963
"MDA",2019,"Measles","MCV2",31.1888383314684,31.1888383314684,"EURO","Lower middle income",0.95,46134
"MDA",2019,"PCV","PCV3",11.5342312246325,11.5342312246325,"EURO","Lower middle income",0.8,41963
"MDA",2019,"Rota","Rota",0.728021508393884,0.728021508393884,"EURO","Lower middle income",0.66,41963
"MDA",2019,"D","DTP3",1.67956482873066,1.67956482873066,"EURO","Lower middle income",0.91,41963
"MDA",2019,"P","DTP3",58.674798268719,58.674798268719,"EURO","Lower middle income",0.91,41963
"MDA",2019,"T","DTP3",6.10187450602734,6.10187450602734,"EURO","Lower middle income",0.91,41963
"MDA",2019,"TB","BCG",6.65926068050247,6.65926068050247,"EURO","Lower middle income",0.94,41963
"MDA",2019,"Rubella","Rubella",7.62074236683115,7.62074236683115,"EURO","Lower middle income",0.97,41963
"MDA",2020,"HPV","HPV",139.52488546399,0,"EURO","Lower middle income",0,19171
"MDA",2020,"HepB","HepB",168.128677928076,155.608457231305,"EURO","Lower middle income",0.87,39800
"MDA",2020,"HepB","HepB_BD",173.947998458032,177.688815629172,"EURO","Lower middle income",0.95,39800
"MDA",2020,"Hib","Hib3",12.1292104156735,11.5901343971992,"EURO","Lower middle income",0.86,39800
"MDA",2020,"Measles","MCV1",192.057089038869,166.317479167681,"EURO","Lower middle income",0.84,39800
"MDA",2020,"Measles","MCV2",28.8219912555923,28.2152124923166,"EURO","Lower middle income",0.93,42633
"MDA",2020,"PCV","PCV3",10.9396945580719,9.84572510226472,"EURO","Lower middle income",0.72,39800
"MDA",2020,"Rota","Rota",0.690495341945919,0.585874835590476,"EURO","Lower middle income",0.56,39800
"MDA",2020,"D","DTP3",1.59299097260635,1.50546399608951,"EURO","Lower middle income",0.86,39800
"MDA",2020,"P","DTP3",55.6503817909829,52.5926685057641,"EURO","Lower middle income",0.86,39800
"MDA",2020,"T","DTP3",5.78735088863732,5.46936457607483,"EURO","Lower middle income",0.86,39800
"MDA",2020,"TB","BCG",6.31600636474986,6.38319792182166,"EURO","Lower middle income",0.95,39800
"MDA",2020,"Rubella","Rubella",7.22792808426185,6.25923669152572,"EURO","Lower middle income",0.84,39800
"MDA",2021,"HPV","HPV",140.690316214818,0,"EURO","Lower middle income",0,19101
"MDA",2021,"HepB","HepB",161.175416524317,149.172991889528,"EURO","Lower middle income",0.87,38154
"MDA",2021,"HepB","HepB_BD",166.754068672556,166.754068672556,"EURO","Lower middle income",0.93,38154
"MDA",2021,"Hib","Hib3",11.6275852813972,11.2399991053506,"EURO","Lower middle income",0.87,38154
"MDA",2021,"Measles","MCV1",184.114225507262,157.541038320647,"EURO","Lower middle income",0.83,38154
"MDA",2021,"Measles","MCV2",27.8924240664092,27.0116106748384,"EURO","Lower middle income",0.92,41258
"MDA",2021,"PCV","PCV3",10.4872639740873,10.2250823747351,"EURO","Lower middle income",0.78,38154
"MDA",2021,"Rota","Rota",0.661938675291572,0.601762432083247,"EURO","Lower middle income",0.6,38154
"MDA",2021,"D","DTP3",1.5271099891664,1.45998427535688,"EURO","Lower middle income",0.87,38154
"MDA",2021,"P","DTP3",53.3488609762101,51.0038560981349,"EURO","Lower middle income",0.87,38154
"MDA",2021,"T","DTP3",5.54800466846906,5.30413633139349,"EURO","Lower middle income",0.87,38154
"MDA",2021,"TB","BCG",6.05479665428809,6.31244757574716,"EURO","Lower middle income",0.98,38154
"MDA",2021,"Rubella","Rubella",6.92900422429464,5.92894175893252,"EURO","Lower middle income",0.83,38154
"MDA",2022,"HPV","HPV",150.897458791062,0,"EURO","Lower middle income",0,19121
"MDA",2022,"HepB","HepB",159.584087271252,152.597941852709,"EURO","Lower middle income",0.9,37729
"MDA",2022,"HepB","HepB_BD",165.352033593052,164.896583764399,"EURO","Lower middle income",0.93,37729
"MDA",2022,"Hib","Hib3",11.592764525394,11.1147959911352,"EURO","Lower middle income",0.87,37729
"MDA",2022,"Measles","MCV1",182.063364631847,157.663119887373,"EURO","Lower middle income",0.84,37729
"MDA",2022,"Measles","MCV2",26.5666922424181,26.0073934583672,"EURO","Lower middle income",0.93,39297
"MDA",2022,"PCV","PCV3",10.7405565061372,10.2408150573298,"EURO","Lower middle income",0.79,37729
"MDA",2022,"Rota","Rota",0.71925276094263,0.604977015430536,"EURO","Lower middle income",0.61,37729
"MDA",2022,"D","DTP3",1.51954173879687,1.46031591023273,"EURO","Lower middle income",0.88,37729
"MDA",2022,"P","DTP3",53.0844677500107,51.0154416047533,"EURO","Lower middle income",0.88,37729
"MDA",2022,"T","DTP3",5.52050914510784,5.30534116395466,"EURO","Lower middle income",0.88,37729
"MDA",2022,"TB","BCG",5.99501598025537,5.92365663012274,"EURO","Lower middle income",0.93,37729
"MDA",2022,"Rubella","Rubella",6.85182157515365,5.93353620941141,"EURO","Lower middle income",0.84,37729
"MDG",2019,"HepB","HepB",4132.59681919601,4132.59681919601,"AFRO","Low income",0.7,833857
"MDG",2019,"Hib","Hib3",1563.00617152307,1563.00617152307,"AFRO","Low income",0.7,833857
"MDG",2019,"Measles","MCV1",8115.88934664227,8115.88934664227,"AFRO","Low income",0.6,833857
"MDG",2019,"PCV","PCV3",1419.1657623525,1419.1657623525,"AFRO","Low income",0.69,833857
"MDG",2019,"Rota","Rota",570.669887413423,570.669887413423,"AFRO","Low income",0.67,833857
"MDG",2019,"D","DTP3",158.068888786619,158.068888786619,"AFRO","Low income",0.7,833857
"MDG",2019,"P","DTP3",4944.7267181231,4944.7267181231,"AFRO","Low income",0.7,833857
"MDG",2019,"T","DTP3",458.364565079496,458.364565079496,"AFRO","Low income",0.7,833857
"MDG",2019,"TB","BCG",1534.66065588991,1534.66065588991,"AFRO","Low income",0.79,833857
"MDG",2020,"HepB","HepB",4190.25990050533,4070.53818906232,"AFRO","Low income",0.68,845492
"MDG",2020,"Hib","Hib3",1584.81515892219,1539.53472581013,"AFRO","Low income",0.68,845492
"MDG",2020,"Measles","MCV1",8229.13223187101,7543.37121254843,"AFRO","Low income",0.55,845492
"MDG",2020,"PCV","PCV3",1438.96771118182,1397.25850216206,"AFRO","Low income",0.67,845492
"MDG",2020,"Rota","Rota",578.632576627587,561.359962399898,"AFRO","Low income",0.65,845492
"MDG",2020,"D","DTP3",160.274460630511,155.695190326782,"AFRO","Low income",0.68,845492
"MDG",2020,"P","DTP3",5013.72163615504,4870.47244655061,"AFRO","Low income",0.68,845492
"MDG",2020,"T","DTP3",464.76023209998,451.481368325695,"AFRO","Low income",0.68,845492
"MDG",2020,"TB","BCG",1556.07413173922,1477.28556810686,"AFRO","Low income",0.75,845492
"MDG",2021,"HepB","HepB",4250.11353462416,3460.80673533682,"AFRO","Low income",0.57,857569
"MDG",2021,"Hib","Hib3",1607.45264416664,1308.9257245357,"AFRO","Low income",0.57,857569
"MDG",2021,"Measles","MCV1",8346.67708145481,6120.8965264002,"AFRO","Low income",0.44,857569
"MDG",2021,"PCV","PCV3",1459.52191281583,1205.69201493482,"AFRO","Low income",0.57,857569
"MDG",2021,"Rota","Rota",586.897759063294,464.262406423203,"AFRO","Low income",0.53,857569
"MDG",2021,"D","DTP3",162.56381956121,132.373395928414,"AFRO","Low income",0.57,857569
"MDG",2021,"P","DTP3",5085.33759017926,4140.91775200311,"AFRO","Low income",0.57,857569
"MDG",2021,"T","DTP3",471.398863007276,383.853359877354,"AFRO","Low income",0.57,857569
"MDG",2021,"TB","BCG",1578.3010804141,1038.88172381687,"AFRO","Low income",0.52,857569
"MDG",2022,"HPV","HPV",9009.10793030504,0,"AFRO","Low income",0,360802
"MDG",2022,"HepB","HepB",4452.03303652166,3503.31776144672,"AFRO","Low income",0.57,868103
"MDG",2022,"Hib","Hib3",1683.82143633884,1325.00399180312,"AFRO","Low income",0.57,868103
"MDG",2022,"Measles","MCV1",9069.37917240433,6196.08292424002,"AFRO","Low income",0.44,868103
"MDG",2022,"PCV","PCV3",1533.56429605593,1220.50220476831,"AFRO","Low income",0.57,868103
"MDG",2022,"Rota","Rota",620.698665831937,469.965201404437,"AFRO","Low income",0.53,868103
"MDG",2022,"D","DTP3",170.287096881909,133.999412438701,"AFRO","Low income",0.57,868103
"MDG",2022,"P","DTP3",5326.93792034089,4191.78296238222,"AFRO","Low income",0.57,868103
"MDG",2022,"T","DTP3",493.794646752356,388.568445535707,"AFRO","Low income",0.57,868103
"MDG",2022,"TB","BCG",1616.39717232886,1274.10580841146,"AFRO","Low income",0.63,868103
"MDV",2019,"HepB","HepB",50.6393960497293,50.6393960497293,"SEARO","Upper middle income",0.98,7597
"MDV",2019,"HepB","HepB_BD",28.0620756286584,28.0620756286584,"SEARO","Upper middle income",0.99,7597
"MDV",2019,"Hib","Hib3",2.27097897321402,2.27097897321402,"SEARO","Upper middle income",0.98,7597
"MDV",2019,"Measles","MCV1",42.5475597339376,42.5475597339376,"SEARO","Upper middle income",0.99,7597
"MDV",2019,"Measles","MCV2",5.13975486137989,5.13975486137989,"SEARO","Upper middle income",0.96,7597
"MDV",2019,"D","DTP3",0.122763177809705,0.122763177809705,"SEARO","Upper middle income",0.98,7597
"MDV",2019,"P","DTP3",4.73491785674219,4.73491785674219,"SEARO","Upper middle income",0.98,7597
"MDV",2019,"T","DTP3",0.736171022590634,0.736171022590634,"SEARO","Upper middle income",0.98,7597
"MDV",2019,"TB","BCG",0.381723687236214,0.381723687236214,"SEARO","Upper middle income",0.99,7597
"MDV",2019,"Rubella","Rubella",2.72899788302142,2.72899788302142,"SEARO","Upper middle income",0.99,7597
"MDV",2020,"HepB","HepB",50.3327734068061,50.846373135447,"SEARO","Upper middle income",0.99,7551
"MDV",2020,"HepB","HepB_BD",27.8921591512439,27.8921591512439,"SEARO","Upper middle income",0.99,7551
"MDV",2020,"Hib","Hib3",2.25722814620759,2.28026108647502,"SEARO","Upper middle income",0.99,7551
"MDV",2020,"Measles","MCV1",42.2899333356539,41.8627622918594,"SEARO","Upper middle income",0.98,7551
"MDV",2020,"Measles","MCV2",5.10863353406338,5.16184846670988,"SEARO","Upper middle income",0.97,7551
"MDV",2020,"D","DTP3",0.122019844101762,0.12326494455178,"SEARO","Upper middle income",0.99,7551
"MDV",2020,"P","DTP3",4.70624782628146,4.75427076328433,"SEARO","Upper middle income",0.99,7551
"MDV",2020,"T","DTP3",0.731713491059876,0.739179955254365,"SEARO","Upper middle income",0.99,7551
"MDV",2020,"TB","BCG",0.379412342019304,0.379412342019304,"SEARO","Upper middle income",0.99,7551
"MDV",2020,"Rubella","Rubella",2.71247374156835,2.68507501690604,"SEARO","Upper middle income",0.98,7551
"MDV",2021,"HepB","HepB",49.7728537979898,48.7570812715002,"SEARO","Upper middle income",0.96,7467
"MDV",2021,"HepB","HepB_BD",27.5818768881391,27.5818768881391,"SEARO","Upper middle income",0.99,7467
"MDV",2021,"Hib","Hib3",2.23211794036977,2.18656451301528,"SEARO","Upper middle income",0.96,7467
"MDV",2021,"Measles","MCV1",41.8194851300924,40.9746470466562,"SEARO","Upper middle income",0.97,7467
"MDV",2021,"Measles","MCV2",5.05180328418107,5.15704918593485,"SEARO","Upper middle income",0.98,7467
"MDV",2021,"D","DTP3",0.120662452113343,0.118199953090622,"SEARO","Upper middle income",0.96,7467
"MDV",2021,"P","DTP3",4.65389385761404,4.55891643194845,"SEARO","Upper middle income",0.96,7467
"MDV",2021,"T","DTP3",0.723573650873275,0.708806841671779,"SEARO","Upper middle income",0.96,7467
"MDV",2021,"TB","BCG",0.375191624666686,0.375191624666686,"SEARO","Upper middle income",0.99,7467
"MDV",2021,"Rubella","Rubella",2.68229922239317,2.62811135931452,"SEARO","Upper middle income",0.97,7467
"MDV",2022,"HepB","HepB",48.7796630633038,49.277414727215,"SEARO","Upper middle income",0.99,7318
"MDV",2022,"HepB","HepB_BD",27.0314952547746,27.0314952547746,"SEARO","Upper middle income",0.99,7318
"MDV",2022,"Hib","Hib3",2.18757721810981,2.20989943462113,"SEARO","Upper middle income",0.99,7318
"MDV",2022,"Measles","MCV1",40.9849996226083,40.5710097274304,"SEARO","Upper middle income",0.98,7318
"MDV",2022,"Measles","MCV2",4.96628866633695,5.05414302165143,"SEARO","Upper middle income",0.98,7318
"MDV",2022,"D","DTP3",0.118254697276744,0.1194613778612,"SEARO","Upper middle income",0.99,7318
"MDV",2022,"P","DTP3",4.56102788938256,4.60756899029463,"SEARO","Upper middle income",0.99,7318
"MDV",2022,"T","DTP3",0.709135124827993,0.71637119753032,"SEARO","Upper middle income",0.99,7318
"MDV",2022,"TB","BCG",0.367704876029303,0.367704876029303,"SEARO","Upper middle income",0.99,7318
"MDV",2022,"Rubella","Rubella",2.62877537290388,2.60222208630889,"SEARO","Upper middle income",0.98,7318
"MEX",2019,"HPV","HPV",15394.6450166562,15394.6450166562,"PAHO","Upper middle income",0.85,1080959
"MEX",2019,"HepB","HepB",12705.777921183,12705.777921183,"PAHO","Upper middle income",0.56,1990424
"MEX",2019,"Hib","Hib3",788.594186260718,788.594186260718,"PAHO","Upper middle income",0.82,1990424
"MEX",2019,"Measles","MCV1",9174.18285911186,9174.18285911186,"PAHO","Upper middle income",0.73,1990424
"MEX",2019,"Measles","MCV2",1098.84400276206,1098.84400276206,"PAHO","Upper middle income",0.55,1990424
"MEX",2019,"PCV","PCV3",954.742260318978,954.742260318978,"PAHO","Upper middle income",0.86,1990424
"MEX",2019,"Rota","Rota",203.91489607494,203.91489607494,"PAHO","Upper middle income",0.71,1990424
"MEX",2019,"D","DTP3",85.5432818233154,85.5432818233154,"PAHO","Upper middle income",0.82,1990424
"MEX",2019,"P","DTP3",2578.42726349135,2578.42726349135,"PAHO","Upper middle income",0.82,1990424
"MEX",2019,"T","DTP3",328.136059244908,328.136059244908,"PAHO","Upper middle income",0.82,1990424
"MEX",2019,"TB","BCG",277.109283199756,277.109283199756,"PAHO","Upper middle income",0.76,1990424
"MEX",2019,"Rubella","Rubella",1630.11687377223,1630.11687377223,"PAHO","Upper middle income",0.73,1990424
"MEX",2020,"HPV","HPV",17189.7034093726,904.721232072245,"PAHO","Upper middle income",0.05,1079949
"MEX",2020,"HepB","HepB",12409.7772086689,17063.4436619197,"PAHO","Upper middle income",0.77,1944054
"MEX",2020,"Hib","Hib3",770.222667219092,676.293073655788,"PAHO","Upper middle income",0.72,1944054
"MEX",2020,"Measles","MCV1",8960.45610582863,11292.6296128251,"PAHO","Upper middle income",0.92,1944054
"MEX",2020,"Measles","MCV2",1073.24473526525,1541.56971065372,"PAHO","Upper middle income",0.79,1944054
"MEX",2020,"PCV","PCV3",932.500065384135,834.912849239283,"PAHO","Upper middle income",0.77,1944054
"MEX",2020,"Rota","Rota",199.164383756462,193.554119425294,"PAHO","Upper middle income",0.69,1944054
"MEX",2020,"D","DTP3",83.5504190070777,73.3613435184097,"PAHO","Upper middle income",0.72,1944054
"MEX",2020,"P","DTP3",2518.35881967832,2211.24189044926,"PAHO","Upper middle income",0.72,1944054
"MEX",2020,"T","DTP3",320.491623151299,281.407278864555,"PAHO","Upper middle income",0.72,1944054
"MEX",2020,"TB","BCG",270.653594631907,99.7144822328079,"PAHO","Upper middle income",0.28,1944054
"MEX",2020,"Rubella","Rubella",1592.14078453857,2006.53359147327,"PAHO","Upper middle income",0.92,1944054
"MEX",2021,"HPV","HPV",17174.9482171733,180.788928601824,"PAHO","Upper middle income",0.01,1079022
"MEX",2021,"HepB","HepB",12390.1480908992,17700.2115584274,"PAHO","Upper middle income",0.8,1940979
"MEX",2021,"Hib","Hib3",769.004370452799,731.491962138029,"PAHO","Upper middle income",0.78,1940979
"MEX",2021,"Measles","MCV1",8946.28293855786,12132.6302865374,"PAHO","Upper middle income",0.99,1940979
"MEX",2021,"Measles","MCV2",1071.54713449853,1889.81949175195,"PAHO","Upper middle income",0.97,1940979
"MEX",2021,"PCV","PCV3",931.02508696221,898.547467649575,"PAHO","Upper middle income",0.83,1940979
"MEX",2021,"Rota","Rota",198.849356252056,215.653527202934,"PAHO","Upper middle income",0.77,1940979
"MEX",2021,"D","DTP3",83.4182634504693,79.3490798675196,"PAHO","Upper middle income",0.78,1940979
"MEX",2021,"P","DTP3",2514.37541522016,2391.72295594113,"PAHO","Upper middle income",0.78,1940979
"MEX",2021,"T","DTP3",319.984686748714,304.375677639021,"PAHO","Upper middle income",0.78,1940979
"MEX",2021,"TB","BCG",270.225489340854,352.004255851902,"PAHO","Upper middle income",0.99,1940979
"MEX",2021,"Rubella","Rubella",1589.62242192495,2155.78931192562,"PAHO","Upper middle income",0.99,1940979
"MEX",2022,"HPV","HPV",17092.1313185615,14393.3737419465,"PAHO","Upper middle income",0.8,1073819
"MEX",2022,"HepB","HepB",13226.868223694,17626.9712391784,"PAHO","Upper middle income",0.83,1863082
"MEX",2022,"Hib","Hib3",746.770108812867,747.143773162367,"PAHO","Upper middle income",0.83,1863082
"MEX",2022,"Measles","MCV1",8888.83205839872,10116.4782847308,"PAHO","Upper middle income",0.86,1863082
"MEX",2022,"Measles","MCV2",1150.47618373948,1533.46396686447,"PAHO","Upper middle income",0.82,1863082
"MEX",2022,"PCV","PCV3",897.506881112349,872.877605805238,"PAHO","Upper middle income",0.84,1863082
"MEX",2022,"Rota","Rota",198.829762226693,225.816805812453,"PAHO","Upper middle income",0.84,1863082
"MEX",2022,"D","DTP3",81.0063870471993,81.046920537445,"PAHO","Upper middle income",0.83,1863082
"MEX",2022,"P","DTP3",2441.67715368739,2442.89890546154,"PAHO","Upper middle income",0.83,1863082
"MEX",2022,"T","DTP3",310.732953573578,310.888436265768,"PAHO","Upper middle income",0.83,1863082
"MEX",2022,"TB","BCG",266.181814111135,324.225716205673,"PAHO","Upper middle income",0.95,1863082
"MEX",2022,"Rubella","Rubella",1579.41424855424,1797.54886166357,"PAHO","Upper middle income",0.86,1863082
"MKD",2019,"HepB","HepB",76.6555259220592,76.6555259220592,"EURO","Upper middle income",0.92,21595
"MKD",2019,"HepB","HepB_BD",43.7312869371909,43.7312869371909,"EURO","Upper middle income",0.98,21595
"MKD",2019,"Hib","Hib3",2.4893782736979,2.4893782736979,"EURO","Upper middle income",0.92,21595
"MKD",2019,"Measles","MCV1",95.3606906753874,95.3606906753874,"EURO","Upper middle income",0.75,21595
"MKD",2019,"Measles","MCV2",18.1158325882077,18.1158325882077,"EURO","Upper middle income",0.94,23015
"MKD",2019,"D","DTP3",0.451769971594459,0.451769971594459,"EURO","Upper middle income",0.92,21595
"MKD",2019,"P","DTP3",13.3826308710386,13.3826308710386,"EURO","Upper middle income",0.92,21595
"MKD",2019,"T","DTP3",1.72652057094305,1.72652057094305,"EURO","Upper middle income",0.92,21595
"MKD",2019,"TB","BCG",1.22161561229077,1.22161561229077,"EURO","Upper middle income",0.93,21595
"MKD",2019,"Rubella","Rubella",8.24362811119307,8.24362811119307,"EURO","Upper middle income",0.75,21595
"MKD",2020,"HPV","HPV",20.1729949678048,0,"EURO","Upper middle income",0,10936
"MKD",2020,"HepB","HepB",72.2148654484081,65.9353119311552,"EURO","Upper middle income",0.84,20344
"MKD",2020,"HepB","HepB_BD",41.1979301435616,40.7775431012803,"EURO","Upper middle income",0.97,20344
"MKD",2020,"Hib","Hib3",2.34516840009771,2.14124071313269,"EURO","Upper middle income",0.84,20344
"MKD",2020,"Measles","MCV1",89.8364385783784,75.4626084058378,"EURO","Upper middle income",0.63,20344
"MKD",2020,"Measles","MCV2",17.2893444623064,12.507185355711,"EURO","Upper middle income",0.68,21965
"MKD",2020,"D","DTP3",0.425598902621795,0.388590302393813,"EURO","Upper middle income",0.84,20344
"MKD",2020,"P","DTP3",12.6073740421583,11.5110806471881,"EURO","Upper middle income",0.84,20344
"MKD",2020,"T","DTP3",1.6265031023508,1.48506804997247,"EURO","Upper middle income",0.84,20344
"MKD",2020,"TB","BCG",1.1508473265313,1.1508473265313,"EURO","Upper middle income",0.93,20344
"MKD",2020,"Rubella","Rubella",7.76607410484426,6.52350224806918,"EURO","Upper middle income",0.63,20344
"MKD",2021,"HPV","HPV",20.4164875917761,0,"EURO","Upper middle income",0,11068
"MKD",2021,"HepB","HepB",71.7143593518575,61.5808085738776,"EURO","Upper middle income",0.79,20203
"MKD",2021,"HepB","HepB_BD",40.9123959246153,40.4949224968131,"EURO","Upper middle income",0.97,20203
"MKD",2021,"Hib","Hib3",2.32891452945213,2.05045735745241,"EURO","Upper middle income",0.81,20203
"MKD",2021,"Measles","MCV1",89.213801051857,83.2662143150665,"EURO","Upper middle income",0.7,20203
"MKD",2021,"Measles","MCV2",16.9516650280096,14.4269489600082,"EURO","Upper middle income",0.8,21536
"MKD",2021,"D","DTP3",0.422649165831111,0.372115026438261,"EURO","Upper middle income",0.81,20203
"MKD",2021,"P","DTP3",12.5199949751143,11.0230390541767,"EURO","Upper middle income",0.81,20203
"MKD",2021,"T","DTP3",1.61523015025527,1.42210480620301,"EURO","Upper middle income",0.81,20203
"MKD",2021,"TB","BCG",1.14287104492292,1.14287104492292,"EURO","Upper middle income",0.93,20203
"MKD",2021,"Rubella","Rubella",7.71224907295363,7.19809913475672,"EURO","Upper middle income",0.7,20203
"MKD",2022,"HPV","HPV",24.1024494191963,0,"EURO","Upper middle income",0,11407
"MKD",2022,"HepB","HepB",71.2556105008057,64.8819804143628,"EURO","Upper middle income",0.84,20019
"MKD",2022,"HepB","HepB_BD",40.5397838942174,40.1261126299907,"EURO","Upper middle income",0.97,20019
"MKD",2022,"Hib","Hib3",2.31401671994452,2.10703390858255,"EURO","Upper middle income",0.84,20019
"MKD",2022,"Measles","MCV1",92.7222025906468,83.6865461639399,"EURO","Upper middle income",0.71,20019
"MKD",2022,"Measles","MCV2",15.9764090394461,15.1266000479862,"EURO","Upper middle income",0.89,20297
"MKD",2022,"D","DTP3",0.419945525709728,0.382382484448572,"EURO","Upper middle income",0.84,20019
"MKD",2022,"P","DTP3",12.4399059474507,11.3271885310685,"EURO","Upper middle income",0.84,20019
"MKD",2022,"T","DTP3",1.6048977010455,1.4613437520841,"EURO","Upper middle income",0.84,20019
"MKD",2022,"TB","BCG",1.13390981107484,1.13246228027085,"EURO","Upper middle income",0.93,20019
"MKD",2022,"Rubella","Rubella",8.01553921636264,7.23443548489074,"EURO","Upper middle income",0.71,20019
"MLI",2019,"HepB","HepB",9735.31894436263,9735.31894436263,"AFRO","Low income",0.77,815455
"MLI",2019,"Hib","Hib3",3483.47900022474,3483.47900022474,"AFRO","Low income",0.77,815455
"MLI",2019,"Measles","MCV1",16649.3664034999,16649.3664034999,"AFRO","Low income",0.7,815455
"MLI",2019,"MenA","MenA",702.573566786916,702.573566786916,"AFRO","Low income",0.65,815455
"MLI",2019,"PCV","PCV3",3274.34320383321,3274.34320383321,"AFRO","Low income",0.74,815455
"MLI",2019,"Rota","Rota",542.994174255626,542.994174255626,"AFRO","Low income",0.63,815455
"MLI",2019,"YF","YF",3198.60396772569,3198.60396772569,"AFRO","Low income",0.66,815455
"MLI",2019,"D","DTP3",19.6201243223595,19.6201243223595,"AFRO","Low income",0.77,815455
"MLI",2019,"P","DTP3",1740.99349147453,1740.99349147453,"AFRO","Low income",0.77,815455
"MLI",2019,"T","DTP3",147.024114244356,147.024114244356,"AFRO","Low income",0.77,815455
"MLI",2019,"TB","BCG",346.948995784814,346.948995784814,"AFRO","Low income",0.83,815455
"MLI",2020,"HepB","HepB",9931.88653720213,9028.98776109284,"AFRO","Low income",0.7,831920
"MLI",2020,"Hib","Hib3",3553.81455735383,3230.7405066853,"AFRO","Low income",0.7,831920
"MLI",2020,"Measles","MCV1",16985.5367842489,15044.3325803347,"AFRO","Low income",0.62,831920
"MLI",2020,"MenA","MenA",716.759357268483,713.451237158013,"AFRO","Low income",0.647,831920
"MLI",2020,"PCV","PCV3",3340.45606211615,2979.32567702251,"AFRO","Low income",0.66,831920
"MLI",2020,"Rota","Rota",553.957868241338,597.922778419222,"AFRO","Low income",0.68,831920
"MLI",2020,"YF","YF",3263.18756133736,2867.64967511465,"AFRO","Low income",0.58,831920
"MLI",2020,"D","DTP3",20.0162778157682,18.1966161961529,"AFRO","Low income",0.7,831920
"MLI",2020,"P","DTP3",1776.14620724318,1614.67837022108,"AFRO","Low income",0.7,831920
"MLI",2020,"T","DTP3",149.992704836152,136.357004396502,"AFRO","Low income",0.7,831920
"MLI",2020,"TB","BCG",353.954305968204,332.631757415903,"AFRO","Low income",0.78,831920
"MLI",2021,"HepB","HepB",10166.4902278726,10166.4902278726,"AFRO","Low income",0.77,851571
"MLI",2021,"Hib","Hib3",3637.7601409034,3637.7601409034,"AFRO","Low income",0.77,851571
"MLI",2021,"Measles","MCV1",17386.7565930613,17386.7565930613,"AFRO","Low income",0.7,851571
"MLI",2021,"MenA","MenA",733.690117593614,1004.59108408972,"AFRO","Low income",0.89,851571
"MLI",2021,"PCV","PCV3",3419.36184882238,3557.98462647734,"AFRO","Low income",0.77,851571
"MLI",2021,"Rota","Rota",567.043051995558,630.04783555062,"AFRO","Low income",0.7,851571
"MLI",2021,"YF","YF",3340.26816856863,3340.26816856863,"AFRO","Low income",0.66,851571
"MLI",2021,"D","DTP3",20.4890875515093,20.4890875515093,"AFRO","Low income",0.77,851571
"MLI",2021,"P","DTP3",1818.10102155049,1818.10102155049,"AFRO","Low income",0.77,851571
"MLI",2021,"T","DTP3",153.535721764145,153.535721764145,"AFRO","Low income",0.77,851571
"MLI",2021,"TB","BCG",362.315153245083,362.315153245083,"AFRO","Low income",0.83,851571
"MLI",2022,"HPV","HPV",6162.19383103476,0,"AFRO","Low income",0,315918
"MLI",2022,"HepB","HepB",10633.462296259,10416.4826599442,"AFRO","Low income",0.77,872511
"MLI",2022,"Hib","Hib3",3804.85147126578,3727.21210362937,"AFRO","Low income",0.77,872511
"MLI",2022,"Measles","MCV1",18553.3248171886,17814.294265268,"AFRO","Low income",0.7,872511
"MLI",2022,"MenA","MenA",797.122126756835,1067.22734965289,"AFRO","Low income",0.9228,872511
"MLI",2022,"PCV","PCV3",3604.77827996993,3645.4749215654,"AFRO","Low income",0.77,872511
"MLI",2022,"Rota","Rota",621.114126337621,645.54061498584,"AFRO","Low income",0.7,872511
"MLI",2022,"YF","YF",3615.05906992523,3422.40484942064,"AFRO","Low income",0.66,872511
"MLI",2022,"D","DTP3",21.4302020737116,20.992911065143,"AFRO","Low income",0.77,872511
"MLI",2022,"P","DTP3",1901.61090308672,1862.80784622074,"AFRO","Low income",0.77,872511
"MLI",2022,"T","DTP3",160.587997619074,157.311141563247,"AFRO","Low income",0.77,872511
"MLI",2022,"TB","BCG",374.110784063821,371.224427174036,"AFRO","Low income",0.83,872511
"MLT",2019,"HPV","HPV",11.6577190231195,11.6577190231195,"EURO","High income",0.82,2149
"MLT",2019,"HepB","HepB",28.9315256216414,28.9315256216414,"EURO","High income",0.98,4570
"MLT",2019,"Hib","Hib3",0.674160116150103,0.674160116150103,"EURO","High income",0.98,4570
"MLT",2019,"Measles","MCV1",12.2064525313428,12.2064525313428,"EURO","High income",0.96,4570
"MLT",2019,"Measles","MCV2",1.97428565231078,1.97428565231078,"EURO","High income",0.95,4570
"MLT",2019,"D","DTP3",0.0255942861107019,0.0255942861107019,"EURO","High income",0.98,4570
"MLT",2019,"P","DTP3",0.990130298804077,0.990130298804077,"EURO","High income",0.98,4570
"MLT",2019,"T","DTP3",0.151656489600541,0.151656489600541,"EURO","High income",0.98,4570
"MLT",2019,"Rubella","Rubella",1.89339475003766,1.89339475003766,"EURO","High income",0.96,4570
"MLT",2020,"HPV","HPV",10.8139769058507,0,"EURO","High income",0,1946
"MLT",2020,"HepB","HepB",27.8679596906926,27.8679596906926,"EURO","High income",0.98,4402
"MLT",2020,"Hib","Hib3",0.649376987153775,0.649376987153775,"EURO","High income",0.98,4402
"MLT",2020,"Measles","MCV1",11.7577251735166,11.6352488696258,"EURO","High income",0.95,4402
"MLT",2020,"Measles","MCV2",1.9017079740639,1.98177988876133,"EURO","High income",0.99,4402
"MLT",2020,"D","DTP3",0.0246534020698709,0.0246534020698709,"EURO","High income",0.98,4402
"MLT",2020,"P","DTP3",0.95373163574082,0.95373163574082,"EURO","High income",0.98,4402
"MLT",2020,"T","DTP3",0.146081371383279,0.146081371383279,"EURO","High income",0.98,4402
"MLT",2020,"Rubella","Rubella",1.82379074172118,1.80479292149492,"EURO","High income",0.95,4402
"MLT",2021,"HPV","HPV",11.7864568434272,0,"EURO","High income",0,2121
"MLT",2021,"HepB","HepB",29.0708021125989,29.3674429504826,"EURO","High income",0.99,4592
"MLT",2021,"Hib","Hib3",0.677405525899622,0.684317827184312,"EURO","High income",0.99,4592
"MLT",2021,"Measles","MCV1",12.2652144472486,11.4986385442956,"EURO","High income",0.9,4592
"MLT",2021,"Measles","MCV2",1.9837898720812,1.94202587477423,"EURO","High income",0.93,4592
"MLT",2021,"D","DTP3",0.0257174971160488,0.0259799205560085,"EURO","High income",0.99,4592
"MLT",2021,"P","DTP3",0.994896790395694,1.00504879846096,"EURO","High income",0.99,4592
"MLT",2021,"T","DTP3",0.152386564605183,0.153941529550134,"EURO","High income",0.99,4592
"MLT",2021,"Rubella","Rubella",1.90250956065054,1.78360271310988,"EURO","High income",0.9,4592
"MLT",2022,"HPV","HPV",12.1976769313167,0,"EURO","High income",0,2195
"MLT",2022,"HepB","HepB",30.0848492419935,30.039406799713,"EURO","High income",0.98,4745
"MLT",2022,"Hib","Hib3",0.701034771708318,0.699975875521277,"EURO","High income",0.98,4745
"MLT",2022,"Measles","MCV1",12.7492632033571,12.6738768624117,"EURO","High income",0.96,4745
"MLT",2022,"Measles","MCV2",2.06755408198445,2.0498874004846,"EURO","High income",0.95,4745
"MLT",2022,"D","DTP3",0.0266145743285982,0.0265743736532343,"EURO","High income",0.98,4745
"MLT",2022,"P","DTP3",1.02960076005009,1.0280455728283,"EURO","High income",0.98,4745
"MLT",2022,"T","DTP3",0.157702109659553,0.15746390441019,"EURO","High income",0.98,4745
"MLT",2022,"Rubella","Rubella",1.97759242122979,1.96589892536733,"EURO","High income",0.96,4745
"MMR",2019,"HepB","HepB",11197.9460642862,11197.9460642862,"SEARO","Lower middle income",0.9,910895
"MMR",2019,"HepB","HepB_BD",640.754493365101,640.754493365101,"SEARO","Lower middle income",0.17,910895
"MMR",2019,"Hib","Hib3",1583.41702157168,1583.41702157168,"SEARO","Lower middle income",0.9,910895
"MMR",2019,"JE","JE",400.424261438137,400.424261438137,"SEARO","Lower middle income",0.84,910895
"MMR",2019,"Measles","MCV1",9649.99519993404,9649.99519993404,"SEARO","Lower middle income",0.84,910895
"MMR",2019,"Measles","MCV2",1017.01302035254,1017.01302035254,"SEARO","Lower middle income",0.8,906127
"MMR",2019,"PCV","PCV3",1471.08251666281,1471.08251666281,"SEARO","Lower middle income",0.9,910895
"MMR",2019,"D","DTP3",146.666657386534,146.666657386534,"SEARO","Lower middle income",0.9,910895
"MMR",2019,"P","DTP3",4951.17858846815,4951.17858846815,"SEARO","Lower middle income",0.9,910895
"MMR",2019,"T","DTP3",460.997074633698,460.997074633698,"SEARO","Lower middle income",0.9,910895
"MMR",2019,"TB","BCG",1188.12257328909,1188.12257328909,"SEARO","Lower middle income",0.91,910895
"MMR",2019,"Rubella","Rubella",256.757479954732,256.757479954732,"SEARO","Lower middle income",0.84,910895
"MMR",2020,"HPV","HPV",3791.18851986203,0,"SEARO","Lower middle income",0,433251
"MMR",2020,"HepB","HepB",11158.4475483161,10414.551045095,"SEARO","Lower middle income",0.84,907682
"MMR",2020,"HepB","HepB_BD",638.494359993876,788.728327051258,"SEARO","Lower middle income",0.21,907682
"MMR",2020,"Hib","Hib3",1577.83183459589,1472.64304562283,"SEARO","Lower middle income",0.84,907682
"MMR",2020,"JE","JE",399.011844911533,412.217236921701,"SEARO","Lower middle income",0.8678,907682
"MMR",2020,"Measles","MCV1",9615.95677116082,10417.2865020909,"SEARO","Lower middle income",0.91,907682
"MMR",2020,"Measles","MCV2",1014.9130593525,1141.77719177156,"SEARO","Lower middle income",0.9,904256
"MMR",2020,"PCV","PCV3",1465.89356719439,1400.74274198575,"SEARO","Lower middle income",0.86,907682
"MMR",2020,"D","DTP3",146.149320075228,136.406032070212,"SEARO","Lower middle income",0.84,907682
"MMR",2020,"P","DTP3",4933.71429587159,4604.80000948015,"SEARO","Lower middle income",0.84,907682
"MMR",2020,"T","DTP3",459.370999618687,428.746266310775,"SEARO","Lower middle income",0.84,907682
"MMR",2020,"TB","BCG",1183.93170844959,1131.89075423202,"SEARO","Lower middle income",0.87,907682
"MMR",2020,"Rubella","Rubella",255.851819276943,277.172804216688,"SEARO","Lower middle income",0.91,907682
"MMR",2021,"HPV","HPV",3395.83038013002,0,"SEARO","Lower middle income",0,431189
"MMR",2021,"HepB","HepB",11060.05161871,4546.91010991412,"SEARO","Lower middle income",0.37,899678
"MMR",2021,"HepB","HepB_BD",632.864074434185,223.363790976771,"SEARO","Lower middle income",0.06,899678
"MMR",2021,"Hib","Hib3",1563.91840896433,642.944234796448,"SEARO","Lower middle income",0.37,899678
"MMR",2021,"JE","JE",395.493332032935,31.9690443393289,"SEARO","Lower middle income",0.0679,899678
"MMR",2021,"Measles","MCV1",9531.16262740081,4992.51375720995,"SEARO","Lower middle income",0.44,899678
"MMR",2021,"Measles","MCV2",1009.6300468313,530.055774586432,"SEARO","Lower middle income",0.42,899549
"MMR",2021,"PCV","PCV3",1452.96722061946,645.763209164204,"SEARO","Lower middle income",0.4,899678
"MMR",2021,"D","DTP3",144.860565690011,59.5537881170045,"SEARO","Lower middle income",0.37,899678
"MMR",2021,"P","DTP3",4890.20847640601,2010.41904030025,"SEARO","Lower middle income",0.37,899678
"MMR",2021,"T","DTP3",455.320235715748,187.187208016474,"SEARO","Lower middle income",0.37,899678
"MMR",2021,"TB","BCG",1173.49172022196,618.984643633562,"SEARO","Lower middle income",0.48,899678
"MMR",2021,"Rubella","Rubella",253.595700987175,132.835843374235,"SEARO","Lower middle income",0.44,899678
"MMR",2022,"HPV","HPV",4025.86889173729,2059.74687484233,"SEARO","Lower middle income",0.44,427972
"MMR",2022,"HepB","HepB",11029.2530582675,8663.45262909111,"SEARO","Lower middle income",0.71,893316
"MMR",2022,"HepB","HepB_BD",1365.48947976227,295.712389395918,"SEARO","Lower middle income",0.08,893316
"MMR",2022,"Hib","Hib3",1559.56341702522,1225.03343735807,"SEARO","Lower middle income",0.71,893316
"MMR",2022,"JE","JE",399.26109359291,298.449441091961,"SEARO","Lower middle income",0.6384,893316
"MMR",2022,"Measles","MCV1",9621.96352152663,8449.78909285479,"SEARO","Lower middle income",0.75,893316
"MMR",2022,"Measles","MCV2",1035.1610254613,805.94505356378,"SEARO","Lower middle income",0.64,897590
"MMR",2022,"PCV","PCV3",1448.92119078994,913.705364491258,"SEARO","Lower middle income",0.57,893316
"MMR",2022,"D","DTP3",144.457177257303,113.47077680503,"SEARO","Lower middle income",0.71,893316
"MMR",2022,"P","DTP3",4876.59087437941,3830.5507914677,"SEARO","Lower middle income",0.71,893316
"MMR",2022,"T","DTP3",454.052320494025,356.657041863794,"SEARO","Lower middle income",0.71,893316
"MMR",2022,"TB","BCG",1168.36686712205,1011.541582726,"SEARO","Lower middle income",0.79,893316
"MMR",2022,"Rubella","Rubella",256.011640919823,224.823588891029,"SEARO","Lower middle income",0.75,893316
"MNE",2019,"HepB","HepB",26.2745880617018,26.2745880617018,"EURO","Upper middle income",0.62,7483
"MNE",2019,"Hib","Hib3",0.902479602353505,0.902479602353505,"EURO","Upper middle income",0.85,7483
"MNE",2019,"Measles","MCV1",5.7269350338864,5.7269350338864,"EURO","Upper middle income",0.33,7483
"MNE",2019,"Measles","MCV2",2.39599461588913,2.39599461588913,"EURO","Upper middle income",0.81,7483
"MNE",2019,"D","DTP3",0.0853704445506578,0.0853704445506578,"EURO","Upper middle income",0.85,7483
"MNE",2019,"P","DTP3",2.4778368242483,2.4778368242483,"EURO","Upper middle income",0.85,7483
"MNE",2019,"T","DTP3",0.33288449105047,0.33288449105047,"EURO","Upper middle income",0.85,7483
"MNE",2019,"TB","BCG",0.17583995214128,0.17583995214128,"EURO","Upper middle income",0.8,7483
"MNE",2019,"Rubella","Rubella",1.50840840179735,1.50840840179735,"EURO","Upper middle income",0.33,7483
"MNE",2020,"HepB","HepB",25.9375092892945,21.7540400490857,"EURO","Upper middle income",0.52,7387
"MNE",2020,"Hib","Hib3",0.89090162001675,0.880420424487141,"EURO","Upper middle income",0.84,7387
"MNE",2020,"Measles","MCV1",5.65346373049831,4.11160998581695,"EURO","Upper middle income",0.24,7387
"MNE",2020,"Measles","MCV2",2.3652562110882,2.21925274126794,"EURO","Upper middle income",0.76,7387
"MNE",2020,"D","DTP3",0.0842752203522263,0.0832837471716118,"EURO","Upper middle income",0.84,7387
"MNE",2020,"P","DTP3",2.44604845927064,2.41727141857334,"EURO","Upper middle income",0.84,7387
"MNE",2020,"T","DTP3",0.328613889534922,0.324747843775688,"EURO","Upper middle income",0.84,7387
"MNE",2020,"TB","BCG",0.173584087460595,0.145376673248249,"EURO","Upper middle income",0.67,7387
"MNE",2020,"Rubella","Rubella",1.48905691087492,1.08295048063631,"EURO","Upper middle income",0.24,7387
"MNE",2021,"HepB","HepB",24.8560482278213,20.4461041874014,"EURO","Upper middle income",0.51,7079
"MNE",2021,"Hib","Hib3",0.853755593352995,0.833667226450571,"EURO","Upper middle income",0.83,7079
"MNE",2021,"Measles","MCV1",5.41774329879485,2.95513270843355,"EURO","Upper middle income",0.18,7079
"MNE",2021,"Measles","MCV2",2.26663716235189,2.21067081266419,"EURO","Upper middle income",0.79,7079
"MNE",2021,"D","DTP3",0.0807613760489251,0.0788611083771857,"EURO","Upper middle income",0.83,7079
"MNE",2021,"P","DTP3",2.34406078830065,2.28890641681122,"EURO","Upper middle income",0.83,7079
"MNE",2021,"T","DTP3",0.314912376339206,0.307502673366518,"EURO","Upper middle income",0.83,7079
"MNE",2021,"TB","BCG",0.166346521610065,0.158029195529562,"EURO","Upper middle income",0.76,7079
"MNE",2021,"Rubella","Rubella",1.42697087749879,0.778347751362976,"EURO","Upper middle income",0.18,7079
"MNE",2022,"HepB","HepB",26.645693297438,17.7323142520885,"EURO","Upper middle income",0.45,6958
"MNE",2022,"Hib","Hib3",0.84733363797024,0.789800010775884,"EURO","Upper middle income",0.8,6958
"MNE",2022,"Measles","MCV1",7.48667609750952,5.32513884348277,"EURO","Upper middle income",0.33,6958
"MNE",2022,"Measles","MCV2",2.26952930837853,1.92534046326399,"EURO","Upper middle income",0.7,6958
"MNE",2022,"D","DTP3",0.0801538884287279,0.0747114703204568,"EURO","Upper middle income",0.8,6958
"MNE",2022,"P","DTP3",2.32642874710041,2.16846513249574,"EURO","Upper middle income",0.8,6958
"MNE",2022,"T","DTP3",0.312543603301497,0.291322013188063,"EURO","Upper middle income",0.8,6958
"MNE",2022,"TB","BCG",0.166973590337686,0.175765931581445,"EURO","Upper middle income",0.86,6958
"MNE",2022,"Rubella","Rubella",1.97190382991915,1.40257993581531,"EURO","Upper middle income",0.33,6958
"MNG",2019,"HPV","HPV",0,0,"WPRO","Lower middle income",0,32383
"MNG",2019,"HepB","HepB",1314.66370643357,1314.66370643357,"WPRO","Lower middle income",0.98,77766
"MNG",2019,"HepB","HepB_BD",528.691246408348,528.691246408348,"WPRO","Lower middle income",0.98,77766
"MNG",2019,"Hib","Hib3",74.3434042237073,74.3434042237073,"WPRO","Lower middle income",0.98,77766
"MNG",2019,"Measles","MCV1",395.633326171452,395.633326171452,"WPRO","Lower middle income",0.98,77766
"MNG",2019,"Measles","MCV2",43.2503382367613,43.2503382367613,"WPRO","Lower middle income",0.98,78595
"MNG",2019,"PCV","PCV3",32.1080823032871,32.1080823032871,"WPRO","Lower middle income",0.49,77766
"MNG",2019,"D","DTP3",10.3317591716994,10.3317591716994,"WPRO","Lower middle income",0.98,77766
"MNG",2019,"P","DTP3",298.391550969495,298.391550969495,"WPRO","Lower middle income",0.98,77766
"MNG",2019,"T","DTP3",26.9797298121642,26.9797298121642,"WPRO","Lower middle income",0.98,77766
"MNG",2019,"TB","BCG",50.9949620842202,50.9949620842202,"WPRO","Lower middle income",0.99,77766
"MNG",2019,"Rubella","Rubella",25.9529258797199,25.9529258797199,"WPRO","Lower middle income",0.98,77766
"MNG",2020,"HepB","HepB",1284.60594250025,1258.38949469412,"WPRO","Lower middle income",0.96,75988
"MNG",2020,"HepB","HepB_BD",516.603534090445,516.603534090445,"WPRO","Lower middle income",0.98,75988
"MNG",2020,"Hib","Hib3",72.6436566128009,71.161133008458,"WPRO","Lower middle income",0.96,75988
"MNG",2020,"Measles","MCV1",386.587778580824,382.643005329999,"WPRO","Lower middle income",0.97,75988
"MNG",2020,"Measles","MCV2",43.0736939391088,42.1946389607596,"WPRO","Lower middle income",0.96,78274
"MNG",2020,"PCV","PCV3",31.3739803778281,58.9062488726569,"WPRO","Lower middle income",0.92,75988
"MNG",2020,"D","DTP3",10.0955393866098,9.88950797055653,"WPRO","Lower middle income",0.96,75988
"MNG",2020,"P","DTP3",291.56928702865,285.61889341582,"WPRO","Lower middle income",0.96,75988
"MNG",2020,"T","DTP3",26.362879779939,25.8248618252463,"WPRO","Lower middle income",0.96,75988
"MNG",2020,"TB","BCG",49.8290406971649,49.8290406971649,"WPRO","Lower middle income",0.99,75988
"MNG",2020,"Rubella","Rubella",25.3595521403719,25.100781200164,"WPRO","Lower middle income",0.97,75988
"MNG",2021,"HPV","HPV",307.592131106159,0,"WPRO","Lower middle income",0,32957
"MNG",2021,"HepB","HepB",1233.09525256502,1195.34743871099,"WPRO","Lower middle income",0.95,72941
"MNG",2021,"HepB","HepB_BD",495.888540033836,495.888540033836,"WPRO","Lower middle income",0.98,72941
"MNG",2021,"Hib","Hib3",69.7307595540652,67.5961444656755,"WPRO","Lower middle income",0.95,72941
"MNG",2021,"Measles","MCV1",371.086213052901,359.726431020669,"WPRO","Lower middle income",0.95,72941
"MNG",2021,"Measles","MCV2",42.8392687964297,41.090727212902,"WPRO","Lower middle income",0.94,77848
"MNG",2021,"PCV","PCV3",30.1159328149071,58.3880330084933,"WPRO","Lower middle income",0.95,72941
"MNG",2021,"D","DTP3",9.69072404062095,9.39406922305092,"WPRO","Lower middle income",0.95,72941
"MNG",2021,"P","DTP3",279.877814459608,271.310126261865,"WPRO","Lower middle income",0.95,72941
"MNG",2021,"T","DTP3",25.3057695166148,24.5311031028409,"WPRO","Lower middle income",0.95,72941
"MNG",2021,"TB","BCG",47.8309740681674,47.8309740681674,"WPRO","Lower middle income",0.99,72941
"MNG",2021,"Rubella","Rubella",24.3426737467872,23.5974898565794,"WPRO","Lower middle income",0.95,72941
"MNG",2022,"HPV","HPV",343.455439276342,0,"WPRO","Lower middle income",0,34528
"MNG",2022,"HepB","HepB",1198.30398250046,1161.62120752596,"WPRO","Lower middle income",0.95,70883
"MNG",2022,"HepB","HepB_BD",481.897250972957,481.897250972957,"WPRO","Lower middle income",0.98,70883
"MNG",2022,"Hib","Hib3",67.7633351540396,65.6889473432017,"WPRO","Lower middle income",0.95,70883
"MNG",2022,"Measles","MCV1",360.616169778709,345.897142440802,"WPRO","Lower middle income",0.94,70883
"MNG",2022,"Measles","MCV2",41.6886045397586,39.5616349203832,"WPRO","Lower middle income",0.93,75757
"MNG",2022,"PCV","PCV3",38.4721135785023,56.1433690403934,"WPRO","Lower middle income",0.94,70883
"MNG",2022,"D","DTP3",9.41730428937545,9.12901946419048,"WPRO","Lower middle income",0.95,70883
"MNG",2022,"P","DTP3",271.981178244614,263.655223808555,"WPRO","Lower middle income",0.95,70883
"MNG",2022,"T","DTP3",24.5917777470313,23.838968224163,"WPRO","Lower middle income",0.95,70883
"MNG",2022,"TB","BCG",46.4814430138593,46.4814430138593,"WPRO","Lower middle income",0.99,70883
"MNG",2022,"Rubella","Rubella",23.6558553240772,22.6903102088087,"WPRO","Lower middle income",0.94,70883
"MOZ",2019,"HepB","HepB",7246.66697327663,7246.66697327663,"AFRO","Low income",0.88,1063626
"MOZ",2019,"Hib","Hib3",2885.76031512312,2885.76031512312,"AFRO","Low income",0.88,1063626
"MOZ",2019,"Measles","MCV1",25406.7214567422,25406.7214567422,"AFRO","Low income",0.87,1063626
"MOZ",2019,"Measles","MCV2",1672.17584237815,1672.17584237815,"AFRO","Low income",0.64,990004
"MOZ",2019,"PCV","PCV3",2328.7728767205,2328.7728767205,"AFRO","Low income",0.8,1063626
"MOZ",2019,"Rota","Rota",633.816818849612,633.816818849612,"AFRO","Low income",0.88,1063626
"MOZ",2019,"D","DTP3",130.756484376879,130.756484376879,"AFRO","Low income",0.88,1063626
"MOZ",2019,"P","DTP3",4560.66344485573,4560.66344485573,"AFRO","Low income",0.88,1063626
"MOZ",2019,"T","DTP3",521.247771964319,521.247771964319,"AFRO","Low income",0.88,1063626
"MOZ",2019,"TB","BCG",1040.86430529072,1040.86430529072,"AFRO","Low income",0.93,1063626
"MOZ",2019,"Rubella","Rubella",191.751989195265,191.751989195265,"AFRO","Low income",0.87,1063626
"MOZ",2020,"HepB","HepB",7385.65568383358,6630.3045343506,"AFRO","Low income",0.79,1084026
"MOZ",2020,"Hib","Hib3",2941.10825737774,2640.31309469138,"AFRO","Low income",0.79,1084026
"MOZ",2020,"Measles","MCV1",25894.0140931741,24108.2200177828,"AFRO","Low income",0.81,1084026
"MOZ",2020,"Measles","MCV2",1714.90905235727,1661.3181444711,"AFRO","Low income",0.62,1015304
"MOZ",2020,"PCV","PCV3",2373.43798145195,1928.41835992971,"AFRO","Low income",0.65,1084026
"MOZ",2020,"Rota","Rota",645.973218847856,579.907776011144,"AFRO","Low income",0.79,1084026
"MOZ",2020,"D","DTP3",133.264351128245,119.635042490129,"AFRO","Low income",0.79,1084026
"MOZ",2020,"P","DTP3",4648.13548321795,4172.75799061611,"AFRO","Low income",0.79,1084026
"MOZ",2020,"T","DTP3",531.245134334242,476.913245595513,"AFRO","Low income",0.79,1084026
"MOZ",2020,"TB","BCG",1060.82774340518,1038.014243547,"AFRO","Low income",0.91,1084026
"MOZ",2020,"Rubella","Rubella",195.429729848073,181.951817444758,"AFRO","Low income",0.81,1084026
"MOZ",2021,"HPV","HPV",8136.4216014455,0,"AFRO","Low income",0,443215
"MOZ",2021,"HepB","HepB",7533.58327616752,5222.14295279794,"AFRO","Low income",0.61,1105738
"MOZ",2021,"Hib","Hib3",3000.01583199697,2079.5564289979,"AFRO","Low income",0.61,1105738
"MOZ",2021,"Measles","MCV1",26412.6463344589,25501.8654263741,"AFRO","Low income",0.84,1105738
"MOZ",2021,"Measles","MCV2",1753.38752099499,1917.76760108827,"AFRO","Low income",0.7,1038085
"MOZ",2021,"PCV","PCV3",2420.9756654681,2118.35370728458,"AFRO","Low income",0.7,1105738
"MOZ",2021,"Rota","Rota",658.911442218536,546.596991840377,"AFRO","Low income",0.73,1105738
"MOZ",2021,"D","DTP3",135.933508133425,94.2266363197603,"AFRO","Low income",0.61,1105738
"MOZ",2021,"P","DTP3",4741.23317424347,3286.53663214604,"AFRO","Low income",0.61,1105738
"MOZ",2021,"T","DTP3",541.885464323251,375.62515140589,"AFRO","Low income",0.61,1105738
"MOZ",2021,"TB","BCG",1082.07510459837,919.182078099692,"AFRO","Low income",0.79,1105738
"MOZ",2021,"Rubella","Rubella",199.34399970365,192.470068679386,"AFRO","Low income",0.84,1105738
"MOZ",2022,"HPV","HPV",8570.55022311908,4033.20010499721,"AFRO","Low income",0.32,453132
"MOZ",2022,"HepB","HepB",7739.94283377684,5322.99291962014,"AFRO","Low income",0.61,1127092
"MOZ",2022,"Hib","Hib3",3082.19212410358,2119.7167997049,"AFRO","Low income",0.61,1127092
"MOZ",2022,"Measles","MCV1",27190.1314693302,25994.3571688255,"AFRO","Low income",0.84,1127092
"MOZ",2022,"Measles","MCV2",1956.89246103516,1957.19869938718,"AFRO","Low income",0.7,1059429
"MOZ",2022,"PCV","PCV3",2535.65417135902,2159.26333059983,"AFRO","Low income",0.7,1127092
"MOZ",2022,"Rota","Rota",676.960313351359,557.152866888317,"AFRO","Low income",0.73,1127092
"MOZ",2022,"D","DTP3",139.656992373844,96.0463400759595,"AFRO","Low income",0.61,1127092
"MOZ",2022,"P","DTP3",4871.10480962509,3350.00619115807,"AFRO","Low income",0.61,1127092
"MOZ",2022,"T","DTP3",556.728765391737,382.879220166411,"AFRO","Low income",0.61,1127092
"MOZ",2022,"TB","BCG",1102.97212702466,936.93331220374,"AFRO","Low income",0.79,1127092
"MOZ",2022,"Rubella","Rubella",205.211908376367,196.187048512384,"AFRO","Low income",0.84,1127092
"MRT",2019,"HepB","HepB",1986.49045961448,1986.49045961448,"AFRO","Lower middle income",0.8,140400
"MRT",2019,"Hib","Hib3",369.680948406974,369.680948406974,"AFRO","Lower middle income",0.8,140400
"MRT",2019,"Measles","MCV1",2992.11056662717,2992.11056662717,"AFRO","Lower middle income",0.75,140400
"MRT",2019,"PCV","PCV3",340.21873962033,340.21873962033,"AFRO","Lower middle income",0.76,140400
"MRT",2019,"Rota","Rota",96.2379925503397,96.2379925503397,"AFRO","Lower middle income",0.75,140400
"MRT",2019,"D","DTP3",14.0471094958391,14.0471094958391,"AFRO","Lower middle income",0.8,140400
"MRT",2019,"P","DTP3",547.385457577961,547.385457577961,"AFRO","Lower middle income",0.8,140400
"MRT",2019,"T","DTP3",49.7542087030828,49.7542087030828,"AFRO","Lower middle income",0.8,140400
"MRT",2019,"TB","BCG",142.68453162315,142.68453162315,"AFRO","Lower middle income",0.9,140400
"MRT",2019,"Rubella","Rubella",63.6011777746184,63.6011777746184,"AFRO","Lower middle income",0.75,140400
"MRT",2020,"HPV","HPV",796.998608106591,0,"AFRO","Lower middle income",0,62343
"MRT",2020,"HepB","HepB",2013.21752854761,1811.89577569285,"AFRO","Lower middle income",0.72,142289
"MRT",2020,"Hib","Hib3",374.654789657265,337.189310691538,"AFRO","Lower middle income",0.72,142289
"MRT",2020,"Measles","MCV1",3032.36766677218,2830.2098223207,"AFRO","Lower middle income",0.7,142289
"MRT",2020,"PCV","PCV3",344.796184058669,317.575432685616,"AFRO","Lower middle income",0.7,142289
"MRT",2020,"Rota","Rota",97.53281853273,92.3310682109844,"AFRO","Lower middle income",0.71,142289
"MRT",2020,"D","DTP3",14.2361051499533,12.812494634958,"AFRO","Lower middle income",0.72,142289
"MRT",2020,"P","DTP3",554.750209211613,499.275188290452,"AFRO","Lower middle income",0.72,142289
"MRT",2020,"T","DTP3",50.4236225224569,45.3812602702112,"AFRO","Lower middle income",0.72,142289
"MRT",2020,"TB","BCG",144.604268661869,131.750555891925,"AFRO","Lower middle income",0.82,142289
"MRT",2020,"Rubella","Rubella",64.4568944755888,60.1597681772162,"AFRO","Lower middle income",0.7,142289
"MRT",2021,"HPV","HPV",724.683745727735,0,"AFRO","Lower middle income",0,63901
"MRT",2021,"HepB","HepB",2049.49503238273,1742.07077752532,"AFRO","Lower middle income",0.68,144853
"MRT",2021,"Hib","Hib3",381.405943159512,324.195051685585,"AFRO","Lower middle income",0.68,144853
"MRT",2021,"Measles","MCV1",3087.00991387212,2593.08832765258,"AFRO","Lower middle income",0.63,144853
"MRT",2021,"PCV","PCV3",351.009295514414,300.205318532064,"AFRO","Lower middle income",0.65,144853
"MRT",2021,"Rota","Rota",99.2903271716122,70.165164534606,"AFRO","Lower middle income",0.53,144853
"MRT",2021,"D","DTP3",14.492634984336,12.3187397366856,"AFRO","Lower middle income",0.68,144853
"MRT",2021,"P","DTP3",564.746621699006,480.034628444155,"AFRO","Lower middle income",0.68,144853
"MRT",2021,"T","DTP3",51.3322392682881,43.6324033780449,"AFRO","Lower middle income",0.68,144853
"MRT",2021,"TB","BCG",147.209989025699,129.217657033669,"AFRO","Lower middle income",0.79,144853
"MRT",2021,"Rubella","Rubella",65.6183860697065,55.1194442985535,"AFRO","Lower middle income",0.63,144853
"MRT",2022,"HPV","HPV",964.770012579235,321.590004193078,"AFRO","Lower middle income",0.24,64985
"MRT",2022,"HepB","HepB",2128.2868034132,1985.08619196407,"AFRO","Lower middle income",0.76,147685
"MRT",2022,"Hib","Hib3",396.068896359328,369.419617679557,"AFRO","Lower middle income",0.76,147685
"MRT",2022,"Measles","MCV1",3248.91740645963,3021.46905321254,"AFRO","Lower middle income",0.72,147685
"MRT",2022,"PCV","PCV3",368.347252521897,343.74530785542,"AFRO","Lower middle income",0.73,147685
"MRT",2022,"Rota","Rota",104.497906142547,97.1822764430559,"AFRO","Lower middle income",0.72,147685
"MRT",2022,"D","DTP3",15.0497968018918,14.0371794700737,"AFRO","Lower middle income",0.76,147685
"MRT",2022,"P","DTP3",586.458011970298,546.998505963541,"AFRO","Lower middle income",0.76,147685
"MRT",2022,"T","DTP3",53.3056805204027,49.7190370135259,"AFRO","Lower middle income",0.76,147685
"MRT",2022,"TB","BCG",150.088070176388,146.752779728024,"AFRO","Lower middle income",0.88,147685
"MRT",2022,"Rubella","Rubella",69.059939110545,64.2252303565437,"AFRO","Lower middle income",0.72,147685
"MUS",2019,"HPV","HPV",31.5451814036265,31.5451814036265,"AFRO","High income",0.77,7722
"MUS",2019,"HepB","HepB",120.884523143743,120.884523143743,"AFRO","High income",0.97,13269
"MUS",2019,"Hib","Hib3",5.0642322494488,5.0642322494488,"AFRO","High income",0.97,13269
"MUS",2019,"Measles","MCV1",71.9118242503253,71.9118242503253,"AFRO","High income",0.99,13269
"MUS",2019,"Measles","MCV2",10.5530641145531,10.5530641145531,"AFRO","High income",0.99,13269
"MUS",2019,"PCV","PCV3",5.84635727070436,5.84635727070436,"AFRO","High income",0.97,13269
"MUS",2019,"Rota","Rota",1.56449941322385,1.56449941322385,"AFRO","High income",0.96,13269
"MUS",2019,"D","DTP3",0.592294336884327,0.592294336884327,"AFRO","High income",0.96,13269
"MUS",2019,"P","DTP3",17.8052098721057,17.8052098721057,"AFRO","High income",0.96,13269
"MUS",2019,"T","DTP3",2.08758347892412,2.08758347892412,"AFRO","High income",0.96,13269
"MUS",2019,"TB","BCG",2.02803495922166,2.02803495922166,"AFRO","High income",0.99,13269
"MUS",2019,"Rubella","Rubella",16.1125483385499,16.1125483385499,"AFRO","High income",0.99,13269
"MUS",2020,"HPV","HPV",32.3532364091574,0,"AFRO","High income",0,8131
"MUS",2020,"HepB","HepB",119.527088977761,114.598136854967,"AFRO","High income",0.93,13120
"MUS",2020,"Hib","Hib3",5.00736506991999,4.80087578868617,"AFRO","High income",0.93,13120
"MUS",2020,"Measles","MCV1",71.1043133743513,63.9220594981542,"AFRO","High income",0.89,13120
"MUS",2020,"Measles","MCV2",10.4345618496448,9.16976647393026,"AFRO","High income",0.87,13120
"MUS",2020,"PCV","PCV3",5.78070746790574,5.12516332206076,"AFRO","High income",0.86,13120
"MUS",2020,"Rota","Rota",1.54693136645542,1.48247589285311,"AFRO","High income",0.92,13120
"MUS",2020,"D","DTP3",0.585643356690208,0.567342001793639,"AFRO","High income",0.93,13120
"MUS",2020,"P","DTP3",17.6052719513171,17.0551072028384,"AFRO","High income",0.93,13120
"MUS",2020,"T","DTP3",2.06414162660973,1.99963720077817,"AFRO","High income",0.93,13120
"MUS",2020,"TB","BCG",2.00526178800122,1.94449627927391,"AFRO","High income",0.96,13120
"MUS",2020,"Rubella","Rubella",15.9316176201503,14.3223633150847,"AFRO","High income",0.89,13120
"MUS",2021,"HPV","HPV",30.7019520517843,0,"AFRO","High income",0,7716
"MUS",2021,"HepB","HepB",121.121390850559,114.878020188159,"AFRO","High income",0.92,13295
"MUS",2021,"Hib","Hib3",5.07415538144712,4.8126009803416,"AFRO","High income",0.92,13295
"MUS",2021,"Measles","MCV1",72.0527321884147,63.3190676807281,"AFRO","High income",0.87,13295
"MUS",2021,"Measles","MCV2",10.573742362121,8.86485470763678,"AFRO","High income",0.83,13295
"MUS",2021,"PCV","PCV3",5.85781294099137,5.67664346858957,"AFRO","High income",0.94,13295
"MUS",2021,"Rota","Rota",1.56756497843177,1.40427695984513,"AFRO","High income",0.86,13295
"MUS",2021,"D","DTP3",0.593454910609475,0.568727622667414,"AFRO","High income",0.92,13295
"MUS",2021,"P","DTP3",17.8400983683506,17.096760936336,"AFRO","High income",0.92,13295
"MUS",2021,"T","DTP3",2.09167400348905,2.00452092001034,"AFRO","High income",0.92,13295
"MUS",2021,"TB","BCG",2.03200880117959,1.94990743547537,"AFRO","High income",0.95,13295
"MUS",2021,"Rubella","Rubella",16.1441201417606,14.1872570942745,"AFRO","High income",0.87,13295
"MUS",2022,"HPV","HPV",29.9021733630326,0,"AFRO","High income",0,7515
"MUS",2022,"HepB","HepB",120.848081958079,118.356368928016,"AFRO","High income",0.95,13265
"MUS",2022,"Hib","Hib3",5.06270561375675,4.95831993099888,"AFRO","High income",0.95,13265
"MUS",2022,"Measles","MCV1",71.8901461060038,71.163983014024,"AFRO","High income",0.98,13265
"MUS",2022,"Measles","MCV2",10.5498828456965,9.91049600656337,"AFRO","High income",0.93,13265
"MUS",2022,"PCV","PCV3",5.84459485989098,5.84459485989098,"AFRO","High income",0.97,13265
"MUS",2022,"Rota","Rota",1.56607791572784,1.44998409494631,"AFRO","High income",0.89,13265
"MUS",2022,"D","DTP3",0.592891932566351,0.58594791429837,"AFRO","High income",0.95,13265
"MUS",2022,"P","DTP3",17.8231744479499,17.6144273860288,"AFRO","High income",0.95,13265
"MUS",2022,"T","DTP3",2.08968974737071,2.06521506154163,"AFRO","High income",0.95,13265
"MUS",2022,"TB","BCG",2.02742359892044,1.986465546417,"AFRO","High income",0.97,13265
"MUS",2022,"Rubella","Rubella",16.107691138056,15.9449871871665,"AFRO","High income",0.98,13265
"MWI",2019,"HepB","HepB",4376.71917423267,4376.71917423267,"AFRO","Low income",0.95,606489
"MWI",2019,"Hib","Hib3",1225.2249044912,1225.2249044912,"AFRO","Low income",0.95,606489
"MWI",2019,"Measles","MCV1",15215.874362413,15215.874362413,"AFRO","Low income",0.92,606489
"MWI",2019,"Measles","MCV2",1209.91140790582,1209.91140790582,"AFRO","Low income",0.75,580790
"MWI",2019,"PCV","PCV3",1010.38491048284,1010.38491048284,"AFRO","Low income",0.95,606489
"MWI",2019,"Rota","Rota",315.413571988213,315.413571988213,"AFRO","Low income",0.92,606489
"MWI",2019,"D","DTP3",108.365088129171,108.365088129171,"AFRO","Low income",0.95,606489
"MWI",2019,"P","DTP3",3303.79378807221,3303.79378807221,"AFRO","Low income",0.95,606489
"MWI",2019,"T","DTP3",353.27241247635,353.27241247635,"AFRO","Low income",0.95,606489
"MWI",2019,"TB","BCG",726.429613112277,726.429613112277,"AFRO","Low income",0.91,606489
"MWI",2019,"Rubella","Rubella",267.689685133519,267.689685133519,"AFRO","Low income",0.92,606489
"MWI",2020,"HPV","HPV",9023.69325685387,9404.97607052375,"AFRO","Low income",0.74,277182
"MWI",2020,"HepB","HepB",4457.85412255968,4410.92934232221,"AFRO","Low income",0.94,617732
"MWI",2020,"Hib","Hib3",1247.93793572704,1234.80174692992,"AFRO","Low income",0.94,617732
"MWI",2020,"Measles","MCV1",15497.9439060595,15161.0320820147,"AFRO","Low income",0.9,617732
"MWI",2020,"Measles","MCV2",1229.01867117364,1229.01867117364,"AFRO","Low income",0.75,589962
"MWI",2020,"PCV","PCV3",1029.11527088271,1007.44968623255,"AFRO","Low income",0.93,617732
"MWI",2020,"Rota","Rota",321.26066037706,317.76869667731,"AFRO","Low income",0.91,617732
"MWI",2020,"D","DTP3",110.373943501381,109.212112517156,"AFRO","Low income",0.94,617732
"MWI",2020,"P","DTP3",3365.03901025975,3329.61754699385,"AFRO","Low income",0.94,617732
"MWI",2020,"T","DTP3",359.821322239711,356.03372937403,"AFRO","Low income",0.94,617732
"MWI",2020,"TB","BCG",739.896053790049,707.37315032675,"AFRO","Low income",0.87,617732
"MWI",2020,"Rubella","Rubella",272.652075432364,266.724856401226,"AFRO","Low income",0.9,617732
"MWI",2021,"HPV","HPV",9259.33638547886,1543.22273091314,"AFRO","Low income",0.12,280470
"MWI",2021,"HepB","HepB",4533.38907801096,4437.94930794757,"AFRO","Low income",0.93,628199
"MWI",2021,"Hib","Hib3",1269.08329710261,1242.36575400572,"AFRO","Low income",0.93,628199
"MWI",2021,"Measles","MCV1",15760.5448055834,15417.9242663316,"AFRO","Low income",0.9,628199
"MWI",2021,"Measles","MCV2",1249.80292385821,1233.13888487344,"AFRO","Low income",0.74,599939
"MWI",2021,"PCV","PCV3",1046.55284824689,1024.52015670485,"AFRO","Low income",0.93,628199
"MWI",2021,"Rota","Rota",326.704178491982,326.704178491982,"AFRO","Low income",0.92,628199
"MWI",2021,"D","DTP3",112.244146221377,109.881111564085,"AFRO","Low income",0.93,628199
"MWI",2021,"P","DTP3",3422.05704286999,3350.0137367043,"AFRO","Low income",0.93,628199
"MWI",2021,"T","DTP3",365.918221509756,358.214680004287,"AFRO","Low income",0.93,628199
"MWI",2021,"TB","BCG",752.433030982456,735.896041290534,"AFRO","Low income",0.89,628199
"MWI",2021,"Rubella","Rubella",277.271957959982,271.244306699983,"AFRO","Low income",0.9,628199
"MWI",2022,"HPV","HPV",11649.524121453,906.074098335234,"AFRO","Low income",0.07,282296
"MWI",2022,"HepB","HepB",4618.36435277778,4168.72873889109,"AFRO","Low income",0.86,638121
"MWI",2022,"Hib","Hib3",1292.87139470852,1166.99977029096,"AFRO","Low income",0.86,638121
"MWI",2022,"Measles","MCV1",16153.2132927518,14269.3124411917,"AFRO","Low income",0.82,638121
"MWI",2022,"Measles","MCV2",1362.74102005453,1018.90627144771,"AFRO","Low income",0.6,611378
"MWI",2022,"PCV","PCV3",1066.16976493051,973.559743708861,"AFRO","Low income",0.87,638121
"MWI",2022,"Rota","Rota",334.843899364738,306.613719677999,"AFRO","Low income",0.85,638121
"MWI",2022,"D","DTP3",114.348085901382,103.215362739315,"AFRO","Low income",0.86,638121
"MWI",2022,"P","DTP3",3486.20115944186,3146.79090968205,"AFRO","Low income",0.86,638121
"MWI",2022,"T","DTP3",372.777108068996,336.484201960648,"AFRO","Low income",0.86,638121
"MWI",2022,"TB","BCG",773.003622767644,705.523594858253,"AFRO","Low income",0.84,638121
"MWI",2022,"Rubella","Rubella",284.180092266848,251.037019856718,"AFRO","Low income",0.82,638121
"MYS",2019,"HPV","HPV",1282.69065174366,1282.69065174366,"WPRO","Upper middle income",0.8,237476
"MYS",2019,"HepB","HepB",3894.047767331,3894.047767331,"WPRO","Upper middle income",0.97,514902
"MYS",2019,"HepB","HepB_BD",2234.83872763128,2234.83872763128,"WPRO","Upper middle income",0.99,514902
"MYS",2019,"Hib","Hib3",129.507139539351,129.507139539351,"WPRO","Upper middle income",0.98,514902
"MYS",2019,"Measles","MCV1",1933.99642051272,1933.99642051272,"WPRO","Upper middle income",0.97,514902
"MYS",2019,"Measles","MCV2",287.355188875867,287.355188875867,"WPRO","Upper middle income",0.87,514902
"MYS",2019,"D","DTP3",37.1804325147971,37.1804325147971,"WPRO","Upper middle income",0.98,514902
"MYS",2019,"P","DTP3",810.906287317405,810.906287317405,"WPRO","Upper middle income",0.98,514902
"MYS",2019,"T","DTP3",99.2594303253627,99.2594303253627,"WPRO","Upper middle income",0.98,514902
"MYS",2019,"TB","BCG",119.168613334355,119.168613334355,"WPRO","Upper middle income",0.99,514902
"MYS",2019,"Rubella","Rubella",603.958259902856,603.958259902856,"WPRO","Upper middle income",0.97,514902
"MYS",2020,"HPV","HPV",1566.73271905113,0,"WPRO","Upper middle income",0,257834
"MYS",2020,"HepB","HepB",3844.08859150533,3923.34815009307,"WPRO","Upper middle income",0.99,508296
"MYS",2020,"HepB","HepB_BD",2206.16658296155,2206.16658296155,"WPRO","Upper middle income",0.99,508296
"MYS",2020,"Hib","Hib3",127.845611396526,127.845611396526,"WPRO","Upper middle income",0.98,508296
"MYS",2020,"Measles","MCV1",1909.18397007768,1869.81935213793,"WPRO","Upper middle income",0.95,508296
"MYS",2020,"Measles","MCV2",283.668529321789,273.8868558969,"WPRO","Upper middle income",0.84,508296
"MYS",2020,"D","DTP3",36.7034214773711,36.7034214773711,"WPRO","Upper middle income",0.98,508296
"MYS",2020,"P","DTP3",800.502663066541,800.502663066541,"WPRO","Upper middle income",0.98,508296
"MYS",2020,"T","DTP3",97.9859689740195,97.9859689740195,"WPRO","Upper middle income",0.98,508296
"MYS",2020,"TB","BCG",117.639724614391,117.639724614391,"WPRO","Upper middle income",0.99,508296
"MYS",2020,"Rubella","Rubella",596.209701410331,583.916717876097,"WPRO","Upper middle income",0.95,508296
"MYS",2021,"HPV","HPV",1542.05598296486,0,"WPRO","Upper middle income",0,253773
"MYS",2021,"HepB","HepB",3849.9194308274,3730.84975770903,"WPRO","Upper middle income",0.94,509067
"MYS",2021,"HepB","HepB_BD",2209.51296860193,2209.51296860193,"WPRO","Upper middle income",0.99,509067
"MYS",2021,"Hib","Hib3",128.039531801933,122.813428463079,"WPRO","Upper middle income",0.94,509067
"MYS",2021,"Measles","MCV1",1912.07988277604,1892.36771903609,"WPRO","Upper middle income",0.96,509067
"MYS",2021,"Measles","MCV2",284.098807026329,320.01934584575,"WPRO","Upper middle income",0.98,509067
"MYS",2021,"D","DTP3",36.7590944276974,35.6338160268495,"WPRO","Upper middle income",0.95,509067
"MYS",2021,"P","DTP3",801.716891691642,777.174537864346,"WPRO","Upper middle income",0.95,509067
"MYS",2021,"T","DTP3",98.1345972970418,95.1304769716222,"WPRO","Upper middle income",0.95,509067
"MYS",2021,"TB","BCG",117.818164396876,117.818164396876,"WPRO","Upper middle income",0.99,509067
"MYS",2021,"Rubella","Rubella",597.114051788432,590.958236821541,"WPRO","Upper middle income",0.96,509067
"MYS",2022,"HPV","HPV",1490.30836304104,0,"WPRO","Upper middle income",0,245257
"MYS",2022,"HepB","HepB",3853.1654065806,3808.25357081234,"WPRO","Upper middle income",0.96,508803
"MYS",2022,"HepB","HepB_BD",2208.36712449161,2208.36712449161,"WPRO","Upper middle income",0.99,508803
"MYS",2022,"Hib","Hib3",127.973131040549,126.667282764625,"WPRO","Upper middle income",0.97,508803
"MYS",2022,"Measles","MCV1",1913.69201130216,1891.38634511512,"WPRO","Upper middle income",0.96,508803
"MYS",2022,"Measles","MCV2",291.918684395616,313.325765056829,"WPRO","Upper middle income",0.96,508803
"MYS",2022,"D","DTP3",36.7400313163016,36.3651330375638,"WPRO","Upper middle income",0.97,508803
"MYS",2022,"P","DTP3",801.301124691607,793.124582602917,"WPRO","Upper middle income",0.97,508803
"MYS",2022,"T","DTP3",98.0837051086139,97.0828509748526,"WPRO","Upper middle income",0.97,508803
"MYS",2022,"TB","BCG",117.757064393535,116.56759909663,"WPRO","Upper middle income",0.98,508803
"MYS",2022,"Rubella","Rubella",597.61749550169,590.651768371375,"WPRO","Upper middle income",0.96,508803
"NAM",2019,"HepB","HepB",364.894082192338,364.894082192338,"AFRO","Upper middle income",0.87,68006
"NAM",2019,"HepB","HepB_BD",113.538637588349,113.538637588349,"AFRO","Upper middle income",0.81,68006
"NAM",2019,"Hib","Hib3",56.9360950030173,56.9360950030173,"AFRO","Upper middle income",0.87,68006
"NAM",2019,"Measles","MCV1",874.2248880689,874.2248880689,"AFRO","Upper middle income",0.8,68006
"NAM",2019,"Measles","MCV2",64.6954612619326,64.6954612619326,"AFRO","Upper middle income",0.56,66129
"NAM",2019,"PCV","PCV3",39.9141717742327,39.9141717742327,"AFRO","Upper middle income",0.57,68006
"NAM",2019,"Rota","Rota",21.5277511620274,21.5277511620274,"AFRO","Upper middle income",0.9,68006
"NAM",2019,"D","DTP3",14.8725446512827,14.8725446512827,"AFRO","Upper middle income",0.87,68006
"NAM",2019,"P","DTP3",500.863576621093,500.863576621093,"AFRO","Upper middle income",0.87,68006
"NAM",2019,"T","DTP3",35.9018721138599,35.9018721138599,"AFRO","Upper middle income",0.87,68006
"NAM",2019,"TB","BCG",158.386863034111,158.386863034111,"AFRO","Upper middle income",0.98,68006
"NAM",2019,"Rubella","Rubella",15.5245189035062,15.5245189035062,"AFRO","Upper middle income",0.8,68006
"NAM",2020,"HepB","HepB",364.067777327214,389.175899901504,"AFRO","Upper middle income",0.93,67852
"NAM",2020,"HepB","HepB_BD",113.281528654011,120.274215607962,"AFRO","Upper middle income",0.86,67852
"NAM",2020,"Hib","Hib3",56.8071628701105,60.7248982404629,"AFRO","Upper middle income",0.93,67852
"NAM",2020,"Measles","MCV1",872.245200500706,981.275850563294,"AFRO","Upper middle income",0.9,67852
"NAM",2020,"Measles","MCV2",64.6983962281922,72.7856957567163,"AFRO","Upper middle income",0.63,66132
"NAM",2020,"PCV","PCV3",39.8237858898515,54.4957070071651,"AFRO","Upper middle income",0.78,67852
"NAM",2020,"Rota","Rota",21.4790014387831,18.3764790087366,"AFRO","Upper middle income",0.77,67852
"NAM",2020,"D","DTP3",14.838865683599,15.8622357307438,"AFRO","Upper middle income",0.93,67852
"NAM",2020,"P","DTP3",499.729368010094,534.193462355617,"AFRO","Upper middle income",0.93,67852
"NAM",2020,"T","DTP3",35.8205721064262,38.290956389628,"AFRO","Upper middle income",0.93,67852
"NAM",2020,"TB","BCG",158.028195020888,159.640727623142,"AFRO","Upper middle income",0.99,67852
"NAM",2020,"Rubella","Rubella",15.4893635361689,17.42553397819,"AFRO","Upper middle income",0.9,67852
"NAM",2021,"HPV","HPV",340.041022350415,0,"AFRO","Upper middle income",0,28838
"NAM",2021,"HepB","HepB",363.279031774141,392.508379158267,"AFRO","Upper middle income",0.94,67705
"NAM",2021,"HepB","HepB_BD",113.036106489415,111.640599001891,"AFRO","Upper middle income",0.8,67705
"NAM",2021,"Hib","Hib3",56.6840912886994,61.2448802429625,"AFRO","Upper middle income",0.94,67705
"NAM",2021,"Measles","MCV1",870.355498731066,990.029379806588,"AFRO","Upper middle income",0.91,67705
"NAM",2021,"Measles","MCV2",65.0134159400636,65.0134159400636,"AFRO","Upper middle income",0.56,66454
"NAM",2021,"PCV","PCV3",39.7375084547602,55.0747924197554,"AFRO","Upper middle income",0.79,67705
"NAM",2021,"Rota","Rota",21.4324676120499,10.0018182189566,"AFRO","Upper middle income",0.42,67705
"NAM",2021,"D","DTP3",14.8067175780828,15.9980626705722,"AFRO","Upper middle income",0.94,67705
"NAM",2021,"P","DTP3",498.646714335958,538.76771434,"AFRO","Upper middle income",0.94,67705
"NAM",2021,"T","DTP3",35.7429675538759,38.6188385064866,"AFRO","Upper middle income",0.94,67705
"NAM",2021,"TB","BCG",157.685830099175,149.640634685952,"AFRO","Upper middle income",0.93,67705
"NAM",2021,"Rubella","Rubella",15.4558061400742,17.5809794843344,"AFRO","Upper middle income",0.91,67705
"NAM",2022,"HPV","HPV",296.744308665536,0,"AFRO","Upper middle income",0,29710
"NAM",2022,"HepB","HepB",365.954234524836,351.233963922722,"AFRO","Upper middle income",0.84,67798
"NAM",2022,"HepB","HepB_BD",115.306717401184,110.396524842938,"AFRO","Upper middle income",0.79,67798
"NAM",2022,"Hib","Hib3",57.101515427372,54.8046441806899,"AFRO","Upper middle income",0.84,67798
"NAM",2022,"Measles","MCV1",890.049923590369,991.389290187239,"AFRO","Upper middle income",0.91,67798
"NAM",2022,"Measles","MCV2",73.4553698228058,91.9458368313031,"AFRO","Upper middle income",0.79,66621
"NAM",2022,"PCV","PCV3",44.5804803698944,59.3390847674693,"AFRO","Upper middle income",0.85,67798
"NAM",2022,"Rota","Rota",21.4896611242403,13.1156100655453,"AFRO","Upper middle income",0.55,67798
"NAM",2022,"D","DTP3",14.9157548968628,14.3157783762968,"AFRO","Upper middle income",0.84,67798
"NAM",2022,"P","DTP3",502.318770648434,482.11332544552,"AFRO","Upper middle income",0.84,67798
"NAM",2022,"T","DTP3",36.0061803373144,34.5578551974183,"AFRO","Upper middle income",0.84,67798
"NAM",2022,"TB","BCG",157.902428314952,149.846181972353,"AFRO","Upper middle income",0.93,67798
"NAM",2022,"Rubella","Rubella",15.8055404878314,17.6051288247382,"AFRO","Upper middle income",0.91,67798
"NER",2019,"HepB","HepB",13990.996480204,13990.996480204,"AFRO","Low income",0.81,1002740
"NER",2019,"Hib","Hib3",6490.11419806867,6490.11419806867,"AFRO","Low income",0.81,1002740
"NER",2019,"Measles","MCV1",27229.8975041495,27229.8975041495,"AFRO","Low income",0.79,1002740
"NER",2019,"Measles","MCV2",1499.04039875264,1499.04039875264,"AFRO","Low income",0.58,904799
"NER",2019,"MenA","MenA",1251.87522686029,1251.87522686029,"AFRO","Low income",0.81,1002740
"NER",2019,"PCV","PCV3",5868.01054328858,5868.01054328858,"AFRO","Low income",0.81,1002740
"NER",2019,"Rota","Rota",1938.31246776262,1938.31246776262,"AFRO","Low income",0.81,1002740
"NER",2019,"YF","YF",800.171845143343,800.171845143343,"AFRO","Low income",0.83,1002740
"NER",2019,"D","DTP3",35.6797425622645,35.6797425622645,"AFRO","Low income",0.81,1002740
"NER",2019,"P","DTP3",1739.82983428889,1739.82983428889,"AFRO","Low income",0.81,1002740
"NER",2019,"T","DTP3",254.825963977615,254.825963977615,"AFRO","Low income",0.81,1002740
"NER",2019,"TB","BCG",219.092717912665,219.092717912665,"AFRO","Low income",0.7,1002740
"NER",2020,"HepB","HepB",14458.804815354,14458.804815354,"AFRO","Low income",0.81,1036268
"NER",2020,"Hib","Hib3",6707.1201505916,6707.1201505916,"AFRO","Low income",0.81,1036268
"NER",2020,"Measles","MCV1",28140.3668217384,28140.3668217384,"AFRO","Low income",0.79,1036268
"NER",2020,"Measles","MCV2",1556.07291833618,1609.73060517535,"AFRO","Low income",0.6,939223
"NER",2020,"MenA","MenA",1293.73340805,1293.73340805,"AFRO","Low income",0.81,1036268
"NER",2020,"PCV","PCV3",6064.2155989315,6064.2155989315,"AFRO","Low income",0.81,1036268
"NER",2020,"Rota","Rota",2003.12262834178,2052.58244632553,"AFRO","Low income",0.83,1036268
"NER",2020,"YF","YF",826.926698469196,667.519142137785,"AFRO","Low income",0.67,1036268
"NER",2020,"D","DTP3",36.8727441465512,36.8727441465512,"AFRO","Low income",0.81,1036268
"NER",2020,"P","DTP3",1798.00345325696,1798.00345325696,"AFRO","Low income",0.81,1036268
"NER",2020,"T","DTP3",263.346422840572,263.346422840572,"AFRO","Low income",0.81,1036268
"NER",2020,"TB","BCG",226.418386227658,304.047547219997,"AFRO","Low income",0.94,1036268
"NER",2021,"HepB","HepB",14931.1896577197,15115.5253325064,"AFRO","Low income",0.82,1070124
"NER",2021,"Hib","Hib3",6926.24904371426,7011.75829116752,"AFRO","Low income",0.82,1070124
"NER",2021,"Measles","MCV1",29059.7431405255,29427.5879904055,"AFRO","Low income",0.8,1070124
"NER",2021,"Measles","MCV2",1612.32013074208,1834.70911429272,"AFRO","Low income",0.66,973173
"NER",2021,"MenA","MenA",1336.00108230313,1385.48260386991,"AFRO","Low income",0.84,1070124
"NER",2021,"PCV","PCV3",6262.34010274463,6339.65294351925,"AFRO","Low income",0.82,1070124
"NER",2021,"Rota","Rota",2068.56681817022,2170.7182659811,"AFRO","Low income",0.85,1070124
"NER",2021,"YF","YF",853.943290994849,823.077870838409,"AFRO","Low income",0.8,1070124
"NER",2021,"D","DTP3",38.0774167079211,38.5475082722164,"AFRO","Low income",0.82,1070124
"NER",2021,"P","DTP3",1856.74617706341,1879.66896937284,"AFRO","Low income",0.82,1070124
"NER",2021,"T","DTP3",271.950236228316,275.307646552122,"AFRO","Low income",0.82,1070124
"NER",2021,"TB","BCG",233.815720589158,317.321335085286,"AFRO","Low income",0.95,1070124
"NER",2022,"HPV","HPV",1644.82321215705,0,"AFRO","Low income",0,372931
"NER",2022,"HepB","HepB",15738.3660716647,15977.8248689152,"AFRO","Low income",0.84,1104239
"NER",2022,"Hib","Hib3",7300.68035115562,7411.75999741863,"AFRO","Low income",0.84,1104239
"NER",2022,"Measles","MCV1",30796.6606327521,24672.1509816962,"AFRO","Low income",0.65,1104239
"NER",2022,"Measles","MCV2",1872.11776861897,1208.42406929195,"AFRO","Low income",0.42,1007249
"NER",2022,"MenA","MenA",1408.22496984062,1395.61176189469,"AFRO","Low income",0.82,1104239
"NER",2022,"PCV","PCV3",6600.88065730946,6701.3128709075,"AFRO","Low income",0.84,1104239
"NER",2022,"Rota","Rota",2180.39302790783,2266.27163810316,"AFRO","Low income",0.86,1104239
"NER",2022,"YF","YF",895.666512610736,849.317167932626,"AFRO","Low income",0.8,1104239
"NER",2022,"D","DTP3",40.135872422111,40.7465385924769,"AFRO","Low income",0.84,1104239
"NER",2022,"P","DTP3",1957.12141541779,1986.89896272322,"AFRO","Low income",0.84,1104239
"NER",2022,"T","DTP3",286.651798627717,291.01319768379,"AFRO","Low income",0.84,1104239
"NER",2022,"TB","BCG",255.392881189943,327.437375232442,"AFRO","Low income",0.95,1104239
"NGA",2019,"HepB","HepB",70107.0171043234,70107.0171043234,"AFRO","Lower middle income",0.66,7159803
"NGA",2019,"Hib","Hib3",18953.320308614,18953.320308614,"AFRO","Lower middle income",0.66,7159803
"NGA",2019,"Measles","MCV1",158762.526663909,158762.526663909,"AFRO","Lower middle income",0.58,7159803
"NGA",2019,"PCV","PCV3",18991.4218938575,18991.4218938575,"AFRO","Lower middle income",0.64,7159803
"NGA",2019,"YF","YF",24991.2960029674,24991.2960029674,"AFRO","Lower middle income",0.57,7159803
"NGA",2019,"D","DTP3",121.291039167892,121.291039167892,"AFRO","Lower middle income",0.66,7159803
"NGA",2019,"P","DTP3",28158.2698597267,28158.2698597267,"AFRO","Lower middle income",0.66,7159803
"NGA",2019,"T","DTP3",642.191794647019,642.191794647019,"AFRO","Lower middle income",0.66,7159803
"NGA",2019,"TB","BCG",9606.64613026562,9606.64613026562,"AFRO","Lower middle income",0.75,7159803
"NGA",2020,"HepB","HepB",71160.1494336098,66847.4131043001,"AFRO","Lower middle income",0.62,7267356
"NGA",2020,"Hib","Hib3",19238.032954919,18072.0915637118,"AFRO","Lower middle income",0.62,7267356
"NGA",2020,"Measles","MCV1",161147.422733016,166704.230413465,"AFRO","Lower middle income",0.6,7267356
"NGA",2020,"PCV","PCV3",19276.7068938708,18071.9127130039,"AFRO","Lower middle income",0.6,7267356
"NGA",2020,"YF","YF",25366.7098040185,26256.769797142,"AFRO","Lower middle income",0.59,7267356
"NGA",2020,"D","DTP3",123.113046719723,115.651649948831,"AFRO","Lower middle income",0.62,7267356
"NGA",2020,"P","DTP3",28581.2572517294,26849.0598425337,"AFRO","Lower middle income",0.62,7267356
"NGA",2020,"T","DTP3",651.838659803738,612.333286482299,"AFRO","Lower middle income",0.62,7267356
"NGA",2020,"TB","BCG",9750.95507441513,9620.94234008959,"AFRO","Lower middle income",0.74,7267356
"NGA",2021,"HepB","HepB",72243.4599433175,67865.0684316012,"AFRO","Lower middle income",0.62,7377991
"NGA",2021,"Hib","Hib3",19530.9042241904,18347.213059088,"AFRO","Lower middle income",0.62,7377991
"NGA",2021,"Measles","MCV1",163600.659524233,169242.061576792,"AFRO","Lower middle income",0.6,7377991
"NGA",2021,"PCV","PCV3",19570.1669180121,18347.0314856363,"AFRO","Lower middle income",0.6,7377991
"NGA",2021,"YF","YF",25752.8813276328,26656.4911987778,"AFRO","Lower middle income",0.59,7377991
"NGA",2021,"D","DTP3",124.987265063208,117.412279301802,"AFRO","Lower middle income",0.62,7377991
"NGA",2021,"P","DTP3",29016.3656179695,27257.7980047593,"AFRO","Lower middle income",0.62,7377991
"NGA",2021,"T","DTP3",661.761962051129,621.655176472272,"AFRO","Lower middle income",0.62,7377991
"NGA",2021,"TB","BCG",9899.39928365132,9767.40729320264,"AFRO","Lower middle income",0.74,7377991
"NGA",2022,"HepB","HepB",76415.681246236,68931.5024112338,"AFRO","Lower middle income",0.62,7493929
"NGA",2022,"Hib","Hib3",20658.8576020237,18635.5217853584,"AFRO","Lower middle income",0.62,7493929
"NGA",2022,"Measles","MCV1",178406.9965057,171901.537053937,"AFRO","Lower middle income",0.6,7493929
"NGA",2022,"PCV","PCV3",20841.1021603907,18635.3373586554,"AFRO","Lower middle income",0.6,7493929
"NGA",2022,"YF","YF",28210.3297485217,27075.3722026451,"AFRO","Lower middle income",0.59,7493929
"NGA",2022,"D","DTP3",132.20555901396,119.257299828079,"AFRO","Lower middle income",0.62,7493929
"NGA",2022,"P","DTP3",30692.1255948526,27686.127964104,"AFRO","Lower middle income",0.62,7493929
"NGA",2022,"T","DTP3",699.980194645431,631.423886931507,"AFRO","Lower middle income",0.62,7493929
"NGA",2022,"TB","BCG",10217.1052799002,9920.89266161246,"AFRO","Lower middle income",0.74,7493929
"NIC",2019,"HPV","HPV",0,0,"PAHO","Lower middle income",0,66393
"NIC",2019,"HepB","HepB",179.591830979946,179.591830979946,"PAHO","Lower middle income",0.98,140703
"NIC",2019,"Hib","Hib3",119.096754535791,119.096754535791,"PAHO","Lower middle income",0.98,140703
"NIC",2019,"Measles","MCV1",1650.5670891487,1650.5670891487,"PAHO","Lower middle income",0.99,140703
"NIC",2019,"Measles","MCV2",116.526120639707,116.526120639707,"PAHO","Lower middle income",0.99,140346
"NIC",2019,"PCV","PCV3",121.225420180567,121.225420180567,"PAHO","Lower middle income",0.98,140703
"NIC",2019,"Rota","Rota",36.0795982623259,36.0795982623259,"PAHO","Lower middle income",0.99,140703
"NIC",2019,"D","DTP3",4.19880319626515,4.19880319626515,"PAHO","Lower middle income",0.98,140703
"NIC",2019,"P","DTP3",170.122160194529,170.122160194529,"PAHO","Lower middle income",0.98,140703
"NIC",2019,"T","DTP3",24.6933410779313,24.6933410779313,"PAHO","Lower middle income",0.98,140703
"NIC",2019,"TB","BCG",15.9725058758886,15.9725058758886,"PAHO","Lower middle income",0.99,140703
"NIC",2019,"Rubella","Rubella",30.8372574054379,30.8372574054379,"PAHO","Lower middle income",0.99,140703
"NIC",2020,"HepB","HepB",178.82855006251,167.879863323989,"PAHO","Lower middle income",0.92,140105
"NIC",2020,"Hib","Hib3",118.590582960115,111.329935023781,"PAHO","Lower middle income",0.92,140105
"NIC",2020,"Measles","MCV1",1643.55203531679,1610.34896389625,"PAHO","Lower middle income",0.97,140105
"NIC",2020,"Measles","MCV2",116.348441262904,115.17320448247,"PAHO","Lower middle income",0.98,140132
"NIC",2020,"PCV","PCV3",120.710201590573,113.319781085028,"PAHO","Lower middle income",0.92,140105
"NIC",2020,"Rota","Rota",35.9262568285195,33.386016446705,"PAHO","Lower middle income",0.92,140105
"NIC",2020,"D","DTP3",4.18095791712137,3.92498090178741,"PAHO","Lower middle income",0.92,140105
"NIC",2020,"P","DTP3",169.399126202387,159.027751128771,"PAHO","Lower middle income",0.92,140105
"NIC",2020,"T","DTP3",24.5883922284782,23.0829804593877,"PAHO","Lower middle income",0.92,140105
"NIC",2020,"TB","BCG",15.9046213353047,14.9407048907408,"PAHO","Lower middle income",0.93,140105
"NIC",2020,"Rubella","Rubella",30.7061963766862,30.0858691771572,"PAHO","Lower middle income",0.97,140105
"NIC",2021,"HPV","HPV",681.840810574651,0,"PAHO","Lower middle income",0,67381
"NIC",2021,"HepB","HepB",178.021871902276,158.039825056103,"PAHO","Lower middle income",0.87,139473
"NIC",2021,"Hib","Hib3",118.055632398531,104.804489986451,"PAHO","Lower middle income",0.87,139473
"NIC",2021,"Measles","MCV1",1636.13813227036,1371.71176745899,"PAHO","Lower middle income",0.83,139473
"NIC",2021,"Measles","MCV2",116.115963573628,97.3497472384959,"PAHO","Lower middle income",0.83,139852
"NIC",2021,"PCV","PCV3",120.16568963593,106.67770406455,"PAHO","Lower middle income",0.87,139473
"NIC",2021,"Rota","Rota",35.764196985433,31.4291428053806,"PAHO","Lower middle income",0.87,139473
"NIC",2021,"D","DTP3",4.16209802344434,3.69492375550671,"PAHO","Lower middle income",0.87,139473
"NIC",2021,"P","DTP3",168.63498325417,149.706566766457,"PAHO","Lower middle income",0.87,139473
"NIC",2021,"T","DTP3",24.4774763875846,21.7300045481619,"PAHO","Lower middle income",0.87,139473
"NIC",2021,"TB","BCG",15.8328771385672,13.7538124638058,"PAHO","Lower middle income",0.86,139473
"NIC",2021,"Rubella","Rubella",30.5676837175372,25.627452005612,"PAHO","Lower middle income",0.83,139473
"NIC",2022,"HPV","HPV",762.682980261668,0,"PAHO","Lower middle income",0,67833
"NIC",2022,"HepB","HepB",177.17307288874,166.325741895552,"PAHO","Lower middle income",0.92,138808
"NIC",2022,"Hib","Hib3",117.4927492918,110.29931566169,"PAHO","Lower middle income",0.92,138808
"NIC",2022,"Measles","MCV1",1628.33711086866,1529.65001324025,"PAHO","Lower middle income",0.93,138808
"NIC",2022,"Measles","MCV2",115.76060482002,115.76060482002,"PAHO","Lower middle income",0.99,139424
"NIC",2022,"PCV","PCV3",119.592745886187,112.270741036013,"PAHO","Lower middle income",0.92,138808
"NIC",2022,"Rota","Rota",35.593675156869,33.0769506508278,"PAHO","Lower middle income",0.92,138808
"NIC",2022,"D","DTP3",4.14225335683797,3.88864600846013,"PAHO","Lower middle income",0.92,138808
"NIC",2022,"P","DTP3",167.830940436822,157.555576736608,"PAHO","Lower middle income",0.92,138808
"NIC",2022,"T","DTP3",24.3607690549988,22.8692933985703,"PAHO","Lower middle income",0.92,138808
"NIC",2022,"TB","BCG",15.7573868049747,14.1657315721489,"PAHO","Lower middle income",0.89,138808
"NIC",2022,"Rubella","Rubella",30.4219385935909,28.5781847394339,"PAHO","Lower middle income",0.93,138808
"NLD",2019,"HPV","HPV",282.970070567723,282.970070567723,"EURO","High income",0.53,92659
"NLD",2019,"HepB","HepB",555.012047900833,555.012047900833,"EURO","High income",0.92,169287
"NLD",2019,"Hib","Hib3",18.8412065182825,18.8412065182825,"EURO","High income",0.94,169287
"NLD",2019,"Measles","MCV1",470.204012601276,470.204012601276,"EURO","High income",0.94,169287
"NLD",2019,"Measles","MCV2",64.7826153054603,64.7826153054603,"EURO","High income",0.9,169287
"NLD",2019,"PCV","PCV3",20.8413780568761,20.8413780568761,"EURO","High income",0.93,169287
"NLD",2019,"D","DTP3",0.767107466365618,0.767107466365618,"EURO","High income",0.94,169287
"NLD",2019,"P","DTP3",31.8241089654094,31.8241089654094,"EURO","High income",0.94,169287
"NLD",2019,"T","DTP3",4.2573702107765,4.2573702107765,"EURO","High income",0.94,169287
"NLD",2019,"Rubella","Rubella",67.0836191746033,67.0836191746033,"EURO","High income",0.94,169287
"NLD",2020,"HPV","HPV",396.600462899544,0,"EURO","High income",0,91773
"NLD",2020,"HepB","HepB",556.710325032643,562.76152421778,"EURO","High income",0.93,169805
"NLD",2020,"Hib","Hib3",18.8988585823895,18.8988585823895,"EURO","High income",0.94,169805
"NLD",2020,"Measles","MCV1",471.642786272778,471.642786272778,"EURO","High income",0.94,169805
"NLD",2020,"Measles","MCV2",64.9808431358798,64.2588337677034,"EURO","High income",0.89,169805
"NLD",2020,"PCV","PCV3",20.9051504306169,20.9051504306169,"EURO","High income",0.93,169805
"NLD",2020,"D","DTP3",0.76945473265055,0.76945473265055,"EURO","High income",0.94,169805
"NLD",2020,"P","DTP3",31.9214873136823,31.9214873136823,"EURO","High income",0.94,169805
"NLD",2020,"T","DTP3",4.27039730540977,4.27039730540977,"EURO","High income",0.94,169805
"NLD",2020,"Rubella","Rubella",67.2888878292102,67.2888878292102,"EURO","High income",0.94,169805
"NLD",2021,"HPV","HPV",402.918550755004,0,"EURO","High income",0,93235
"NLD",2021,"HepB","HepB",567.296689624559,573.462957990044,"EURO","High income",0.93,173034
"NLD",2021,"Hib","Hib3",19.2582379549788,19.2582379549788,"EURO","High income",0.94,173034
"NLD",2021,"Measles","MCV1",480.611512499183,475.498624068341,"EURO","High income",0.93,173034
"NLD",2021,"Measles","MCV2",66.2165143027227,66.2165143027227,"EURO","High income",0.9,173034
"NLD",2021,"PCV","PCV3",21.3026813086268,21.3026813086268,"EURO","High income",0.93,173034
"NLD",2021,"D","DTP3",0.784086630013576,0.79242797714138,"EURO","High income",0.95,173034
"NLD",2021,"P","DTP3",32.528504083129,32.8745519989069,"EURO","High income",0.95,173034
"NLD",2021,"T","DTP3",4.35160288180132,4.39789652948006,"EURO","High income",0.95,173034
"NLD",2021,"Rubella","Rubella",68.5684486124646,67.838997031481,"EURO","High income",0.93,173034
"NLD",2022,"HPV","HPV",404.327371986796,0,"EURO","High income",0,93561
"NLD",2022,"HepB","HepB",593.556084925985,565.248322796953,"EURO","High income",0.88,180246
"NLD",2022,"Hib","Hib3",20.0865939559529,19.4206729889645,"EURO","High income",0.91,180246
"NLD",2022,"Measles","MCV1",501.28409071982,474.013282022029,"EURO","High income",0.89,180246
"NLD",2022,"Measles","MCV2",69.5444962330279,65.1443747179891,"EURO","High income",0.85,180246
"NLD",2022,"PCV","PCV3",22.2518611231503,21.4747451935872,"EURO","High income",0.9,180246
"NLD",2022,"D","DTP3",0.817812605711544,0.808078090196313,"EURO","High income",0.93,180246
"NLD",2022,"P","DTP3",33.927655013913,33.5238103167028,"EURO","High income",0.93,180246
"NLD",2022,"T","DTP3",4.53877869557115,4.4847531017815,"EURO","High income",0.93,180246
"NLD",2022,"Rubella","Rubella",71.5177883193683,67.6270845051978,"EURO","High income",0.89,180246
"NOR",2019,"HPV","HPV",173.783456519246,173.783456519246,"EURO","High income",0.91,32352
"NOR",2019,"HepB","HepB",180.992865184742,180.992865184742,"EURO","High income",0.96,55398
"NOR",2019,"Hib","Hib3",5.25812241055134,5.25812241055134,"EURO","High income",0.97,55398
"NOR",2019,"Measles","MCV1",133.170084984944,133.170084984944,"EURO","High income",0.97,55398
"NOR",2019,"Measles","MCV2",22.3697487786257,22.3697487786257,"EURO","High income",0.95,55398
"NOR",2019,"PCV","PCV3",5.65757914133387,5.65757914133387,"EURO","High income",0.95,55398
"NOR",2019,"Rota","Rota",1.21285111039739,1.21285111039739,"EURO","High income",0.95,55398
"NOR",2019,"D","DTP3",0.283179190037824,0.283179190037824,"EURO","High income",0.97,55398
"NOR",2019,"P","DTP3",10.4967367987184,10.4967367987184,"EURO","High income",0.97,55398
"NOR",2019,"T","DTP3",1.53633896092537,1.53633896092537,"EURO","High income",0.97,55398
"NOR",2019,"Rubella","Rubella",38.6901093957042,38.6901093957042,"EURO","High income",0.97,55398
"NOR",2020,"HPV","HPV",326.489995061799,0,"EURO","High income",0,31323
"NOR",2020,"HepB","HepB",179.143665544059,181.009745393476,"EURO","High income",0.97,54832
"NOR",2020,"Hib","Hib3",5.20440030353715,5.20440030353715,"EURO","High income",0.97,54832
"NOR",2020,"Measles","MCV1",131.809489510351,131.809489510351,"EURO","High income",0.97,54832
"NOR",2020,"Measles","MCV2",22.1411976069462,22.1411976069462,"EURO","High income",0.95,54832
"NOR",2020,"PCV","PCV3",5.59977579475105,5.65872080311685,"EURO","High income",0.96,54832
"NOR",2020,"Rota","Rota",1.20045944050886,1.20045944050886,"EURO","High income",0.95,54832
"NOR",2020,"D","DTP3",0.28028595523582,0.28028595523582,"EURO","High income",0.97,54832
"NOR",2020,"P","DTP3",10.3894918976737,10.3894918976737,"EURO","High income",0.97,54832
"NOR",2020,"T","DTP3",1.52064222364453,1.52064222364453,"EURO","High income",0.97,54832
"NOR",2020,"Rubella","Rubella",38.2948135020263,38.2948135020263,"EURO","High income",0.97,54832
"NOR",2021,"HPV","HPV",335.678459331816,0,"EURO","High income",0,32085
"NOR",2021,"HepB","HepB",173.615669445056,173.615669445056,"EURO","High income",0.96,53140
"NOR",2021,"Hib","Hib3",5.04380347479509,5.04380347479509,"EURO","High income",0.97,53140
"NOR",2021,"Measles","MCV1",127.742126360156,127.742126360156,"EURO","High income",0.97,53140
"NOR",2021,"Measles","MCV2",21.4579668958477,21.4579668958477,"EURO","High income",0.95,53140
"NOR",2021,"PCV","PCV3",5.42697851132679,5.48410460091971,"EURO","High income",0.96,53140
"NOR",2021,"Rota","Rota",1.16341579130145,1.17566227331514,"EURO","High income",0.96,53140
"NOR",2021,"D","DTP3",0.271636921163399,0.271636921163399,"EURO","High income",0.97,53140
"NOR",2021,"P","DTP3",10.0688940662821,10.0688940662821,"EURO","High income",0.97,53140
"NOR",2021,"T","DTP3",1.4737184083103,1.4737184083103,"EURO","High income",0.97,53140
"NOR",2021,"Rubella","Rubella",37.1131162368267,37.1131162368267,"EURO","High income",0.97,53140
"NOR",2022,"HPV","HPV",340.003636988199,0,"EURO","High income",0,32577
"NOR",2022,"HepB","HepB",176.483280626331,176.252249144757,"EURO","High income",0.96,53947
"NOR",2022,"Hib","Hib3",5.12040018921285,5.12040018921285,"EURO","High income",0.97,53947
"NOR",2022,"Measles","MCV1",129.682056656969,128.345128237825,"EURO","High income",0.96,53947
"NOR",2022,"Measles","MCV2",21.8470962192819,21.5545305097256,"EURO","High income",0.94,53947
"NOR",2022,"PCV","PCV3",5.52539400831468,5.50939423693162,"EURO","High income",0.95,53947
"NOR",2022,"Rota","Rota",1.18451374535922,1.18108377292697,"EURO","High income",0.95,53947
"NOR",2022,"D","DTP3",0.275762081031273,0.275762081031273,"EURO","High income",0.97,53947
"NOR",2022,"P","DTP3",10.2218033156515,10.2218033156515,"EURO","High income",0.97,53947
"NOR",2022,"T","DTP3",1.49609873867361,1.49609873867361,"EURO","High income",0.97,53947
"NOR",2022,"Rubella","Rubella",37.6767271665052,37.2883072988093,"EURO","High income",0.96,53947
"NPL",2019,"HepB","HepB",3349.78105490217,3349.78105490217,"SEARO","Lower middle income",0.93,586381
"NPL",2019,"Hib","Hib3",1148.12719513502,1148.12719513502,"SEARO","Lower middle income",0.93,586381
"NPL",2019,"JE","JE",275.746120733483,275.746120733483,"SEARO","Lower middle income",0.83,586381
"NPL",2019,"Measles","MCV1",6251.27151144262,6251.27151144262,"SEARO","Lower middle income",0.92,586381
"NPL",2019,"Measles","MCV2",387.569687631178,387.569687631178,"SEARO","Lower middle income",0.76,588153
"NPL",2019,"PCV","PCV3",944.754298621794,944.754298621794,"SEARO","Lower middle income",0.83,586381
"NPL",2019,"D","DTP3",63.4756972339925,63.4756972339925,"SEARO","Lower middle income",0.93,586381
"NPL",2019,"P","DTP3",1726.01995123864,1726.01995123864,"SEARO","Lower middle income",0.93,586381
"NPL",2019,"T","DTP3",236.093960453017,236.093960453017,"SEARO","Lower middle income",0.93,586381
"NPL",2019,"TB","BCG",293.452564281504,293.452564281504,"SEARO","Lower middle income",0.96,586381
"NPL",2019,"Rubella","Rubella",82.1998725755916,82.1998725755916,"SEARO","Lower middle income",0.92,586381
"NPL",2020,"HepB","HepB",3365.0966313076,3039.44211860041,"SEARO","Lower middle income",0.84,589062
"NPL",2020,"Hib","Hib3",1153.37656203156,1041.75947538334,"SEARO","Lower middle income",0.84,589062
"NPL",2020,"JE","JE",277.006863066005,273.669430980873,"SEARO","Lower middle income",0.82,589062
"NPL",2020,"Measles","MCV1",6279.85302912852,5938.5566688498,"SEARO","Lower middle income",0.87,589062
"NPL",2020,"Measles","MCV2",385.501869087726,375.357083059102,"SEARO","Lower middle income",0.74,585015
"NPL",2020,"PCV","PCV3",949.073821721289,914.769948647025,"SEARO","Lower middle income",0.8,589062
"NPL",2020,"D","DTP3",63.7659152736022,57.5950202471245,"SEARO","Lower middle income",0.84,589062
"NPL",2020,"P","DTP3",1733.9115089277,1566.11362096695,"SEARO","Lower middle income",0.84,589062
"NPL",2020,"T","DTP3",237.173408641097,214.221143288733,"SEARO","Lower middle income",0.84,589062
"NPL",2020,"TB","BCG",294.794262468926,282.511168199387,"SEARO","Lower middle income",0.92,589062
"NPL",2020,"Rubella","Rubella",82.5756996545303,78.0878898906971,"SEARO","Lower middle income",0.87,589062
"NPL",2021,"HPV","HPV",2952.09776147634,0,"SEARO","Lower middle income",0,284389
"NPL",2021,"HepB","HepB",3389.06113821576,3316.17810298531,"SEARO","Lower middle income",0.91,593257
"NPL",2021,"Hib","Hib3",1161.59032336351,1136.60988630193,"SEARO","Lower middle income",0.91,593257
"NPL",2021,"JE","JE",278.979565074558,299.146762549827,"SEARO","Lower middle income",0.89,593257
"NPL",2021,"Measles","MCV1",6324.57494881982,6187.08418906286,"SEARO","Lower middle income",0.9,593257
"NPL",2021,"Measles","MCV2",385.816193321387,441.658010775798,"SEARO","Lower middle income",0.87,585492
"NPL",2021,"PCV","PCV3",955.832642833703,967.348698771458,"SEARO","Lower middle income",0.84,593257
"NPL",2021,"D","DTP3",64.2200236944013,62.838947916027,"SEARO","Lower middle income",0.91,593257
"NPL",2021,"P","DTP3",1746.25954492383,1708.70557621579,"SEARO","Lower middle income",0.91,593257
"NPL",2021,"T","DTP3",238.862437044303,233.7256104412,"SEARO","Lower middle income",0.91,593257
"NPL",2021,"TB","BCG",296.893637290349,293.800995235241,"SEARO","Lower middle income",0.95,593257
"NPL",2021,"Rubella","Rubella",83.1637617940856,81.3558539289968,"SEARO","Lower middle income",0.9,593257
"NPL",2022,"HPV","HPV",2914.60975366014,0,"SEARO","Lower middle income",0,284244
"NPL",2022,"HepB","HepB",3440.82355947251,3320.65748508962,"SEARO","Lower middle income",0.9,600659
"NPL",2022,"Hib","Hib3",1179.33173468469,1138.14518079642,"SEARO","Lower middle income",0.9,600659
"NPL",2022,"JE","JE",289.815578074371,296.07290885791,"SEARO","Lower middle income",0.87,600659
"NPL",2022,"Measles","MCV1",6431.81856572973,6264.27973360333,"SEARO","Lower middle income",0.9,600659
"NPL",2022,"Measles","MCV2",409.376810927896,446.096526990204,"SEARO","Lower middle income",0.87,591376
"NPL",2022,"PCV","PCV3",992.958713127144,967.758457821566,"SEARO","Lower middle income",0.83,600659
"NPL",2022,"D","DTP3",65.2008805701018,62.9238286582571,"SEARO","Lower middle income",0.9,600659
"NPL",2022,"P","DTP3",1772.93083189729,1711.01363837106,"SEARO","Lower middle income",0.9,600659
"NPL",2022,"T","DTP3",242.510673999749,234.04131915292,"SEARO","Lower middle income",0.9,600659
"NPL",2022,"TB","BCG",300.597945378114,300.597945378114,"SEARO","Lower middle income",0.96,600659
"NPL",2022,"Rubella","Rubella",84.5739407678199,82.3709216497021,"SEARO","Lower middle income",0.9,600659
"NZL",2019,"HPV","HPV",96.4208595646038,96.4208595646038,"WPRO","High income",0.66,32514
"NZL",2019,"HepB","HepB",522.933471495642,522.933471495642,"WPRO","High income",0.92,59298
"NZL",2019,"Hib","Hib3",9.29004471134608,9.29004471134608,"WPRO","High income",0.91,59298
"NZL",2019,"Measles","MCV1",188.497927789703,188.497927789703,"WPRO","High income",0.92,59298
"NZL",2019,"Measles","MCV2",28.4260482566634,28.4260482566634,"WPRO","High income",0.9,59298
"NZL",2019,"PCV","PCV3",11.0242208382755,11.0242208382755,"WPRO","High income",0.91,59298
"NZL",2019,"Rota","Rota",2.57850886277284,2.57850886277284,"WPRO","High income",0.86,59298
"NZL",2019,"D","DTP3",0.400245057303298,0.400245057303298,"WPRO","High income",0.92,59298
"NZL",2019,"P","DTP3",16.2184816071319,16.2184816071319,"WPRO","High income",0.92,59298
"NZL",2019,"T","DTP3",2.26009119013205,2.26009119013205,"WPRO","High income",0.92,59298
"NZL",2019,"Rubella","Rubella",37.5561823437293,37.5561823437293,"WPRO","High income",0.92,59298
"NZL",2020,"HPV","HPV",208.347425421168,0,"WPRO","High income",0,32317
"NZL",2020,"HepB","HepB",529.503430621822,529.503430621822,"WPRO","High income",0.92,60043
"NZL",2020,"Hib","Hib3",9.40676168847774,9.51013269604343,"WPRO","High income",0.92,60043
"NZL",2020,"Measles","MCV1",190.86615194909,188.791519862687,"WPRO","High income",0.91,60043
"NZL",2020,"Measles","MCV2",28.7831835049216,29.1029966549762,"WPRO","High income",0.91,60043
"NZL",2020,"PCV","PCV3",11.1627254172582,11.2853927295358,"WPRO","High income",0.92,60043
"NZL",2020,"Rota","Rota",2.61090437531569,2.67162308171838,"WPRO","High income",0.88,60043
"NZL",2020,"D","DTP3",0.405273600722822,0.405273600722822,"WPRO","High income",0.92,60043
"NZL",2020,"P","DTP3",16.4222451201899,16.4222451201899,"WPRO","High income",0.92,60043
"NZL",2020,"T","DTP3",2.28848621081822,2.28848621081822,"WPRO","High income",0.92,60043
"NZL",2020,"Rubella","Rubella",38.0280255061644,37.6146774028365,"WPRO","High income",0.91,60043
"NZL",2021,"HPV","HPV",211.50525300975,0,"WPRO","High income",0,32656
"NZL",2021,"HepB","HepB",560.316097986755,548.135313247912,"WPRO","High income",0.9,63537
"NZL",2021,"Hib","Hib3",9.95415647787102,9.84477014294936,"WPRO","High income",0.9,63537
"NZL",2021,"Measles","MCV1",201.972964315396,199.77760600762,"WPRO","High income",0.91,63537
"NZL",2021,"Measles","MCV2",30.4581238504439,27.7507350637377,"WPRO","High income",0.82,63537
"NZL",2021,"PCV","PCV3",11.8123025970777,12.3315246892569,"WPRO","High income",0.95,63537
"NZL",2021,"Rota","Rota",2.76283715494617,2.8913412086646,"WPRO","High income",0.9,63537
"NZL",2021,"D","DTP3",0.428857131874256,0.419534150746555,"WPRO","High income",0.9,63537
"NZL",2021,"P","DTP3",17.3778823210284,17.0001022705712,"WPRO","High income",0.9,63537
"NZL",2021,"T","DTP3",2.42165695213026,2.3690122357796,"WPRO","High income",0.9,63537
"NZL",2021,"Rubella","Rubella",40.2409382706588,39.8035367677169,"WPRO","High income",0.91,63537
"NZL",2022,"HPV","HPV",213.033842858406,0,"WPRO","High income",0,32863
"NZL",2022,"HepB","HepB",566.471219675543,545.585356249449,"WPRO","High income",0.89,63952
"NZL",2022,"Hib","Hib3",10.0818210853146,9.79897170610806,"WPRO","High income",0.89,63952
"NZL",2022,"Measles","MCV1",204.191655118094,198.872781291223,"WPRO","High income",0.9,63952
"NZL",2022,"Measles","MCV2",30.9095609353038,28.2726265759649,"WPRO","High income",0.83,63952
"NZL",2022,"PCV","PCV3",11.9637984046244,11.2361893328219,"WPRO","High income",0.86,63952
"NZL",2022,"Rota","Rota",2.82982041284064,2.81321882594343,"WPRO","High income",0.87,63952
"NZL",2022,"D","DTP3",0.433568165241449,0.417582453751425,"WPRO","High income",0.89,63952
"NZL",2022,"P","DTP3",17.5687798889614,16.9210168171955,"WPRO","High income",0.89,63952
"NZL",2022,"T","DTP3",2.44825906704792,2.35799145462562,"WPRO","High income",0.89,63952
"NZL",2022,"Rubella","Rubella",40.6829885219668,39.6232601862362,"WPRO","High income",0.9,63952
"OMN",2019,"HepB","HepB",930.518397114956,930.518397114956,"EMRO","High income",0.99,86710
"OMN",2019,"HepB","HepB_BD",501.736349025014,501.736349025014,"EMRO","High income",0.99,86710
"OMN",2019,"Hib","Hib3",26.1223772229871,26.1223772229871,"EMRO","High income",0.99,86710
"OMN",2019,"Measles","MCV1",465.707988572477,465.707988572477,"EMRO","High income",0.99,86710
"OMN",2019,"Measles","MCV2",74.3624066622356,74.3624066622356,"EMRO","High income",0.99,86710
"OMN",2019,"PCV","PCV3",28.0786841039514,28.0786841039514,"EMRO","High income",0.99,86710
"OMN",2019,"D","DTP3",2.45386395813811,2.45386395813811,"EMRO","High income",0.99,86710
"OMN",2019,"P","DTP3",79.2714216673585,79.2714216673585,"EMRO","High income",0.99,86710
"OMN",2019,"T","DTP3",9.51940736385605,9.51940736385605,"EMRO","High income",0.99,86710
"OMN",2019,"TB","BCG",7.41161535333396,7.41161535333396,"EMRO","High income",0.99,86710
"OMN",2019,"Rubella","Rubella",103.860942235368,103.860942235368,"EMRO","High income",0.99,86710
"OMN",2020,"HepB","HepB",934.789488362237,934.789488362237,"EMRO","High income",0.99,87108
"OMN",2020,"HepB","HepB_BD",504.039325232048,504.039325232048,"EMRO","High income",0.99,87108
"OMN",2020,"Hib","Hib3",26.2422792658282,26.2422792658282,"EMRO","High income",0.99,87108
"OMN",2020,"Measles","MCV1",467.84559414798,467.84559414798,"EMRO","High income",0.99,87108
"OMN",2020,"Measles","MCV2",74.7037310521741,74.7037310521741,"EMRO","High income",0.99,87108
"OMN",2020,"PCV","PCV3",28.2075656201938,28.2075656201938,"EMRO","High income",0.99,87108
"OMN",2020,"D","DTP3",2.46512722483559,2.46512722483559,"EMRO","High income",0.99,87108
"OMN",2020,"P","DTP3",79.6352784984461,79.6352784984461,"EMRO","High income",0.99,87108
"OMN",2020,"T","DTP3",9.56310156441901,9.56310156441901,"EMRO","High income",0.99,87108
"OMN",2020,"TB","BCG",7.44563476182926,7.44563476182926,"EMRO","High income",0.99,87108
"OMN",2020,"Rubella","Rubella",104.337665277805,104.337665277805,"EMRO","High income",0.99,87108
"OMN",2021,"HepB","HepB",818.826141583039,818.826141583039,"EMRO","High income",0.99,76302
"OMN",2021,"HepB","HepB_BD",441.511785299349,441.511785299349,"EMRO","High income",0.99,76302
"OMN",2021,"Hib","Hib3",22.986848424269,22.986848424269,"EMRO","High income",0.99,76302
"OMN",2021,"Measles","MCV1",409.807991512595,409.807991512595,"EMRO","High income",0.99,76302
"OMN",2021,"Measles","MCV2",65.4365165856522,65.4365165856522,"EMRO","High income",0.99,76302
"OMN",2021,"PCV","PCV3",24.7083353073429,24.7083353073429,"EMRO","High income",0.99,76302
"OMN",2021,"D","DTP3",2.15932104409934,2.15932104409934,"EMRO","High income",0.99,76302
"OMN",2021,"P","DTP3",69.7562912704738,69.7562912704738,"EMRO","High income",0.99,76302
"OMN",2021,"T","DTP3",8.37677108380745,8.37677108380745,"EMRO","High income",0.99,76302
"OMN",2021,"TB","BCG",6.52198217841181,6.52198217841181,"EMRO","High income",0.99,76302
"OMN",2021,"Rubella","Rubella",91.3942753366749,91.3942753366749,"EMRO","High income",0.99,76302
"OMN",2022,"HepB","HepB",834.869562222952,834.869562222952,"EMRO","High income",0.99,77797
"OMN",2022,"HepB","HepB_BD",450.162412006677,450.162412006677,"EMRO","High income",0.99,77797
"OMN",2022,"Hib","Hib3",23.4372342384584,23.4372342384584,"EMRO","High income",0.99,77797
"OMN",2022,"Measles","MCV1",417.837439591431,409.396279195645,"EMRO","High income",0.97,77797
"OMN",2022,"Measles","MCV2",66.7186270453459,66.0447015196353,"EMRO","High income",0.98,77797
"OMN",2022,"PCV","PCV3",25.1924505505145,24.6835121555546,"EMRO","High income",0.97,77797
"OMN",2022,"D","DTP3",2.20162904337759,2.20162904337759,"EMRO","High income",0.99,77797
"OMN",2022,"P","DTP3",71.123039919911,71.123039919911,"EMRO","High income",0.99,77797
"OMN",2022,"T","DTP3",8.54089879697738,8.54089879697738,"EMRO","High income",0.99,77797
"OMN",2022,"TB","BCG",6.64976865002102,6.64976865002102,"EMRO","High income",0.99,77797
"OMN",2022,"Rubella","Rubella",93.1849812372847,91.3024563638042,"EMRO","High income",0.97,77797
"PAK",2019,"HepB","HepB",19787.9933645154,19787.9933645154,"EMRO","Lower middle income",0.84,6004709
"PAK",2019,"Hib","Hib3",14039.6803496209,14039.6803496209,"EMRO","Lower middle income",0.84,6004709
"PAK",2019,"Measles","MCV1",148567.456621031,148567.456621031,"EMRO","Lower middle income",0.81,6004709
"PAK",2019,"Measles","MCV2",13395.7925656821,13395.7925656821,"EMRO","Lower middle income",0.74,5821543
"PAK",2019,"PCV","PCV3",13139.1618416785,13139.1618416785,"EMRO","Lower middle income",0.83,6004709
"PAK",2019,"Rota","Rota",2784.02848626625,2784.02848626625,"EMRO","Lower middle income",0.86,6004709
"PAK",2019,"D","DTP3",1036.3054652023,1036.3054652023,"EMRO","Lower middle income",0.84,6004709
"PAK",2019,"P","DTP3",28059.3489102414,28059.3489102414,"EMRO","Lower middle income",0.84,6004709
"PAK",2019,"T","DTP3",3112.89238836589,3112.89238836589,"EMRO","Lower middle income",0.84,6004709
"PAK",2019,"TB","BCG",7406.68394696242,7406.68394696242,"EMRO","Lower middle income",0.93,6004709
"PAK",2020,"HepB","HepB",19904.9475557188,18957.0929102084,"EMRO","Lower middle income",0.8,6040199
"PAK",2020,"Hib","Hib3",14122.6599337453,13450.1523178526,"EMRO","Lower middle income",0.8,6040199
"PAK",2020,"Measles","MCV1",149445.54397472,153135.557406194,"EMRO","Lower middle income",0.83,6040199
"PAK",2020,"Measles","MCV2",13447.5022671369,13992.6712779667,"EMRO","Lower middle income",0.77,5844015
"PAK",2020,"PCV","PCV3",13216.8190360173,13057.5802524508,"EMRO","Lower middle income",0.82,6040199
"PAK",2020,"Rota","Rota",2800.48310063268,2735.35558666448,"EMRO","Lower middle income",0.84,6040199
"PAK",2020,"D","DTP3",1042.43040497208,992.790861878169,"EMRO","Lower middle income",0.8,6040199
"PAK",2020,"P","DTP3",28225.1898015859,26881.1331443675,"EMRO","Lower middle income",0.8,6040199
"PAK",2020,"T","DTP3",3131.29070722915,2982.18162593252,"EMRO","Lower middle income",0.8,6040199
"PAK",2020,"TB","BCG",7450.46012550457,7290.23517656899,"EMRO","Lower middle income",0.91,6040199
"PAK",2021,"HepB","HepB",20047.4148308415,19808.7551304743,"EMRO","Lower middle income",0.83,6083431
"PAK",2021,"Hib","Hib3",14223.7411786274,14054.4109265009,"EMRO","Lower middle income",0.83,6083431
"PAK",2021,"Measles","MCV1",150515.182534164,150515.182534164,"EMRO","Lower middle income",0.81,6083431
"PAK",2021,"Measles","MCV2",13521.6796405836,14435.3066433257,"EMRO","Lower middle income",0.79,5876251
"PAK",2021,"PCV","PCV3",13311.4168333026,13311.4168333026,"EMRO","Lower middle income",0.83,6083431
"PAK",2021,"Rota","Rota",2820.52722259067,2853.32405076033,"EMRO","Lower middle income",0.87,6083431
"PAK",2021,"D","DTP3",1049.89147558709,1037.39276754439,"EMRO","Lower middle income",0.83,6083431
"PAK",2021,"P","DTP3",28427.2082128174,28088.7890674267,"EMRO","Lower middle income",0.83,6083431
"PAK",2021,"T","DTP3",3153.70254496081,3116.15846704461,"EMRO","Lower middle income",0.83,6083431
"PAK",2021,"TB","BCG",7503.78590039143,7503.78590039143,"EMRO","Lower middle income",0.93,6083431
"PAK",2022,"HPV","HPV",11231.2444689021,0,"EMRO","Lower middle income",0,2812099
"PAK",2022,"HepB","HepB",20305.8403344393,20350.3431182017,"EMRO","Lower middle income",0.85,6102704
"PAK",2022,"Hib","Hib3",14407.0953670925,14438.6703149502,"EMRO","Lower middle income",0.85,6102704
"PAK",2022,"Measles","MCV1",153429.966021648,152856.130875962,"EMRO","Lower middle income",0.82,6102704
"PAK",2022,"Measles","MCV2",14112.1826223082,14550.7522285642,"EMRO","Lower middle income",0.79,5923246
"PAK",2022,"PCV","PCV3",13510.1835459774,13675.3621397625,"EMRO","Lower middle income",0.85,6102704
"PAK",2022,"Rota","Rota",2846.36533478333,2895.26443750731,"EMRO","Lower middle income",0.88,6102704
"PAK",2022,"D","DTP3",1063.42532698843,1065.75595633423,"EMRO","Lower middle income",0.85,6102704
"PAK",2022,"P","DTP3",28793.6552415373,28856.7601311572,"EMRO","Lower middle income",0.85,6102704
"PAK",2022,"T","DTP3",3194.35602448703,3201.35685444908,"EMRO","Lower middle income",0.85,6102704
"PAK",2022,"TB","BCG",7527.55874595477,7689.44172973874,"EMRO","Lower middle income",0.95,6102704
"PAN",2019,"HPV","HPV",332.392080084081,332.392080084081,"PAHO","High income",0.73,36617
"PAN",2019,"HepB","HepB",1056.72590847916,1056.72590847916,"PAHO","High income",0.88,77470
"PAN",2019,"HepB","HepB_BD",254.276315082651,254.276315082651,"PAHO","High income",0.85,77470
"PAN",2019,"Hib","Hib3",54.1650373768692,54.1650373768692,"PAHO","High income",0.88,77470
"PAN",2019,"Measles","MCV1",856.68712595304,856.68712595304,"PAHO","High income",0.97,77470
"PAN",2019,"Measles","MCV2",136.386823831888,136.386823831888,"PAHO","High income",0.97,77470
"PAN",2019,"PCV","PCV3",68.2346452024491,68.2346452024491,"PAHO","High income",0.96,77470
"PAN",2019,"Rota","Rota",17.7007704777987,17.7007704777987,"PAHO","High income",0.94,77470
"PAN",2019,"YF","YF",5.52460922603503,5.52460922603503,"PAHO","High income",0.07,77470
"PAN",2019,"D","DTP3",2.96587104644275,2.96587104644275,"PAHO","High income",0.88,77470
"PAN",2019,"P","DTP3",122.36902956742,122.36902956742,"PAHO","High income",0.88,77470
"PAN",2019,"T","DTP3",12.8950613870557,12.8950613870557,"PAHO","High income",0.88,77470
"PAN",2019,"TB","BCG",14.6320112056149,14.6320112056149,"PAHO","High income",0.99,77470
"PAN",2019,"Rubella","Rubella",74.7936082994015,74.7936082994015,"PAHO","High income",0.97,77470
"PAN",2020,"HPV","HPV",745.15366606642,0,"PAHO","High income",0,36627
"PAN",2020,"HepB","HepB",1040.61653326406,875.063902972047,"PAHO","High income",0.74,76289
"PAN",2020,"HepB","HepB_BD",250.399971619212,253.345853638262,"PAHO","High income",0.86,76289
"PAN",2020,"Hib","Hib3",53.3393124621657,44.8535127522757,"PAHO","High income",0.74,76289
"PAN",2020,"Measles","MCV1",843.627264125875,695.775063196598,"PAHO","High income",0.8,76289
"PAN",2020,"Measles","MCV2",134.307659781992,102.461513648118,"PAHO","High income",0.74,76289
"PAN",2020,"PCV","PCV3",67.1944345920955,51.7957099980736,"PAHO","High income",0.74,76289
"PAN",2020,"Rota","Rota",17.430929120702,15.9474457912806,"PAHO","High income",0.86,76289
"PAN",2020,"YF","YF",5.44038870846762,3.88599193461973,"PAHO","High income",0.05,76289
"PAN",2020,"D","DTP3",2.92065749660606,2.45600744032782,"PAHO","High income",0.74,76289
"PAN",2020,"P","DTP3",120.5035613356,101.332540214027,"PAHO","High income",0.74,76289
"PAN",2020,"T","DTP3",12.6984811947475,10.6782682774013,"PAHO","High income",0.74,76289
"PAN",2020,"TB","BCG",14.408951889314,14.408951889314,"PAHO","High income",0.99,76289
"PAN",2020,"Rubella","Rubella",73.6534088492712,60.7450794633165,"PAHO","High income",0.8,76289
"PAN",2021,"HPV","HPV",750.833964355238,0,"PAHO","High income",0,36906
"PAN",2021,"HepB","HepB",1037.73839764137,1025.94591585,"PAHO","High income",0.87,76078
"PAN",2021,"HepB","HepB_BD",249.707415759106,255.582884365202,"PAHO","High income",0.87,76078
"PAN",2021,"Hib","Hib3",53.1917866730019,52.5873345517178,"PAHO","High income",0.87,76078
"PAN",2021,"Measles","MCV1",841.293961123731,797.928293024569,"PAHO","High income",0.92,76078
"PAN",2021,"Measles","MCV2",133.936191861139,103.558911232839,"PAHO","High income",0.75,76078
"PAN",2021,"PCV","PCV3",67.0085883272482,60.7265331715687,"PAHO","High income",0.87,76078
"PAN",2021,"Rota","Rota",17.38271868349,15.5334932916294,"PAHO","High income",0.84,76078
"PAN",2021,"YF","YF",5.4253416896643,3.87524406404593,"PAHO","High income",0.05,76078
"PAN",2021,"D","DTP3",2.91257954655056,2.87948205170339,"PAHO","High income",0.87,76078
"PAN",2021,"P","DTP3",120.170272769203,118.804701487735,"PAHO","High income",0.87,76078
"PAN",2021,"T","DTP3",12.6633597548008,12.5194579394054,"PAHO","High income",0.87,76078
"PAN",2021,"TB","BCG",14.3690996321256,14.3690996321256,"PAHO","High income",0.99,76078
"PAN",2021,"Rubella","Rubella",73.4496983632615,69.6636314373202,"PAHO","High income",0.92,76078
"PAN",2022,"HPV","HPV",862.471472996926,0,"PAHO","High income",0,37673
"PAN",2022,"HepB","HepB",1046.81683739434,1026.78201362836,"PAHO","High income",0.87,76140
"PAN",2022,"HepB","HepB_BD",253.491806406733,255.791172422599,"PAHO","High income",0.87,76140
"PAN",2022,"Hib","Hib3",53.6571240179059,52.6301907616892,"PAHO","High income",0.87,76140
"PAN",2022,"Measles","MCV1",841.979576223887,798.578567140181,"PAHO","High income",0.92,76140
"PAN",2022,"Measles","MCV2",134.045343572479,103.643306885938,"PAHO","High income",0.75,76140
"PAN",2022,"PCV","PCV3",67.0631971823218,60.7760224464792,"PAHO","High income",0.87,76140
"PAN",2022,"Rota","Rota",17.3968847835239,15.5461523597448,"PAHO","High income",0.84,76140
"PAN",2022,"YF","YF",23.44960727103,3.87840220611027,"PAHO","High income",0.05,76140
"PAN",2022,"D","DTP3",2.93805964635141,2.88182869445433,"PAHO","High income",0.87,76140
"PAN",2022,"P","DTP3",121.221557547633,118.901521744475,"PAHO","High income",0.87,76140
"PAN",2022,"T","DTP3",12.774142538656,12.5296607101439,"PAHO","High income",0.87,76140
"PAN",2022,"TB","BCG",14.3808097740483,14.3808097740483,"PAHO","High income",0.99,76140
"PAN",2022,"Rubella","Rubella",73.509556420762,69.7204040279392,"PAHO","High income",0.92,76140
"PER",2019,"HepB","HepB",776.448582482827,776.448582482827,"PAHO","Upper middle income",0.88,579377
"PER",2019,"HepB","HepB_BD",451.600518295485,451.600518295485,"PAHO","Upper middle income",0.82,579377
"PER",2019,"Hib","Hib3",333.079964114293,333.079964114293,"PAHO","Upper middle income",0.88,579377
"PER",2019,"Measles","MCV1",5081.95626900294,5081.95626900294,"PAHO","Upper middle income",0.85,579377
"PER",2019,"Measles","MCV2",362.548173293077,362.548173293077,"PAHO","Upper middle income",0.66,573068
"PER",2019,"PCV","PCV3",316.981010334979,316.981010334979,"PAHO","Upper middle income",0.8,579377
"PER",2019,"Rota","Rota",67.6299492995794,67.6299492995794,"PAHO","Upper middle income",0.9,579377
"PER",2019,"YF","YF",331.393318402323,331.393318402323,"PAHO","Upper middle income",0.57,579377
"PER",2019,"D","DTP3",33.5398115929392,33.5398115929392,"PAHO","Upper middle income",0.88,579377
"PER",2019,"P","DTP3",1211.38873150164,1211.38873150164,"PAHO","Upper middle income",0.88,579377
"PER",2019,"T","DTP3",124.662079121915,124.662079121915,"PAHO","Upper middle income",0.88,579377
"PER",2019,"TB","BCG",171.170009598224,171.170009598224,"PAHO","Upper middle income",0.94,579377
"PER",2019,"Rubella","Rubella",287.91117473484,287.91117473484,"PAHO","Upper middle income",0.85,579377
"PER",2020,"HPV","HPV",2663.84972502551,0,"PAHO","Upper middle income",0,298750
"PER",2020,"HepB","HepB",787.617342178866,644.414189055436,"PAHO","Upper middle income",0.72,587711
"PER",2020,"HepB","HepB_BD",458.09652818106,418.990726994872,"PAHO","Upper middle income",0.75,587711
"PER",2020,"Hib","Hib3",337.871125000777,276.440011364272,"PAHO","Upper middle income",0.72,587711
"PER",2020,"Measles","MCV1",5155.05724392233,4669.87538567081,"PAHO","Upper middle income",0.77,587711
"PER",2020,"Measles","MCV2",364.855426861589,287.461851466706,"PAHO","Upper middle income",0.52,576715
"PER",2020,"PCV","PCV3",321.54059716727,297.425052379724,"PAHO","Upper middle income",0.74,587711
"PER",2020,"Rota","Rota",68.6027666490128,57.9312251702775,"PAHO","Upper middle income",0.76,587711
"PER",2020,"YF","YF",336.160217874627,294.87738410055,"PAHO","Upper middle income",0.5,587711
"PER",2020,"D","DTP3",34.0222622076781,27.8363963517366,"PAHO","Upper middle income",0.72,587711
"PER",2020,"P","DTP3",1228.81385139479,1005.39315114119,"PAHO","Upper middle income",0.72,587711
"PER",2020,"T","DTP3",126.455270372865,103.463403032344,"PAHO","Upper middle income",0.72,587711
"PER",2020,"TB","BCG",173.632190285396,160.702133562015,"PAHO","Upper middle income",0.87,587711
"PER",2020,"Rubella","Rubella",292.052608948211,264.565304576614,"PAHO","Upper middle income",0.77,587711
"PER",2021,"HPV","HPV",2670.43021405335,0,"PAHO","Upper middle income",0,299488
"PER",2021,"HepB","HepB",789.56189105323,735.728125754146,"PAHO","Upper middle income",0.82,589162
"PER",2021,"HepB","HepB_BD",459.227522942755,431.225844714538,"PAHO","Upper middle income",0.77,589162
"PER",2021,"Hib","Hib3",338.705295200715,315.611752346121,"PAHO","Upper middle income",0.82,589162
"PER",2021,"Measles","MCV1",5167.7845674894,4742.20230899028,"PAHO","Upper middle income",0.78,589162
"PER",2021,"Measles","MCV2",367.308188606892,333.916535097174,"PAHO","Upper middle income",0.6,580592
"PER",2021,"PCV","PCV3",322.334448918368,302.18854586097,"PAHO","Upper middle income",0.75,589162
"PER",2021,"Rota","Rota",68.7721400560236,62.6590609399326,"PAHO","Upper middle income",0.82,589162
"PER",2021,"YF","YF",336.990164015053,360.638596577513,"PAHO","Upper middle income",0.61,589162
"PER",2021,"D","DTP3",34.1062597889099,31.7808329851206,"PAHO","Upper middle income",0.82,589162
"PER",2021,"P","DTP3",1231.84767056505,1147.85805666289,"PAHO","Upper middle income",0.82,589162
"PER",2021,"T","DTP3",126.767475857042,118.124238866789,"PAHO","Upper middle income",0.82,589162
"PER",2021,"TB","BCG",174.060870892198,161.098891144906,"PAHO","Upper middle income",0.87,589162
"PER",2021,"Rubella","Rubella",292.773657789535,268.662885971574,"PAHO","Upper middle income",0.78,589162
"PER",2022,"HPV","HPV",2990.25045162585,0,"PAHO","Upper middle income",0,298094
"PER",2022,"HepB","HepB",796.231286678566,736.10775198637,"PAHO","Upper middle income",0.82,589466
"PER",2022,"HepB","HepB_BD",469.512121104639,442.654802386932,"PAHO","Upper middle income",0.79,589466
"PER",2022,"Hib","Hib3",341.566324386251,315.774603943327,"PAHO","Upper middle income",0.82,589466
"PER",2022,"Measles","MCV1",5244.53676048013,4501.3338794387,"PAHO","Upper middle income",0.74,589466
"PER",2022,"Measles","MCV2",402.960422987637,304.437038584174,"PAHO","Upper middle income",0.54,588150
"PER",2022,"PCV","PCV3",331.377654718516,286.219432789584,"PAHO","Upper middle income",0.71,589466
"PER",2022,"Rota","Rota",69.1046874637307,64.2204505544821,"PAHO","Upper middle income",0.84,589466
"PER",2022,"YF","YF",383.623695417614,307.588253036039,"PAHO","Upper middle income",0.52,589466
"PER",2022,"D","DTP3",34.3943539109923,31.79723148541,"PAHO","Upper middle income",0.82,589466
"PER",2022,"P","DTP3",1242.25303531003,1148.45033662871,"PAHO","Upper middle income",0.82,589466
"PER",2022,"T","DTP3",127.838275320005,118.185189451884,"PAHO","Upper middle income",0.82,589466
"PER",2022,"TB","BCG",174.150684058612,164.887349800175,"PAHO","Upper middle income",0.89,589466
"PER",2022,"Rubella","Rubella",297.121946692023,255.016819606989,"PAHO","Upper middle income",0.74,589466
"PHL",2019,"HepB","HepB",21131.5808363127,21131.5808363127,"WPRO","Lower middle income",0.71,2386309
"PHL",2019,"HepB","HepB_BD",3359.75242710386,3359.75242710386,"WPRO","Lower middle income",0.6,2386309
"PHL",2019,"Hib","Hib3",1905.26077306169,1905.26077306169,"WPRO","Lower middle income",0.71,2386309
"PHL",2019,"Measles","MCV1",9902.68549660753,9902.68549660753,"WPRO","Lower middle income",0.75,2386309
"PHL",2019,"Measles","MCV2",1157.82239061314,1157.82239061314,"WPRO","Lower middle income",0.69,2333421
"PHL",2019,"PCV","PCV3",1458.67818785424,1458.67818785424,"WPRO","Lower middle income",0.53,2386309
"PHL",2019,"Rota","Rota",0,0,"WPRO","Lower middle income",0,2386309
"PHL",2019,"D","DTP3",396.753520261228,396.753520261228,"WPRO","Lower middle income",0.71,2386309
"PHL",2019,"P","DTP3",9876.55212506078,9876.55212506078,"WPRO","Lower middle income",0.71,2386309
"PHL",2019,"T","DTP3",954.033414443233,954.033414443233,"WPRO","Lower middle income",0.71,2386309
"PHL",2019,"TB","BCG",2118.26554077619,2118.26554077619,"WPRO","Lower middle income",0.7,2386309
"PHL",2019,"Rubella","Rubella",862.496138630348,862.496138630348,"WPRO","Lower middle income",0.75,2386309
"PHL",2020,"HPV","HPV",3115.82051595505,0,"WPRO","Lower middle income",0,1099670
"PHL",2020,"HepB","HepB",21310.9103546258,21310.9103546258,"WPRO","Lower middle income",0.71,2406560
"PHL",2020,"HepB","HepB_BD",3388.26438695536,2992.9668751439,"WPRO","Lower middle income",0.53,2406560
"PHL",2020,"Hib","Hib3",1921.42944020214,1921.42944020214,"WPRO","Lower middle income",0.71,2406560
"PHL",2020,"Measles","MCV1",9986.72293014686,9587.25401294098,"WPRO","Lower middle income",0.72,2406560
"PHL",2020,"Measles","MCV2",1169.18466725446,1152.23996193193,"WPRO","Lower middle income",0.68,2356320
"PHL",2020,"PCV","PCV3",1471.05700886286,1831.88231292356,"WPRO","Lower middle income",0.66,2406560
"PHL",2020,"Rota","Rota",0,0,"WPRO","Lower middle income",0,2406560
"PHL",2020,"D","DTP3",400.120500622451,400.120500622451,"WPRO","Lower middle income",0.71,2406560
"PHL",2020,"P","DTP3",9960.36778224709,9960.36778224709,"WPRO","Lower middle income",0.71,2406560
"PHL",2020,"T","DTP3",962.129654567999,962.129654567999,"WPRO","Lower middle income",0.71,2406560
"PHL",2020,"TB","BCG",2136.24183616218,1953.13539306257,"WPRO","Lower middle income",0.64,2406560
"PHL",2020,"Rubella","Rubella",869.815563442224,835.022940904535,"WPRO","Lower middle income",0.72,2406560
"PHL",2021,"HPV","HPV",4695.94190729492,0,"WPRO","Lower middle income",0,1104896
"PHL",2021,"HepB","HepB",21464.1608925709,17231.7911391062,"WPRO","Lower middle income",0.57,2423866
"PHL",2021,"HepB","HepB_BD",3412.62999740374,2218.20949831243,"WPRO","Lower middle income",0.39,2423866
"PHL",2021,"Hib","Hib3",1935.24678026104,1553.64882358985,"WPRO","Lower middle income",0.57,2423866
"PHL",2021,"Measles","MCV1",10058.5392268646,7644.48981241712,"WPRO","Lower middle income",0.57,2423866
"PHL",2021,"Measles","MCV2",1178.04217196314,939.019122579314,"WPRO","Lower middle income",0.55,2374171
"PHL",2021,"PCV","PCV3",1481.63564085017,1425.72486195016,"WPRO","Lower middle income",0.51,2423866
"PHL",2021,"Rota","Rota",0,0,"WPRO","Lower middle income",0,2423866
"PHL",2021,"D","DTP3",402.997838143133,323.533475692374,"WPRO","Lower middle income",0.57,2423866
"PHL",2021,"P","DTP3",10031.9945544196,8053.85478312562,"WPRO","Lower middle income",0.57,2423866
"PHL",2021,"T","DTP3",969.048499642276,777.96851379732,"WPRO","Lower middle income",0.57,2423866
"PHL",2021,"TB","BCG",2151.60393027852,1444.64835318701,"WPRO","Lower middle income",0.47,2423866
"PHL",2021,"Rubella","Rubella",876.070561506237,665.81362674474,"WPRO","Lower middle income",0.57,2423866
"PHL",2022,"HPV","HPV",5352.54341397137,0,"WPRO","Lower middle income",0,1111223
"PHL",2022,"HepB","HepB",22195.523176729,21876.9996516765,"WPRO","Lower middle income",0.72,2436174
"PHL",2022,"HepB","HepB_BD",3666.06015328098,3029.79692344542,"WPRO","Lower middle income",0.53,2436174
"PHL",2022,"Hib","Hib3",2001.18769976426,1972.4690543264,"WPRO","Lower middle income",0.72,2436174
"PHL",2022,"Measles","MCV1",10295.5566013773,9300.8456750787,"WPRO","Lower middle income",0.69,2436174
"PHL",2022,"Measles","MCV2",1229.45338742571,1101.99609746366,"WPRO","Lower middle income",0.64,2394420
"PHL",2022,"PCV","PCV3",1646.54263941553,1994.91131052459,"WPRO","Lower middle income",0.71,2436174
"PHL",2022,"Rota","Rota",0,0,"WPRO","Lower middle income",0,2436174
"PHL",2022,"D","DTP3",416.729445024497,410.749043897412,"WPRO","Lower middle income",0.72,2436174
"PHL",2022,"P","DTP3",10373.8212155551,10224.9485768913,"WPRO","Lower middle income",0.72,2436174
"PHL",2022,"T","DTP3",1002.06751807517,987.687047037995,"WPRO","Lower middle income",0.72,2436174
"PHL",2022,"TB","BCG",2231.22862004005,1946.27648472239,"WPRO","Lower middle income",0.63,2436174
"PHL",2022,"Rubella","Rubella",896.714110205781,810.077577794459,"WPRO","Lower middle income",0.69,2436174
"PNG",2019,"HepB","HepB",1611.08583611744,1611.08583611744,"WPRO","Lower middle income",0.35,242521
"PNG",2019,"HepB","HepB_BD",271.704870713259,271.704870713259,"WPRO","Lower middle income",0.21,242521
"PNG",2019,"Hib","Hib3",225.487379543352,225.487379543352,"WPRO","Lower middle income",0.35,242521
"PNG",2019,"Measles","MCV1",1200.78572117752,1200.78572117752,"WPRO","Lower middle income",0.37,242521
"PNG",2019,"PCV","PCV3",205.00107606489,205.00107606489,"WPRO","Lower middle income",0.35,242521
"PNG",2019,"D","DTP3",19.3320837622778,19.3320837622778,"WPRO","Lower middle income",0.35,242521
"PNG",2019,"P","DTP3",507.26589458872,507.26589458872,"WPRO","Lower middle income",0.35,242521
"PNG",2019,"T","DTP3",62.0114365382377,62.0114365382377,"WPRO","Lower middle income",0.35,242521
"PNG",2019,"TB","BCG",158.460547780835,158.460547780835,"WPRO","Lower middle income",0.45,242521
"PNG",2019,"Rubella","Rubella",72.0781785488461,72.0781785488461,"WPRO","Lower middle income",0.37,242521
"PNG",2020,"HepB","HepB",1620.71165564042,1805.93584485647,"WPRO","Lower middle income",0.39,243970
"PNG",2020,"HepB","HepB_BD",273.328236762646,312.375127728739,"WPRO","Lower middle income",0.24,243970
"PNG",2020,"Hib","Hib3",226.834608084214,252.758563293838,"WPRO","Lower middle income",0.39,243970
"PNG",2020,"Measles","MCV1",1207.96010405564,1534.43580785447,"WPRO","Lower middle income",0.47,243970
"PNG",2020,"PCV","PCV3",206.22590426211,229.794579034923,"WPRO","Lower middle income",0.39,243970
"PNG",2020,"D","DTP3",19.4475879428293,21.6701694220098,"WPRO","Lower middle income",0.39,243970
"PNG",2020,"P","DTP3",510.296676588048,568.616296769539,"WPRO","Lower middle income",0.39,243970
"PNG",2020,"T","DTP3",62.3819387691534,69.5113031999138,"WPRO","Lower middle income",0.39,243970
"PNG",2020,"TB","BCG",159.407308406654,184.204000825467,"WPRO","Lower middle income",0.52,243970
"PNG",2020,"Rubella","Rubella",72.508826949262,92.1058072058193,"WPRO","Lower middle income",0.47,243970
"PNG",2021,"HepB","HepB",1634.18381712601,1447.41995231161,"WPRO","Lower middle income",0.31,245998
"PNG",2021,"HepB","HepB_BD",275.600277030526,288.724099746265,"WPRO","Lower middle income",0.22,245998
"PNG",2021,"Hib","Hib3",228.720170182811,202.580722161919,"WPRO","Lower middle income",0.31,245998
"PNG",2021,"Measles","MCV1",1218.00126932607,1250.9202225511,"WPRO","Lower middle income",0.38,245998
"PNG",2021,"PCV","PCV3",207.940156562981,190.116714571869,"WPRO","Lower middle income",0.32,245998
"PNG",2021,"D","DTP3",19.6092459677835,17.3681892857511,"WPRO","Lower middle income",0.31,245998
"PNG",2021,"P","DTP3",514.538516404913,455.734114530066,"WPRO","Lower middle income",0.31,245998
"PNG",2021,"T","DTP3",62.9004884753625,55.7118612210354,"WPRO","Lower middle income",0.31,245998
"PNG",2021,"TB","BCG",160.732381249417,150.016889166122,"WPRO","Lower middle income",0.42,245998
"PNG",2021,"Rubella","Rubella",73.1115563875253,75.087544397999,"WPRO","Lower middle income",0.38,245998
"PNG",2022,"HPV","HPV",1157.25809033204,0,"WPRO","Lower middle income",0,108837
"PNG",2022,"HepB","HepB",1878.12019282082,1684.69436317937,"WPRO","Lower middle income",0.36,246557
"PNG",2022,"HepB","HepB_BD",378.810962712477,315.687479474585,"WPRO","Lower middle income",0.24,246557
"PNG",2022,"Hib","Hib3",262.861475939232,235.789620123681,"WPRO","Lower middle income",0.36,246557
"PNG",2022,"Measles","MCV1",1378.26476666189,1451.72532871548,"WPRO","Lower middle income",0.44,246557
"PNG",2022,"PCV","PCV3",238.979607340674,208.412674825401,"WPRO","Lower middle income",0.35,246557
"PNG",2022,"D","DTP3",22.5363392001112,20.2153428530588,"WPRO","Lower middle income",0.36,246557
"PNG",2022,"P","DTP3",591.344234055413,530.442248382143,"WPRO","Lower middle income",0.36,246557
"PNG",2022,"T","DTP3",72.2897120298444,64.8446626781772,"WPRO","Lower middle income",0.36,246557
"PNG",2022,"TB","BCG",173.249789782055,171.837467399301,"WPRO","Lower middle income",0.48,246557
"PNG",2022,"Rubella","Rubella",82.7315083673894,87.1410407382481,"WPRO","Lower middle income",0.44,246557
"POL",2019,"HepB","HepB",2411.32086268393,2411.32086268393,"EURO","High income",0.91,377235
"POL",2019,"HepB","HepB_BD",1582.93898868861,1582.93898868861,"EURO","High income",0.93,377235
"POL",2019,"Hib","Hib3",49.5563207887915,49.5563207887915,"EURO","High income",0.95,377235
"POL",2019,"Measles","MCV1",1001.98840253984,1001.98840253984,"EURO","High income",0.93,377235
"POL",2019,"Measles","MCV2",156.498674602758,156.498674602758,"EURO","High income",0.92,377235
"POL",2019,"PCV","PCV3",32.2541424865715,32.2541424865715,"EURO","High income",0.6,377235
"POL",2019,"D","DTP3",6.46005228279792,6.46005228279792,"EURO","High income",0.95,377235
"POL",2019,"P","DTP3",179.470501149933,179.470501149933,"EURO","High income",0.95,377235
"POL",2019,"T","DTP3",24.0805740669492,24.0805740669492,"EURO","High income",0.95,377235
"POL",2019,"TB","BCG",15.7140637435455,15.7140637435455,"EURO","High income",0.92,377235
"POL",2019,"Rubella","Rubella",272.386276165546,272.386276165546,"EURO","High income",0.93,377235
"POL",2020,"HepB","HepB",2283.76666486332,2258.6703278868,"EURO","High income",0.9,357280
"POL",2020,"HepB","HepB_BD",1499.20458567913,1273.51787385647,"EURO","High income",0.79,357280
"POL",2020,"Hib","Hib3",46.9348875142005,44.464630276611,"EURO","High income",0.9,357280
"POL",2020,"Measles","MCV1",948.985159010785,816.33131957917,"EURO","High income",0.8,357280
"POL",2020,"Measles","MCV2",148.22019818435,153.053465516449,"EURO","High income",0.95,357280
"POL",2020,"PCV","PCV3",30.5479608933483,31.56622625646,"EURO","High income",0.62,357280
"POL",2020,"D","DTP3",6.11832804378714,5.79631077832466,"EURO","High income",0.9,357280
"POL",2020,"P","DTP3",169.976859652069,161.030709144065,"EURO","High income",0.9,357280
"POL",2020,"T","DTP3",22.8067583936793,21.6064026887488,"EURO","High income",0.9,357280
"POL",2020,"TB","BCG",14.8828202428034,14.7210504575556,"EURO","High income",0.91,357280
"POL",2020,"Rubella","Rubella",257.977570343225,221.916189542559,"EURO","High income",0.8,357280
"POL",2021,"HepB","HepB",2376.6885076956,2350.57105156708,"EURO","High income",0.9,371817
"POL",2021,"HepB","HepB_BD",1560.20418560641,1325.33473831082,"EURO","High income",0.79,371817
"POL",2021,"Hib","Hib3",48.8445730823653,46.2738060780303,"EURO","High income",0.9,371817
"POL",2021,"Measles","MCV1",987.597444211579,753.972242355077,"EURO","High income",0.71,371817
"POL",2021,"Measles","MCV2",154.250978023709,159.280901220134,"EURO","High income",0.95,371817
"POL",2021,"PCV","PCV3",31.7908955874443,32.320743847235,"EURO","High income",0.61,371817
"POL",2021,"D","DTP3",6.36727042727497,6.03215093110261,"EURO","High income",0.9,371817
"POL",2021,"P","DTP3",176.89287400709,167.582722743559,"EURO","High income",0.9,371817
"POL",2021,"T","DTP3",23.734719227672,22.4855234788471,"EURO","High income",0.9,371817
"POL",2021,"TB","BCG",15.4883720729356,15.4883720729356,"EURO","High income",0.92,371817
"POL",2021,"Rubella","Rubella",268.474155486752,204.964140210316,"EURO","High income",0.71,371817
"POL",2022,"HepB","HepB",2330.3033573071,2290.37440226643,"EURO","High income",0.9,362295
"POL",2022,"HepB","HepB_BD",1524.44731195192,1291.39374750568,"EURO","High income",0.79,362295
"POL",2022,"Hib","Hib3",47.5936942228988,45.0887629480093,"EURO","High income",0.9,362295
"POL",2022,"Measles","MCV1",964.963613742495,734.663486457135,"EURO","High income",0.71,362295
"POL",2022,"Measles","MCV2",150.965721977681,155.201817312141,"EURO","High income",0.95,362295
"POL",2022,"PCV","PCV3",35.2370756230236,31.4930298833405,"EURO","High income",0.61,362295
"POL",2022,"D","DTP3",6.20420862803365,5.87767133182135,"EURO","High income",0.9,362295
"POL",2022,"P","DTP3",172.362758530134,163.291034396969,"EURO","High income",0.9,362295
"POL",2022,"T","DTP3",23.1268879652878,21.9096833355358,"EURO","High income",0.9,362295
"POL",2022,"TB","BCG",15.1584988452409,15.0917245853853,"EURO","High income",0.92,362295
"POL",2022,"Rubella","Rubella",262.321245152452,199.715137224754,"EURO","High income",0.71,362295
"PRK",2019,"HepB","HepB",2754.90278741791,2754.90278741791,"SEARO","Low income",0.97,341313
"PRK",2019,"HepB","HepB_BD",2255.34707745933,2255.34707745933,"SEARO","Low income",0.98,341313
"PRK",2019,"Hib","Hib3",361.602560052442,361.602560052442,"SEARO","Low income",0.97,341313
"PRK",2019,"Measles","MCV1",1546.446974738,1546.446974738,"SEARO","Low income",0.98,341313
"PRK",2019,"Measles","MCV2",178.478352227081,178.478352227081,"SEARO","Low income",0.98,337294
"PRK",2019,"D","DTP3",27.1129458499059,27.1129458499059,"SEARO","Low income",0.97,341313
"PRK",2019,"P","DTP3",893.989574142997,893.989574142997,"SEARO","Low income",0.97,341313
"PRK",2019,"T","DTP3",108.362456996437,108.362456996437,"SEARO","Low income",0.97,341313
"PRK",2019,"TB","BCG",124.315095659242,124.315095659242,"SEARO","Low income",0.96,341313
"PRK",2020,"HepB","HepB",2769.28617383207,2769.28617383207,"SEARO","Low income",0.97,343095
"PRK",2020,"HepB","HepB_BD",2267.12227644686,2290.25617722693,"SEARO","Low income",0.99,343095
"PRK",2020,"Hib","Hib3",363.490492132419,363.490492132419,"SEARO","Low income",0.97,343095
"PRK",2020,"Measles","MCV1",1554.52099626364,1570.38345540919,"SEARO","Low income",0.99,343095
"PRK",2020,"Measles","MCV2",179.410181368043,181.240897504452,"SEARO","Low income",0.99,339055
"PRK",2020,"D","DTP3",27.2545029236316,27.2545029236316,"SEARO","Low income",0.97,343095
"PRK",2020,"P","DTP3",898.657106352795,898.657106352795,"SEARO","Low income",0.97,343095
"PRK",2020,"T","DTP3",108.928218916926,108.928218916926,"SEARO","Low income",0.97,343095
"PRK",2020,"TB","BCG",124.964146531798,128.869276110917,"SEARO","Low income",0.99,343095
"PRK",2021,"HepB","HepB",2751.05268903432,1162.81608505574,"SEARO","Low income",0.41,340836
"PRK",2021,"HepB","HepB_BD",2252.19513025559,2275.17671321739,"SEARO","Low income",0.99,340836
"PRK",2021,"Hib","Hib3",361.09720449568,152.628715302298,"SEARO","Low income",0.41,340836
"PRK",2021,"Measles","MCV1",1544.28574675386,661.836748608797,"SEARO","Low income",0.42,340836
"PRK",2021,"Measles","MCV2",180.062620511034,75.3323208260449,"SEARO","Low income",0.41,340288
"PRK",2021,"D","DTP3",27.0750543099692,11.4440951207086,"SEARO","Low income",0.41,340836
"PRK",2021,"P","DTP3",892.740184208051,377.343789201341,"SEARO","Low income",0.41,340836
"PRK",2021,"T","DTP3",108.211015674286,45.7386767283065,"SEARO","Low income",0.41,340836
"PRK",2021,"TB","BCG",124.141359819618,122.848220654831,"SEARO","Low income",0.95,340836
"PRK",2022,"HepB","HepB",2748.18933709205,0,"SEARO","Low income",0,340018
"PRK",2022,"HepB","HepB_BD",2246.78990423326,1146.32137971085,"SEARO","Low income",0.5,340018
"PRK",2022,"Hib","Hib3",360.721367134962,0,"SEARO","Low income",0,340018
"PRK",2022,"Measles","MCV1",1540.57948995926,0,"SEARO","Low income",0,340018
"PRK",2022,"Measles","MCV2",181.037310617595,0,"SEARO","Low income",0,342130
"PRK",2022,"D","DTP3",27.0468740393206,0,"SEARO","Low income",0,340018
"PRK",2022,"P","DTP3",891.811001953351,0,"SEARO","Low income",0,340018
"PRK",2022,"T","DTP3",108.098387434507,0,"SEARO","Low income",0,340018
"PRK",2022,"TB","BCG",124.225919943466,0,"SEARO","Low income",0,340018
"PRT",2019,"HPV","HPV",452.441952669255,452.441952669255,"EURO","High income",0.91,47370
"PRT",2019,"HepB","HepB",469.014354757183,469.014354757183,"EURO","High income",0.98,86967
"PRT",2019,"HepB","HepB_BD",352.365258023405,352.365258023405,"EURO","High income",0.97,86967
"PRT",2019,"Hib","Hib3",11.5767394876669,11.5767394876669,"EURO","High income",0.99,86967
"PRT",2019,"Measles","MCV1",229.921236847185,229.921236847185,"EURO","High income",0.99,86967
"PRT",2019,"Measles","MCV2",33.9219337693278,33.9219337693278,"EURO","High income",0.96,86967
"PRT",2019,"PCV","PCV3",10.2938667775415,10.2938667775415,"EURO","High income",0.98,86967
"PRT",2019,"D","DTP3",0.371442754590012,0.371442754590012,"EURO","High income",0.99,86967
"PRT",2019,"P","DTP3",14.3786902047575,14.3786902047575,"EURO","High income",0.99,86967
"PRT",2019,"T","DTP3",2.48789962382674,2.48789962382674,"EURO","High income",0.99,86967
"PRT",2019,"Rubella","Rubella",28.832907760283,28.832907760283,"EURO","High income",0.99,86967
"PRT",2020,"HPV","HPV",394.437098914989,0,"EURO","High income",0,50107
"PRT",2020,"HepB","HepB",468.318655793626,473.097417587438,"EURO","High income",0.99,86838
"PRT",2020,"HepB","HepB_BD",351.842587144968,351.842587144968,"EURO","High income",0.97,86838
"PRT",2020,"Hib","Hib3",11.5595674638659,11.5595674638659,"EURO","High income",0.99,86838
"PRT",2020,"Measles","MCV1",229.580189788493,229.580189788493,"EURO","High income",0.99,86838
"PRT",2020,"Measles","MCV2",33.8716166437947,33.5187873037551,"EURO","High income",0.95,86838
"PRT",2020,"PCV","PCV3",10.2785976661049,10.2785976661049,"EURO","High income",0.98,86838
"PRT",2020,"D","DTP3",0.370891785655335,0.370891785655335,"EURO","High income",0.99,86838
"PRT",2020,"P","DTP3",14.3573619878889,14.3573619878889,"EURO","High income",0.99,86838
"PRT",2020,"T","DTP3",2.4842092694225,2.4842092694225,"EURO","High income",0.99,86838
"PRT",2020,"Rubella","Rubella",28.7901392952207,28.7901392952207,"EURO","High income",0.99,86838
"PRT",2021,"HPV","HPV",383.896630009504,0,"EURO","High income",0,48768
"PRT",2021,"HepB","HepB",456.276052804299,460.931930894139,"EURO","High income",0.99,84605
"PRT",2021,"HepB","HepB_BD",342.795113722104,342.795113722104,"EURO","High income",0.97,84605
"PRT",2021,"Hib","Hib3",11.2623184007044,11.2623184007044,"EURO","High income",0.99,84605
"PRT",2021,"Measles","MCV1",223.676638764774,221.417278777251,"EURO","High income",0.98,84605
"PRT",2021,"Measles","MCV2",33.0006233002631,32.656866807552,"EURO","High income",0.95,84605
"PRT",2021,"PCV","PCV3",10.0142881634861,10.0142881634861,"EURO","High income",0.98,84605
"PRT",2021,"D","DTP3",0.361354470685294,0.361354470685294,"EURO","High income",0.99,84605
"PRT",2021,"P","DTP3",13.9881689005428,13.9881689005428,"EURO","High income",0.99,84605
"PRT",2021,"T","DTP3",2.4203289486111,2.4203289486111,"EURO","High income",0.99,84605
"PRT",2021,"Rubella","Rubella",28.0498138496067,27.7664823965803,"EURO","High income",0.98,84605
"PRT",2022,"HPV","HPV",390.304353451673,0,"EURO","High income",0,49582
"PRT",2022,"HepB","HepB",436.047544195574,439.83164877898,"EURO","High income",0.99,80732
"PRT",2022,"HepB","HepB_BD",328.265347415212,327.10283223229,"EURO","High income",0.97,80732
"PRT",2022,"Hib","Hib3",10.7467583372811,10.7467583372811,"EURO","High income",0.99,80732
"PRT",2022,"Measles","MCV1",213.437295677061,211.281363397494,"EURO","High income",0.98,80732
"PRT",2022,"Measles","MCV2",31.6772467987435,31.4899393685579,"EURO","High income",0.96,80732
"PRT",2022,"PCV","PCV3",9.57031545643675,9.55585972477469,"EURO","High income",0.98,80732
"PRT",2022,"D","DTP3",0.344812589413926,0.344812589413926,"EURO","High income",0.99,80732
"PRT",2022,"P","DTP3",13.3478263894406,13.3478263894406,"EURO","High income",0.99,80732
"PRT",2022,"T","DTP3",2.30953249428841,2.30953249428841,"EURO","High income",0.99,80732
"PRT",2022,"Rubella","Rubella",26.7657652822699,26.4954040167924,"EURO","High income",0.98,80732
"PRY",2019,"HepB","HepB",81.3679499400284,81.3679499400284,"PAHO","Upper middle income",0.86,137604
"PRY",2019,"Hib","Hib3",58.0727719068915,58.0727719068915,"PAHO","Upper middle income",0.86,137604
"PRY",2019,"Measles","MCV1",1140.30803714648,1140.30803714648,"PAHO","Upper middle income",0.87,137604
"PRY",2019,"Measles","MCV2",112.42663380185,112.42663380185,"PAHO","Upper middle income",0.83,136300
"PRY",2019,"PCV","PCV3",69.4053291365572,69.4053291365572,"PAHO","Upper middle income",0.89,137604
"PRY",2019,"Rota","Rota",15.6757494830743,15.6757494830743,"PAHO","Upper middle income",0.86,137604
"PRY",2019,"YF","YF",199.141062951681,199.141062951681,"PAHO","Upper middle income",0.92,137604
"PRY",2019,"D","DTP3",10.2249568444129,10.2249568444129,"PAHO","Upper middle income",0.86,137604
"PRY",2019,"P","DTP3",309.425314971515,309.425314971515,"PAHO","Upper middle income",0.86,137604
"PRY",2019,"T","DTP3",34.8363505984342,34.8363505984342,"PAHO","Upper middle income",0.86,137604
"PRY",2019,"TB","BCG",44.7553709079118,44.7553709079118,"PAHO","Upper middle income",0.87,137604
"PRY",2019,"Rubella","Rubella",30.7107111901067,30.7107111901067,"PAHO","Upper middle income",0.87,137604
"PRY",2020,"HPV","HPV",650.591669428971,0,"PAHO","Upper middle income",0,60200
"PRY",2020,"HepB","HepB",81.0391762113093,74.4429641941097,"PAHO","Upper middle income",0.79,137048
"PRY",2020,"Hib","Hib3",57.8381242136542,53.130369917194,"PAHO","Upper middle income",0.79,137048
"PRY",2020,"Measles","MCV1",1135.70053105179,1044.32232740395,"PAHO","Upper middle income",0.8,137048
"PRY",2020,"Measles","MCV2",112.546236603767,97.6304703068823,"PAHO","Upper middle income",0.72,136445
"PRY",2020,"PCV","PCV3",69.1248913367844,63.6881021305205,"PAHO","Upper middle income",0.82,137048
"PRY",2020,"Rota","Rota",15.6124103598469,14.5231724277646,"PAHO","Upper middle income",0.8,137048
"PRY",2020,"YF","YF",198.336417512586,187.557264386902,"PAHO","Upper middle income",0.87,137048
"PRY",2020,"D","DTP3",10.1836420860811,9.3547409860512,"PAHO","Upper middle income",0.79,137048
"PRY",2020,"P","DTP3",308.175057165607,283.091040884685,"PAHO","Upper middle income",0.79,137048
"PRY",2020,"T","DTP3",34.6955915294193,31.8715317537689,"PAHO","Upper middle income",0.79,137048
"PRY",2020,"TB","BCG",44.5745332416754,43.0374803712728,"PAHO","Upper middle income",0.84,137048
"PRY",2020,"Rubella","Rubella",30.5866220980622,28.1256295154595,"PAHO","Upper middle income",0.8,137048
"PRY",2021,"HPV","HPV",653.077318664331,0,"PAHO","Upper middle income",0,60430
"PRY",2021,"HepB","HepB",80.8576410769267,65.8143590161031,"PAHO","Upper middle income",0.7,136741
"PRY",2021,"Hib","Hib3",57.7085615485033,46.9720849813399,"PAHO","Upper middle income",0.7,136741
"PRY",2021,"Measles","MCV1",1133.15645844195,885.685507747734,"PAHO","Upper middle income",0.68,136741
"PRY",2021,"Measles","MCV2",112.749148943571,91.0143732436054,"PAHO","Upper middle income",0.67,136691
"PRY",2021,"PCV","PCV3",68.9700452854711,48.0465484011147,"PAHO","Upper middle income",0.62,136741
"PRY",2021,"Rota","Rota",15.5774371389281,12.3170433191525,"PAHO","Upper middle income",0.68,136741
"PRY",2021,"YF","YF",197.892125876252,159.17410124829,"PAHO","Upper middle income",0.74,136741
"PRY",2021,"D","DTP3",10.1608298004554,8.27044286083578,"PAHO","Upper middle income",0.7,136741
"PRY",2021,"P","DTP3",307.484716974215,250.278258002268,"PAHO","Upper middle income",0.7,136741
"PRY",2021,"T","DTP3",34.6178702449093,28.1773362458564,"PAHO","Upper middle income",0.7,136741
"PRY",2021,"TB","BCG",44.474682228124,40.3850562761126,"PAHO","Upper middle income",0.79,136741
"PRY",2021,"Rubella","Rubella",30.5181052792534,23.8532317125199,"PAHO","Upper middle income",0.68,136741
"PRY",2022,"HPV","HPV",691.859803895114,0,"PAHO","Upper middle income",0,60462
"PRY",2022,"HepB","HepB",81.4732332126465,64.7327734830453,"PAHO","Upper middle income",0.69,136443
"PRY",2022,"Hib","Hib3",58.1479131815688,46.2001511916186,"PAHO","Upper middle income",0.69,136443
"PRY",2022,"Measles","MCV1",1139.55972880424,701.805704130189,"PAHO","Upper middle income",0.54,136443
"PRY",2022,"Measles","MCV2",114.259052546582,71.7794402034637,"PAHO","Upper middle income",0.53,136279
"PRY",2022,"PCV","PCV3",69.1154437183742,57.2209063306288,"PAHO","Upper middle income",0.74,136443
"PRY",2022,"Rota","Rota",15.6960325823479,14.0975832202764,"PAHO","Upper middle income",0.78,136443
"PRY",2022,"YF","YF",197.460859076162,163.119840106395,"PAHO","Upper middle income",0.76,136443
"PRY",2022,"D","DTP3",10.2381870771981,8.13452736330624,"PAHO","Upper middle income",0.69,136443
"PRY",2022,"P","DTP3",309.82568526246,246.16521417504,"PAHO","Upper middle income",0.69,136443
"PRY",2022,"T","DTP3",34.8814259014224,27.7142731742223,"PAHO","Upper middle income",0.69,136443
"PRY",2022,"TB","BCG",44.7260009339054,40.2970450229384,"PAHO","Upper middle income",0.79,136443
"PRY",2022,"Rubella","Rubella",30.6905577924011,18.9009913014786,"PAHO","Upper middle income",0.54,136443
"QAT",2019,"HepB","HepB",403.288503545945,403.288503545945,"EMRO","High income",0.98,28851
"QAT",2019,"HepB","HepB_BD",266.898106406941,266.898106406941,"EMRO","High income",0.98,28851
"QAT",2019,"Hib","Hib3",7.60652338058139,7.60652338058139,"EMRO","High income",0.98,28851
"QAT",2019,"Measles","MCV1",146.67409578378,146.67409578378,"EMRO","High income",0.99,28851
"QAT",2019,"Measles","MCV2",24.582194441073,24.582194441073,"EMRO","High income",0.98,28851
"QAT",2019,"PCV","PCV3",8.98208665155845,8.98208665155845,"EMRO","High income",0.98,28851
"QAT",2019,"Rota","Rota",2.24255390802763,2.24255390802763,"EMRO","High income",0.98,28851
"QAT",2019,"D","DTP3",0.78560000660571,0.78560000660571,"EMRO","High income",0.98,28851
"QAT",2019,"P","DTP3",24.4374028350837,24.4374028350837,"EMRO","High income",0.98,28851
"QAT",2019,"T","DTP3",2.9768330392726,2.9768330392726,"EMRO","High income",0.98,28851
"QAT",2019,"TB","BCG",2.33430520985119,2.33430520985119,"EMRO","High income",0.99,28851
"QAT",2019,"Rubella","Rubella",52.6220769013371,52.6220769013371,"EMRO","High income",0.99,28851
"QAT",2020,"HepB","HepB",429.022590233688,389.622556436717,"EMRO","High income",0.89,30692
"QAT",2020,"HepB","HepB_BD",283.929038225429,283.929038225429,"EMRO","High income",0.98,30692
"QAT",2020,"Hib","Hib3",8.09190030143856,7.34876660028604,"EMRO","High income",0.89,30692
"QAT",2020,"Measles","MCV1",156.033459769013,141.848599790012,"EMRO","High income",0.9,30692
"QAT",2020,"Measles","MCV2",26.1507993409384,23.4823504285977,"EMRO","High income",0.88,30692
"QAT",2020,"PCV","PCV3",9.55523910816374,9.55523910816374,"EMRO","High income",0.98,30692
"QAT",2020,"Rota","Rota",2.38565264792152,2.09353191552297,"EMRO","High income",0.86,30692
"QAT",2020,"D","DTP3",0.835729624718119,0.758978944897067,"EMRO","High income",0.89,30692
"QAT",2020,"P","DTP3",25.9967684937919,23.6093101627294,"EMRO","High income",0.89,30692
"QAT",2020,"T","DTP3",3.16678658075473,2.87595924170583,"EMRO","High income",0.89,30692
"QAT",2020,"TB","BCG",2.48325865657179,2.45817523579834,"EMRO","High income",0.98,30692
"QAT",2020,"Rubella","Rubella",55.9799238936549,50.8908399033227,"EMRO","High income",0.9,30692
"QAT",2021,"HepB","HepB",405.888471022273,405.888471022273,"EMRO","High income",0.98,29037
"QAT",2021,"HepB","HepB_BD",268.618776324507,271.359784246186,"EMRO","High income",0.99,29037
"QAT",2021,"Hib","Hib3",7.6555620048505,7.6555620048505,"EMRO","High income",0.98,29037
"QAT",2021,"Measles","MCV1",147.619691493315,147.619691493315,"EMRO","High income",0.99,29037
"QAT",2021,"Measles","MCV2",24.7406738062957,24.993129661462,"EMRO","High income",0.99,29037
"QAT",2021,"PCV","PCV3",9.03999341795095,9.03999341795095,"EMRO","High income",0.98,29037
"QAT",2021,"Rota","Rota",2.25701146675672,2.25701146675672,"EMRO","High income",0.98,29037
"QAT",2021,"D","DTP3",0.790664704579044,0.790664704579044,"EMRO","High income",0.98,29037
"QAT",2021,"P","DTP3",24.5949487408522,24.5949487408522,"EMRO","High income",0.98,29037
"QAT",2021,"T","DTP3",2.99602443455542,2.99602443455542,"EMRO","High income",0.98,29037
"QAT",2021,"TB","BCG",2.34935428160026,2.34935428160026,"EMRO","High income",0.99,29037
"QAT",2021,"Rubella","Rubella",52.9613270591704,52.9613270591704,"EMRO","High income",0.99,29037
"QAT",2022,"HepB","HepB",364.652427714917,364.652427714917,"EMRO","High income",0.98,26087
"QAT",2022,"HepB","HepB_BD",241.328581395372,243.791117940223,"EMRO","High income",0.99,26087
"QAT",2022,"Hib","Hib3",6.87779887800169,6.87779887800169,"EMRO","High income",0.98,26087
"QAT",2022,"Measles","MCV1",132.62234018618,132.62234018618,"EMRO","High income",0.99,26087
"QAT",2022,"Measles","MCV2",22.22715699228,22.4539647166911,"EMRO","High income",0.99,26087
"QAT",2022,"PCV","PCV3",8.12157964989794,8.03870638816429,"EMRO","High income",0.97,26087
"QAT",2022,"Rota","Rota",2.02771147616085,1.96563867587021,"EMRO","High income",0.95,26087
"QAT",2022,"D","DTP3",0.710337505539605,0.710337505539605,"EMRO","High income",0.98,26087
"QAT",2022,"P","DTP3",22.0962367945246,22.0962367945246,"EMRO","High income",0.98,26087
"QAT",2022,"T","DTP3",2.69164477818808,2.69164477818808,"EMRO","High income",0.98,26087
"QAT",2022,"TB","BCG",2.11067276730054,2.11067276730054,"EMRO","High income",0.99,26087
"QAT",2022,"Rubella","Rubella",47.580746598911,47.580746598911,"EMRO","High income",0.99,26087
"ROU",2019,"HepB","HepB",1521.87987300181,1521.87987300181,"EURO","High income",0.9,209228
"ROU",2019,"HepB","HepB_BD",915.753877143736,915.753877143736,"EURO","High income",0.99,209228
"ROU",2019,"Hib","Hib3",50.5811061397415,50.5811061397415,"EURO","High income",0.88,209228
"ROU",2019,"Measles","MCV1",1033.52031182395,1033.52031182395,"EURO","High income",0.9,209228
"ROU",2019,"Measles","MCV2",134.255923909505,134.255923909505,"EURO","High income",0.76,209228
"ROU",2019,"PCV","PCV3",55.3168712741235,55.3168712741235,"EURO","High income",0.88,209228
"ROU",2019,"D","DTP3",4.73200951027303,4.73200951027303,"EURO","High income",0.88,209228
"ROU",2019,"P","DTP3",173.585487279544,173.585487279544,"EURO","High income",0.88,209228
"ROU",2019,"T","DTP3",19.0782515028779,19.0782515028779,"EURO","High income",0.88,209228
"ROU",2019,"TB","BCG",18.3165051050908,18.3165051050908,"EURO","High income",0.96,209228
"ROU",2019,"Rubella","Rubella",145.427454244624,145.427454244624,"EURO","High income",0.9,209228
"ROU",2020,"HepB","HepB",1475.10942361931,1425.93910949867,"EURO","High income",0.87,202798
"ROU",2020,"HepB","HepB_BD",887.610906652052,869.679373184333,"EURO","High income",0.97,202798
"ROU",2020,"Hib","Hib3",49.0266463519571,48.4695253706849,"EURO","High income",0.87,202798
"ROU",2020,"Measles","MCV1",1001.75814038883,968.366202375868,"EURO","High income",0.87,202798
"ROU",2020,"Measles","MCV2",130.12996758082,128.417731165283,"EURO","High income",0.75,202798
"ROU",2020,"PCV","PCV3",53.616871836703,51.7890239331791,"EURO","High income",0.85,202798
"ROU",2020,"D","DTP3",4.58658527856859,4.53446499131213,"EURO","High income",0.87,202798
"ROU",2020,"P","DTP3",168.250853849949,166.338912328926,"EURO","High income",0.87,202798
"ROU",2020,"T","DTP3",18.4919382122882,18.2818025507849,"EURO","High income",0.87,202798
"ROU",2020,"TB","BCG",17.7536018233803,17.9385351757072,"EURO","High income",0.97,202798
"ROU",2020,"Rubella","Rubella",140.958174173157,136.259568367385,"EURO","High income",0.87,202798
"ROU",2021,"HepB","HepB",1440.87898274932,1376.83991684935,"EURO","High income",0.86,198092
"ROU",2021,"HepB","HepB_BD",867.013578637453,849.498152806393,"EURO","High income",0.97,198092
"ROU",2021,"Hib","Hib3",47.8889655181604,46.8005799382022,"EURO","High income",0.86,198092
"ROU",2021,"Measles","MCV1",978.511985058551,935.022563500393,"EURO","High income",0.86,198092
"ROU",2021,"Measles","MCV2",127.110255219577,125.437751861424,"EURO","High income",0.75,198092
"ROU",2021,"PCV","PCV3",52.3726731815707,50.5872411412899,"EURO","High income",0.85,198092
"ROU",2021,"D","DTP3",4.4801519295171,4.37833029475535,"EURO","High income",0.86,198092
"ROU",2021,"P","DTP3",164.346532711585,160.611384240867,"EURO","High income",0.86,198092
"ROU",2021,"T","DTP3",18.0628261834367,17.6523074065404,"EURO","High income",0.86,198092
"ROU",2021,"TB","BCG",17.3416231540599,17.5222650619147,"EURO","High income",0.97,198092
"ROU",2021,"Rubella","Rubella",137.687189411676,131.567758771157,"EURO","High income",0.86,198092
"ROU",2022,"HepB","HepB",1420.21656396864,1335.54970011197,"EURO","High income",0.85,194412
"ROU",2022,"HepB","HepB_BD",850.906870797733,833.716833003839,"EURO","High income",0.97,194412
"ROU",2022,"Hib","Hib3",47.3718793312209,45.3970717558526,"EURO","High income",0.85,194412
"ROU",2022,"Measles","MCV1",964.479977749643,885.641305793595,"EURO","High income",0.83,194412
"ROU",2022,"Measles","MCV2",129.789285421654,116.541734766789,"EURO","High income",0.71,194412
"ROU",2022,"PCV","PCV3",51.807173685345,49.6474704922988,"EURO","High income",0.85,194412
"ROU",2022,"D","DTP3",4.43177701364498,4.24702802453065,"EURO","High income",0.85,194412
"ROU",2022,"P","DTP3",162.571983584932,155.794790252968,"EURO","High income",0.85,194412
"ROU",2022,"T","DTP3",17.8677909009768,17.1229302510619,"EURO","High income",0.85,194412
"ROU",2022,"TB","BCG",17.0194638886331,17.1967499708063,"EURO","High income",0.97,194412
"ROU",2022,"Rubella","Rubella",135.71273465009,124.619283241901,"EURO","High income",0.83,194412
"RUS",2019,"HepB","HepB",20998.8040934634,20998.8040934634,"EURO","Upper middle income",0.97,1604939
"RUS",2019,"Measles","MCV1",9859.77509778656,9859.77509778656,"EURO","Upper middle income",0.98,1604939
"RUS",2019,"Measles","MCV2",1595.5826377907,1595.5826377907,"EURO","Upper middle income",0.97,1604939
"RUS",2019,"PCV","PCV3",410.095056154273,410.095056154273,"EURO","Upper middle income",0.85,1604939
"RUS",2019,"D","DTP3",76.0671916715886,76.0671916715886,"EURO","Upper middle income",0.97,1604939
"RUS",2019,"P","DTP3",2489.30817371073,2489.30817371073,"EURO","Upper middle income",0.97,1604939
"RUS",2019,"T","DTP3",236.022122105344,236.022122105344,"EURO","Upper middle income",0.97,1604939
"RUS",2019,"TB","BCG",317.029786055536,317.029786055536,"EURO","Upper middle income",0.96,1604939
"RUS",2019,"Rubella","Rubella",1672.12257933464,1672.12257933464,"EURO","Upper middle income",0.98,1604939
"RUS",2020,"HepB","HepB",19453.7828931681,19453.7828931681,"EURO","Upper middle income",0.97,1486853
"RUS",2020,"Measles","MCV1",9134.32609181361,9041.11868271347,"EURO","Upper middle income",0.97,1486853
"RUS",2020,"Measles","MCV2",1478.18504737378,1462.94602626683,"EURO","Upper middle income",0.96,1486853
"RUS",2020,"PCV","PCV3",379.921644703101,388.860977519644,"EURO","Upper middle income",0.87,1486853
"RUS",2020,"D","DTP3",70.4704241958583,70.4704241958583,"EURO","Upper middle income",0.97,1486853
"RUS",2020,"P","DTP3",2306.15327187284,2306.15327187284,"EURO","Upper middle income",0.97,1486853
"RUS",2020,"T","DTP3",218.656410192971,218.656410192971,"EURO","Upper middle income",0.97,1486853
"RUS",2020,"TB","BCG",293.703803375724,290.644388757227,"EURO","Upper middle income",0.95,1486853
"RUS",2020,"Rubella","Rubella",1549.09343810042,1533.28636220143,"EURO","Upper middle income",0.97,1486853
"RUS",2021,"HepB","HepB",18816.5201983391,18816.5201983391,"EURO","Upper middle income",0.97,1438147
"RUS",2021,"Measles","MCV1",8835.10586854482,8744.95172702905,"EURO","Upper middle income",0.97,1438147
"RUS",2021,"Measles","MCV2",1429.76299023875,1415.02316559711,"EURO","Upper middle income",0.96,1438147
"RUS",2021,"PCV","PCV3",367.4762559344,384.769256213666,"EURO","Upper middle income",0.89,1438147
"RUS",2021,"D","DTP3",68.1619697078333,68.1619697078333,"EURO","Upper middle income",0.97,1438147
"RUS",2021,"P","DTP3",2230.60881572294,2230.60881572294,"EURO","Upper middle income",0.97,1438147
"RUS",2021,"T","DTP3",211.493712122039,211.493712122039,"EURO","Upper middle income",0.97,1438147
"RUS",2021,"TB","BCG",284.082719484299,281.123524489671,"EURO","Upper middle income",0.95,1438147
"RUS",2021,"Rubella","Rubella",1498.34857966712,1483.05930844603,"EURO","Upper middle income",0.97,1438147
"RUS",2022,"HepB","HepB",18315.4029476302,18290.483433965,"EURO","Upper middle income",0.97,1397942
"RUS",2022,"Measles","MCV1",8588.11065077859,8500.47686862779,"EURO","Upper middle income",0.97,1397942
"RUS",2022,"Measles","MCV2",1391.68587017183,1389.79237456278,"EURO","Upper middle income",0.97,1397942
"RUS",2022,"PCV","PCV3",369.847244000595,386.619769826828,"EURO","Upper middle income",0.92,1397942
"RUS",2022,"D","DTP3",66.3466957622337,66.2564259823981,"EURO","Upper middle income",0.97,1397942
"RUS",2022,"P","DTP3",2171.20375329058,2168.24966367789,"EURO","Upper middle income",0.97,1397942
"RUS",2022,"T","DTP3",205.861260082891,205.581170013433,"EURO","Upper middle income",0.97,1397942
"RUS",2022,"TB","BCG",276.99374678145,276.140870885466,"EURO","Upper middle income",0.96,1397942
"RUS",2022,"Rubella","Rubella",1456.46057750496,1441.59873487735,"EURO","Upper middle income",0.97,1397942
"RWA",2019,"HPV","HPV",3403.27656953768,3403.27656953768,"AFRO","Low income",0.9,161477
"RWA",2019,"HepB","HepB",2573.29565816273,2573.29565816273,"AFRO","Low income",0.98,379945
"RWA",2019,"Hib","Hib3",1324.95828840368,1324.95828840368,"AFRO","Low income",0.98,379945
"RWA",2019,"Measles","MCV1",4699.06697449601,4699.06697449601,"AFRO","Low income",0.96,379945
"RWA",2019,"Measles","MCV2",358.296524074923,358.296524074923,"AFRO","Low income",0.92,362618
"RWA",2019,"PCV","PCV3",941.892895998657,941.892895998657,"AFRO","Low income",0.98,379945
"RWA",2019,"Rota","Rota",314.395185113153,314.395185113153,"AFRO","Low income",0.98,379945
"RWA",2019,"D","DTP3",73.2037645789835,73.2037645789835,"AFRO","Low income",0.98,379945
"RWA",2019,"P","DTP3",2138.25744236478,2138.25744236478,"AFRO","Low income",0.98,379945
"RWA",2019,"T","DTP3",220.541790103867,220.541790103867,"AFRO","Low income",0.98,379945
"RWA",2019,"TB","BCG",479.077225163199,479.077225163199,"AFRO","Low income",0.98,379945
"RWA",2019,"Rubella","Rubella",141.983387746343,141.983387746343,"AFRO","Low income",0.96,379945
"RWA",2020,"HPV","HPV",3193.50511312706,2509.18258888554,"AFRO","Low income",0.66,162347
"RWA",2020,"HepB","HepB",2604.97209499761,2418.90265964063,"AFRO","Low income",0.91,384622
"RWA",2020,"Hib","Hib3",1341.26809617813,1245.46323216541,"AFRO","Low income",0.91,384622
"RWA",2020,"Measles","MCV1",4756.91096833648,4657.80865649614,"AFRO","Low income",0.94,384622
"RWA",2020,"Measles","MCV2",364.590610023103,360.627668609808,"AFRO","Low income",0.91,368988
"RWA",2020,"PCV","PCV3",953.48729275236,885.381057555763,"AFRO","Low income",0.91,384622
"RWA",2020,"Rota","Rota",318.265288103781,295.532053239225,"AFRO","Low income",0.91,384622
"RWA",2020,"D","DTP3",74.1048792322515,68.811673572805,"AFRO","Low income",0.91,384622
"RWA",2020,"P","DTP3",2164.57869954132,2009.96593528837,"AFRO","Low income",0.91,384622
"RWA",2020,"T","DTP3",223.256588172839,207.309689017636,"AFRO","Low income",0.91,384622
"RWA",2020,"TB","BCG",484.974510775822,440.43603529641,"AFRO","Low income",0.89,384622
"RWA",2020,"Rubella","Rubella",143.731157303751,140.736758193257,"AFRO","Low income",0.94,384622
"RWA",2021,"HPV","HPV",3218.64447224411,2758.83811906638,"AFRO","Low income",0.72,163625
"RWA",2021,"HepB","HepB",2629.4625794096,2361.15007130658,"AFRO","Low income",0.88,388238
"RWA",2021,"Hib","Hib3",1353.87794542175,1215.72713466443,"AFRO","Low income",0.88,388238
"RWA",2021,"Measles","MCV1",4801.63277328135,4351.47970078622,"AFRO","Low income",0.87,388238
"RWA",2021,"Measles","MCV2",371.240405695199,342.993853087956,"AFRO","Low income",0.85,375718
"RWA",2021,"PCV","PCV3",962.451444700487,864.242113608601,"AFRO","Low income",0.88,388238
"RWA",2021,"Rota","Rota",321.257439571412,291.754205325058,"AFRO","Low income",0.89,388238
"RWA",2021,"D","DTP3",74.8015716817313,67.1687582448199,"AFRO","Low income",0.88,388238
"RWA",2021,"P","DTP3",2184.92885262029,1961.97692888353,"AFRO","Low income",0.88,388238
"RWA",2021,"T","DTP3",225.355521210557,202.360059862541,"AFRO","Low income",0.88,388238
"RWA",2021,"TB","BCG",489.533968713656,444.576767505259,"AFRO","Low income",0.89,388238
"RWA",2021,"Rubella","Rubella",145.082436910249,131.480958449913,"AFRO","Low income",0.87,388238
"RWA",2022,"HPV","HPV",3501.4271357752,2917.85594647933,"AFRO","Low income",0.75,166134
"RWA",2022,"HepB","HepB",2665.35170465827,2665.35170465827,"AFRO","Low income",0.98,393537
"RWA",2022,"Hib","Hib3",1372.35681465349,1372.35681465349,"AFRO","Low income",0.98,393537
"RWA",2022,"Measles","MCV1",4882.20202540654,4867.16951122462,"AFRO","Low income",0.96,393537
"RWA",2022,"Measles","MCV2",380.77353740155,335.223786586082,"AFRO","Low income",0.82,380641
"RWA",2022,"PCV","PCV3",975.587794582435,975.587794582435,"AFRO","Low income",0.98,393537
"RWA",2022,"Rota","Rota",325.642232333297,325.642232333297,"AFRO","Low income",0.98,393537
"RWA",2022,"D","DTP3",75.8225266844397,75.8225266844397,"AFRO","Low income",0.98,393537
"RWA",2022,"P","DTP3",2214.75060626119,2214.75060626119,"AFRO","Low income",0.98,393537
"RWA",2022,"T","DTP3",228.43136362396,228.43136362396,"AFRO","Low income",0.98,393537
"RWA",2022,"TB","BCG",496.215541615365,496.215541615365,"AFRO","Low income",0.98,393537
"RWA",2022,"Rubella","Rubella",147.516855365447,147.062644497315,"AFRO","Low income",0.96,393537
"SAU",2019,"HepB","HepB",7723.62146906157,7723.62146906157,"EMRO","High income",0.96,648936
"SAU",2019,"HepB","HepB_BD",3041.32345806124,3041.32345806124,"EMRO","High income",0.96,648936
"SAU",2019,"Hib","Hib3",195.066260684399,195.066260684399,"EMRO","High income",0.96,648936
"SAU",2019,"Measles","MCV1",3573.45846962462,3573.45846962462,"EMRO","High income",0.95,648936
"SAU",2019,"Measles","MCV2",596.65471770897,596.65471770897,"EMRO","High income",0.96,648936
"SAU",2019,"PCV","PCV3",196.79138405288,196.79138405288,"EMRO","High income",0.96,648936
"SAU",2019,"Rota","Rota",42.3587212167853,42.3587212167853,"EMRO","High income",0.95,648936
"SAU",2019,"D","DTP3",35.720607909285,35.720607909285,"EMRO","High income",0.96,648936
"SAU",2019,"P","DTP3",1003.79696447436,1003.79696447436,"EMRO","High income",0.96,648936
"SAU",2019,"T","DTP3",116.832225224644,116.832225224644,"EMRO","High income",0.96,648936
"SAU",2019,"TB","BCG",76.2529933327038,76.2529933327038,"EMRO","High income",0.52,648936
"SAU",2019,"Rubella","Rubella",690.166852360931,690.166852360931,"EMRO","High income",0.95,648936
"SAU",2020,"HepB","HepB",7799.55608352681,7718.31070765674,"EMRO","High income",0.95,655316
"SAU",2020,"HepB","HepB_BD",3071.22416269533,3071.22416269533,"EMRO","High income",0.96,655316
"SAU",2020,"Hib","Hib3",196.984050332634,194.932133141669,"EMRO","High income",0.95,655316
"SAU",2020,"Measles","MCV1",3608.59084791186,3646.57601473198,"EMRO","High income",0.96,655316
"SAU",2020,"Measles","MCV2",602.52071543291,602.52071543291,"EMRO","High income",0.96,655316
"SAU",2020,"PCV","PCV3",198.726134213539,196.656070315481,"EMRO","High income",0.95,655316
"SAU",2020,"Rota","Rota",42.7751700520527,43.2254349999691,"EMRO","High income",0.96,655316
"SAU",2020,"D","DTP3",36.071794279684,35.696046422604,"EMRO","High income",0.95,655316
"SAU",2020,"P","DTP3",1013.6657722356,1003.10675377481,"EMRO","High income",0.95,655316
"SAU",2020,"T","DTP3",117.980858675298,116.75189139743,"EMRO","High income",0.95,655316
"SAU",2020,"TB","BCG",77.0026729582179,140.677960212129,"EMRO","High income",0.95,655316
"SAU",2020,"Rubella","Rubella",696.952212578368,704.28855165814,"EMRO","High income",0.96,655316
"SAU",2021,"HepB","HepB",7747.40161948501,7828.10371968798,"EMRO","High income",0.97,650934
"SAU",2021,"HepB","HepB_BD",3050.68734644038,3114.24333282455,"EMRO","High income",0.98,650934
"SAU",2021,"Hib","Hib3",195.666847473925,197.705043801778,"EMRO","High income",0.97,650934
"SAU",2021,"Measles","MCV1",3584.46074106943,3697.65423815584,"EMRO","High income",0.98,650934
"SAU",2021,"Measles","MCV2",598.491749598066,604.726038656379,"EMRO","High income",0.97,650934
"SAU",2021,"PCV","PCV3",197.397282300685,199.453503991317,"EMRO","High income",0.97,650934
"SAU",2021,"Rota","Rota",42.4891388927828,43.3836470799993,"EMRO","High income",0.97,650934
"SAU",2021,"D","DTP3",35.8305875907987,36.2038228782029,"EMRO","High income",0.97,650934
"SAU",2021,"P","DTP3",1006.88754094881,1017.37595283369,"EMRO","High income",0.97,650934
"SAU",2021,"T","DTP3",117.191938333485,118.412687691126,"EMRO","High income",0.97,650934
"SAU",2021,"TB","BCG",76.4877676104118,138.266349141898,"EMRO","High income",0.94,650934
"SAU",2021,"Rubella","Rubella",692.291797457238,714.153643692729,"EMRO","High income",0.98,650934
"SAU",2022,"HepB","HepB",7455.57416667223,7587.46433776761,"EMRO","High income",0.98,624486
"SAU",2022,"HepB","HepB_BD",2935.77471361638,2987.70898730482,"EMRO","High income",0.98,624486
"SAU",2022,"Hib","Hib3",188.296510875573,191.627503027332,"EMRO","High income",0.98,624486
"SAU",2022,"Measles","MCV1",3456.3407584885,3547.41541318933,"EMRO","High income",0.98,624486
"SAU",2022,"Measles","MCV2",575.947891490155,586.136491892016,"EMRO","High income",0.98,624486
"SAU",2022,"PCV","PCV3",189.961764056595,193.322214774797,"EMRO","High income",0.98,624486
"SAU",2022,"Rota","Rota",40.9704424616991,41.6209327372675,"EMRO","High income",0.97,624486
"SAU",2022,"D","DTP3",34.4809287473601,35.0909012981458,"EMRO","High income",0.98,624486
"SAU",2022,"P","DTP3",968.960318277789,986.101364601702,"EMRO","High income",0.98,624486
"SAU",2022,"T","DTP3",112.777577682807,114.772629128046,"EMRO","High income",0.98,624486
"SAU",2022,"TB","BCG",93.5316263338913,138.293085967703,"EMRO","High income",0.98,624486
"SAU",2022,"Rubella","Rubella",667.547095411853,685.136975999253,"EMRO","High income",0.98,624486
"SDN",2019,"HepB","HepB",8015.8127736914,8015.8127736914,"EMRO","Low income",0.93,1428535
"SDN",2019,"Hib","Hib3",5038.5276952132,5038.5276952132,"EMRO","Low income",0.93,1428535
"SDN",2019,"Measles","MCV1",22485.7798980175,22485.7798980175,"EMRO","Low income",0.9,1428535
"SDN",2019,"Measles","MCV2",1423.23406086534,1423.23406086534,"EMRO","Low income",0.74,1348191
"SDN",2019,"MenA","MenA",1633.21614360423,1633.21614360423,"EMRO","Low income",0.86,1428535
"SDN",2019,"PCV","PCV3",4995.61904342523,4995.61904342523,"EMRO","Low income",0.93,1428535
"SDN",2019,"Rota","Rota",1257.31914098391,1257.31914098391,"EMRO","Low income",0.94,1428535
"SDN",2019,"D","DTP3",70.6743179464421,70.6743179464421,"EMRO","Low income",0.93,1428535
"SDN",2019,"P","DTP3",5480.20587256583,5480.20587256583,"EMRO","Low income",0.93,1428535
"SDN",2019,"T","DTP3",377.534751614417,377.534751614417,"EMRO","Low income",0.93,1428535
"SDN",2019,"TB","BCG",972.011167160378,972.011167160378,"EMRO","Low income",0.92,1428535
"SDN",2020,"HepB","HepB",8160.62132248485,7897.37547337243,"EMRO","Low income",0.9,1454342
"SDN",2020,"Hib","Hib3",5129.55051525636,4964.08114379648,"EMRO","Low income",0.9,1454342
"SDN",2020,"Measles","MCV1",22891.9936217471,21874.5716830028,"EMRO","Low income",0.86,1454342
"SDN",2020,"Measles","MCV2",1454.57983380795,1336.64092836406,"EMRO","Low income",0.68,1377884
"SDN",2020,"MenA","MenA",1662.72078228511,1628.69300813602,"EMRO","Low income",0.8424,1454342
"SDN",2020,"PCV","PCV3",5085.86670319813,4921.80648696593,"EMRO","Low income",0.9,1454342
"SDN",2020,"Rota","Rota",1280.03306473893,1252.79831868065,"EMRO","Low income",0.92,1454342
"SDN",2020,"D","DTP3",71.9510749900174,69.6300725709846,"EMRO","Low income",0.9,1454342
"SDN",2020,"P","DTP3",5579.20776818148,5399.2333240466,"EMRO","Low income",0.9,1454342
"SDN",2020,"T","DTP3",384.355053066543,371.956502967622,"EMRO","Low income",0.9,1454342
"SDN",2020,"TB","BCG",989.570899467188,989.570899467188,"EMRO","Low income",0.92,1454342
"SDN",2021,"HepB","HepB",8250.76544370649,7452.30427173489,"EMRO","Low income",0.84,1470407
"SDN",2021,"Hib","Hib3",5186.21272333919,4684.32116946766,"EMRO","Low income",0.84,1470407
"SDN",2021,"Measles","MCV1",23144.8639077826,20830.3775170043,"EMRO","Low income",0.81,1470407
"SDN",2021,"Measles","MCV2",1484.69892746052,1264.00043824341,"EMRO","Low income",0.63,1406415
"SDN",2021,"MenA","MenA",1681.08758278142,1563.41145198672,"EMRO","Low income",0.7998,1470407
"SDN",2021,"PCV","PCV3",5142.04636973246,4699.71980029311,"EMRO","Low income",0.85,1470407
"SDN",2021,"Rota","Rota",1294.17260769721,1156.49467070814,"EMRO","Low income",0.84,1470407
"SDN",2021,"D","DTP3",72.745863299586,65.7059410447874,"EMRO","Low income",0.84,1470407
"SDN",2021,"P","DTP3",5640.8369948667,5094.94954375057,"EMRO","Low income",0.84,1470407
"SDN",2021,"T","DTP3",388.600728380544,350.994206279201,"EMRO","Low income",0.84,1470407
"SDN",2021,"TB","BCG",1000.50192978876,870.001678077185,"EMRO","Low income",0.8,1470407
"SDN",2022,"HepB","HepB",8350.61212994202,7521.71315444655,"EMRO","Low income",0.84,1484102
"SDN",2022,"Hib","Hib3",5248.97370691957,4727.94975557739,"EMRO","Low income",0.84,1484102
"SDN",2022,"Measles","MCV1",23552.8291720769,21024.3864003239,"EMRO","Low income",0.81,1484102
"SDN",2022,"Measles","MCV2",1601.8505267605,1287.98958774594,"EMRO","Low income",0.63,1433107
"SDN",2022,"MenA","MenA",1726.60379233345,0,"EMRO","Low income",0,1484102
"SDN",2022,"PCV","PCV3",5204.27287392655,4743.49180536723,"EMRO","Low income",0.85,1484102
"SDN",2022,"Rota","Rota",1307.89824156412,1167.26597043356,"EMRO","Low income",0.84,1484102
"SDN",2022,"D","DTP3",73.6261977894421,66.3179096103671,"EMRO","Low income",0.84,1484102
"SDN",2022,"P","DTP3",5709.09961672585,5142.40261898869,"EMRO","Low income",0.84,1484102
"SDN",2022,"T","DTP3",393.303382366073,354.263277804971,"EMRO","Low income",0.84,1484102
"SDN",2022,"TB","BCG",1014.28836446747,878.104654315239,"EMRO","Low income",0.8,1484102
"SEN",2019,"HepB","HepB",5987.41312199015,5987.41312199015,"AFRO","Lower middle income",0.95,516494
"SEN",2019,"HepB","HepB_BD",1152.45908347618,1152.45908347618,"AFRO","Lower middle income",0.85,516494
"SEN",2019,"Hib","Hib3",1627.46793651965,1627.46793651965,"AFRO","Lower middle income",0.95,516494
"SEN",2019,"Measles","MCV1",6642.93287551704,6642.93287551704,"AFRO","Lower middle income",0.89,516494
"SEN",2019,"Measles","MCV2",471.562579593741,471.562579593741,"AFRO","Lower middle income",0.68,492242
"SEN",2019,"PCV","PCV3",1325.6356632205,1325.6356632205,"AFRO","Lower middle income",0.96,516494
"SEN",2019,"Rota","Rota",421.015678086944,421.015678086944,"AFRO","Lower middle income",0.94,516494
"SEN",2019,"YF","YF",2728.89690174801,2728.89690174801,"AFRO","Lower middle income",0.82,516494
"SEN",2019,"D","DTP3",84.9246679141518,84.9246679141518,"AFRO","Lower middle income",0.95,516494
"SEN",2019,"P","DTP3",2648.80448697859,2648.80448697859,"AFRO","Lower middle income",0.95,516494
"SEN",2019,"T","DTP3",288.233276960303,288.233276960303,"AFRO","Lower middle income",0.95,516494
"SEN",2019,"TB","BCG",543.237896664161,543.237896664161,"AFRO","Lower middle income",0.95,516494
"SEN",2019,"Rubella","Rubella",69.5487082044346,69.5487082044346,"AFRO","Lower middle income",0.89,516494
"SEN",2020,"HPV","HPV",3926.55167347528,1994.43894525728,"AFRO","Lower middle income",0.32,217337
"SEN",2020,"HepB","HepB",6068.22385139532,5812.7196892313,"AFRO","Lower middle income",0.91,523465
"SEN",2020,"HepB","HepB_BD",1168.01355704395,1181.75489300918,"AFRO","Lower middle income",0.86,523465
"SEN",2020,"Hib","Hib3",1649.43349465871,1579.98366330466,"AFRO","Lower middle income",0.91,523465
"SEN",2020,"Measles","MCV1",6732.59100334666,6656.94391342141,"AFRO","Lower middle income",0.88,523465
"SEN",2020,"Measles","MCV2",479.227452155062,486.274914686754,"AFRO","Lower middle income",0.69,500243
"SEN",2020,"PCV","PCV3",1343.52746101159,1287.5471501361,"AFRO","Lower middle income",0.92,523465
"SEN",2020,"Rota","Rota",426.698029270006,417.619347796176,"AFRO","Lower middle income",0.92,523465
"SEN",2020,"YF","YF",2765.72819175735,2968.09854725179,"AFRO","Lower middle income",0.88,523465
"SEN",2020,"D","DTP3",86.0708765052091,82.4468395997266,"AFRO","Lower middle income",0.91,523465
"SEN",2020,"P","DTP3",2684.55478819937,2571.52090238045,"AFRO","Lower middle income",0.91,523465
"SEN",2020,"T","DTP3",292.123494801537,279.823558178315,"AFRO","Lower middle income",0.91,523465
"SEN",2020,"TB","BCG",550.569852848833,550.569852848833,"AFRO","Lower middle income",0.95,523465
"SEN",2020,"Rubella","Rubella",70.4873910253253,69.6953978677374,"AFRO","Lower middle income",0.88,523465
"SEN",2021,"HPV","HPV",4601.31785033758,2108.93734807139,"AFRO","Lower middle income",0.33,222850
"SEN",2021,"HepB","HepB",6156.48850405504,5508.43708257556,"AFRO","Lower middle income",0.85,531079
"SEN",2021,"HepB","HepB_BD",1185.00276400781,1087.41430108952,"AFRO","Lower middle income",0.78,531079
"SEN",2021,"Hib","Hib3",1673.42513999953,1497.27512526274,"AFRO","Lower middle income",0.85,531079
"SEN",2021,"Measles","MCV1",6830.51913206487,6677.02432010836,"AFRO","Lower middle income",0.87,531079
"SEN",2021,"Measles","MCV2",489.474105937825,539.861146254953,"AFRO","Lower middle income",0.75,510939
"SEN",2021,"PCV","PCV3",1363.06958529524,1221.08317016032,"AFRO","Lower middle income",0.86,531079
"SEN",2021,"Rota","Rota",432.90451641788,386.850844458531,"AFRO","Lower middle income",0.84,531079
"SEN",2021,"YF","YF",2805.95677332831,2942.83271349066,"AFRO","Lower middle income",0.86,531079
"SEN",2021,"D","DTP3",87.3228105480022,78.1309357534756,"AFRO","Lower middle income",0.85,531079
"SEN",2021,"P","DTP3",2723.60267135747,2436.90765331984,"AFRO","Lower middle income",0.85,531079
"SEN",2021,"T","DTP3",296.372543523837,265.175433679223,"AFRO","Lower middle income",0.85,531079
"SEN",2021,"TB","BCG",558.578103371009,511.539947297661,"AFRO","Lower middle income",0.87,531079
"SEN",2021,"Rubella","Rubella",71.5126572709517,69.9056312648629,"AFRO","Lower middle income",0.87,531079
"SEN",2022,"HPV","HPV",5038.41551598518,1635.84919350168,"AFRO","Lower middle income",0.25,228174
"SEN",2022,"HepB","HepB",6255.45941008507,5777.75171657687,"AFRO","Lower middle income",0.88,538054
"SEN",2022,"HepB","HepB_BD",1235.25877542891,1073.44739264103,"AFRO","Lower middle income",0.76,538054
"SEN",2022,"Hib","Hib3",1700.32690423901,1570.47884826339,"AFRO","Lower middle income",0.88,538054
"SEN",2022,"Measles","MCV1",7035.20624907484,6220.43029774856,"AFRO","Lower middle income",0.8,538054
"SEN",2022,"Measles","MCV2",550.509748082478,481.874742940401,"AFRO","Lower middle income",0.66,518249
"SEN",2022,"PCV","PCV3",1382.7818274029,1265.89067871115,"AFRO","Lower middle income",0.88,538054
"SEN",2022,"Rota","Rota",440.665274088414,321.943817484154,"AFRO","Lower middle income",0.69,538054
"SEN",2022,"YF","YF",2955.45886468607,2773.47238765293,"AFRO","Lower middle income",0.8,538054
"SEN",2022,"D","DTP3",88.7266006584412,81.9508585466735,"AFRO","Lower middle income",0.88,538054
"SEN",2022,"P","DTP3",2767.38695258734,2556.05122942146,"AFRO","Lower middle income",0.88,538054
"SEN",2022,"T","DTP3",301.136989869454,278.140204592802,"AFRO","Lower middle income",0.88,538054
"SEN",2022,"TB","BCG",567.557732090002,518.258328428154,"AFRO","Lower middle income",0.87,538054
"SEN",2022,"Rubella","Rubella",73.6556451410534,65.1252842368163,"AFRO","Lower middle income",0.8,538054
"SGP",2019,"HPV","HPV",55.4357386091335,55.4357386091335,"WPRO","High income",0.58,23367
"SGP",2019,"HepB","HepB",310.678021961074,310.678021961074,"WPRO","High income",0.96,50780
"SGP",2019,"HepB","HepB_BD",212.217783324352,212.217783324352,"WPRO","High income",0.9,50780
"SGP",2019,"Hib","Hib3",4.15672764081165,4.15672764081165,"WPRO","High income",0.96,50780
"SGP",2019,"Measles","MCV1",110.705369383058,110.705369383058,"WPRO","High income",0.96,50780
"SGP",2019,"Measles","MCV2",19.1755689781472,19.1755689781472,"WPRO","High income",0.92,50780
"SGP",2019,"PCV","PCV3",4.39463447923191,4.39463447923191,"WPRO","High income",0.84,50780
"SGP",2019,"D","DTP3",0.396057291914386,0.396057291914386,"WPRO","High income",0.97,50780
"SGP",2019,"P","DTP3",11.8324131349739,11.8324131349739,"WPRO","High income",0.97,50780
"SGP",2019,"T","DTP3",1.8112055147611,1.8112055147611,"WPRO","High income",0.97,50780
"SGP",2019,"TB","BCG",0.903556189629064,0.903556189629064,"WPRO","High income",0.98,50780
"SGP",2019,"Rubella","Rubella",28.3970467420663,28.3970467420663,"WPRO","High income",0.96,50780
"SGP",2020,"HPV","HPV",73.7700111241055,73.7700111241055,"WPRO","High income",0.8,22544
"SGP",2020,"HepB","HepB",335.915257892335,339.414375162047,"WPRO","High income",0.97,54905
"SGP",2020,"HepB","HepB_BD",229.456821453792,224.357780977041,"WPRO","High income",0.88,54905
"SGP",2020,"Hib","Hib3",4.49439013624977,4.58802326408831,"WPRO","High income",0.98,54905
"SGP",2020,"Measles","MCV1",119.698273059803,120.945130070842,"WPRO","High income",0.97,54905
"SGP",2020,"Measles","MCV2",20.7332535396843,21.1839764427209,"WPRO","High income",0.94,54905
"SGP",2020,"PCV","PCV3",4.75162280587294,4.9213236203684,"WPRO","High income",0.87,54905
"SGP",2020,"D","DTP3",0.428230122342642,0.432644865871947,"WPRO","High income",0.98,54905
"SGP",2020,"P","DTP3",12.7935928155917,12.9254855250307,"WPRO","High income",0.98,54905
"SGP",2020,"T","DTP3",1.95833475360295,1.97852377168133,"WPRO","High income",0.98,54905
"SGP",2020,"TB","BCG",0.976954560684989,0.976954560684989,"WPRO","High income",0.98,54905
"SGP",2020,"Rubella","Rubella",30.7038174748553,31.023648906885,"WPRO","High income",0.97,54905
"SGP",2021,"HPV","HPV",71.4663344105067,78.6129678515574,"WPRO","High income",0.88,21840
"SGP",2021,"HepB","HepB",254.207794653065,256.855792514034,"WPRO","High income",0.97,41550
"SGP",2021,"HepB","HepB_BD",173.644129521994,177.502887955816,"WPRO","High income",0.92,41550
"SGP",2021,"Hib","Hib3",3.40118222677676,3.47204018983461,"WPRO","High income",0.98,41550
"SGP",2021,"Measles","MCV1",90.583066125759,90.583066125759,"WPRO","High income",0.96,41550
"SGP",2021,"Measles","MCV2",15.6901317653016,15.860676675794,"WPRO","High income",0.93,41550
"SGP",2021,"PCV","PCV3",3.5958460538024,3.76707681826918,"WPRO","High income",0.88,41550
"SGP",2021,"D","DTP3",0.324068146495524,0.327409055222282,"WPRO","High income",0.98,41550
"SGP",2021,"P","DTP3",9.68170078294933,9.78151213122716,"WPRO","High income",0.98,41550
"SGP",2021,"T","DTP3",1.48199269669798,1.49727097192167,"WPRO","High income",0.98,41550
"SGP",2021,"TB","BCG",0.739321773908775,0.739321773908775,"WPRO","High income",0.98,41550
"SGP",2021,"Rubella","Rubella",23.2354724720925,23.2354724720925,"WPRO","High income",0.96,41550
"SGP",2022,"HPV","HPV",70.006902856153,62.1311262848358,"WPRO","High income",0.71,21394
"SGP",2022,"HepB","HepB",259.564442972284,259.224651250309,"WPRO","High income",0.96,42370
"SGP",2022,"HepB","HepB_BD",179.534550412576,181.005953373957,"WPRO","High income",0.92,42370
"SGP",2022,"Hib","Hib3",3.47285169341639,3.50443361963687,"WPRO","High income",0.97,42370
"SGP",2022,"Measles","MCV1",92.4918259636485,92.3707463718029,"WPRO","High income",0.96,42370
"SGP",2022,"Measles","MCV2",16.1434343541157,15.9997805751102,"WPRO","High income",0.92,42370
"SGP",2022,"PCV","PCV3",3.78535323039505,3.92872607786507,"WPRO","High income",0.9,42370
"SGP",2022,"D","DTP3",0.33046371521096,0.33046371521096,"WPRO","High income",0.97,42370
"SGP",2022,"P","DTP3",9.87277165279334,9.87277165279334,"WPRO","High income",0.97,42370
"SGP",2022,"T","DTP3",1.51124020599503,1.51124020599503,"WPRO","High income",0.97,42370
"SGP",2022,"TB","BCG",0.753912480397468,0.753912480397468,"WPRO","High income",0.98,42370
"SGP",2022,"Rubella","Rubella",23.7250886726254,23.6940305329136,"WPRO","High income",0.96,42370
"SLB",2019,"HepB","HepB",407.95542918181,407.95542918181,"WPRO","Lower middle income",0.94,20276
"SLB",2019,"HepB","HepB_BD",65.3144639995388,65.3144639995388,"WPRO","Lower middle income",0.66,20276
"SLB",2019,"Hib","Hib3",27.0107865049908,27.0107865049908,"WPRO","Lower middle income",0.94,20276
"SLB",2019,"Measles","MCV1",77.3277163136635,77.3277163136635,"WPRO","Lower middle income",0.81,20276
"SLB",2019,"Measles","MCV2",6.05138758133221,6.05138758133221,"WPRO","Lower middle income",0.54,19870
"SLB",2019,"PCV","PCV3",24.5664370347165,24.5664370347165,"WPRO","Lower middle income",0.94,20276
"SLB",2019,"D","DTP3",2.79095114177193,2.79095114177193,"WPRO","Lower middle income",0.94,20276
"SLB",2019,"P","DTP3",60.7106512089125,60.7106512089125,"WPRO","Lower middle income",0.94,20276
"SLB",2019,"T","DTP3",9.00792092628633,9.00792092628633,"WPRO","Lower middle income",0.94,20276
"SLB",2019,"TB","BCG",7.65157668061109,7.65157668061109,"WPRO","Lower middle income",0.77,20276
"SLB",2019,"Rubella","Rubella",12.6945943225797,12.6945943225797,"WPRO","Lower middle income",0.81,20276
"SLB",2020,"HPV","HPV",85.4248353447246,19.3222841851163,"WPRO","Lower middle income",0.19,8285
"SLB",2020,"HepB","HepB",411.758130706537,411.758130706537,"WPRO","Lower middle income",0.94,20465
"SLB",2020,"HepB","HepB_BD",65.9232839687592,69.9186345123203,"WPRO","Lower middle income",0.7,20465
"SLB",2020,"Hib","Hib3",27.2625639092837,27.2625639092837,"WPRO","Lower middle income",0.94,20465
"SLB",2020,"Measles","MCV1",78.0485161944725,78.0485161944725,"WPRO","Lower middle income",0.81,20465
"SLB",2020,"Measles","MCV2",6.08275612289623,5.74482522717978,"WPRO","Lower middle income",0.51,19973
"SLB",2020,"PCV","PCV3",24.7954297650164,24.5316485973035,"WPRO","Lower middle income",0.93,20465
"SLB",2020,"D","DTP3",2.81696661651028,2.81696661651028,"WPRO","Lower middle income",0.94,20465
"SLB",2020,"P","DTP3",61.2765573579796,61.2765573579796,"WPRO","Lower middle income",0.94,20465
"SLB",2020,"T","DTP3",9.09188704657969,9.09188704657969,"WPRO","Lower middle income",0.94,20465
"SLB",2020,"TB","BCG",7.72289982090679,8.22438682226437,"WPRO","Lower middle income",0.82,20465
"SLB",2020,"Rubella","Rubella",12.8129252718284,12.8129252718284,"WPRO","Lower middle income",0.81,20465
"SLB",2021,"HPV","HPV",87.827247732814,0,"WPRO","Lower middle income",0,8518
"SLB",2021,"HepB","HepB",414.212784600805,383.367151705,"WPRO","Lower middle income",0.87,20587
"SLB",2021,"HepB","HepB_BD",66.3162788695258,76.364199910363,"WPRO","Lower middle income",0.76,20587
"SLB",2021,"Hib","Hib3",27.4250868898325,25.3827931852705,"WPRO","Lower middle income",0.87,20587
"SLB",2021,"Measles","MCV1",78.5137944244127,64.9435089683413,"WPRO","Lower middle income",0.67,20587
"SLB",2021,"Measles","MCV2",6.13696583550203,4.54590061889039,"WPRO","Lower middle income",0.4,20151
"SLB",2021,"PCV","PCV3",24.9432451782259,22.8204158013556,"WPRO","Lower middle income",0.86,20587
"SLB",2021,"D","DTP3",2.8337596742779,2.62273501768273,"WPRO","Lower middle income",0.87,20587
"SLB",2021,"P","DTP3",61.6418512743086,57.0515006474984,"WPRO","Lower middle income",0.87,20587
"SLB",2021,"T","DTP3",9.14608739936165,8.46499578451557,"WPRO","Lower middle income",0.87,20587
"SLB",2021,"TB","BCG",7.76893909665321,8.3743109743145,"WPRO","Lower middle income",0.83,20587
"SLB",2021,"Rubella","Rubella",12.8893082126133,10.6615265462357,"WPRO","Lower middle income",0.67,20587
"SLB",2022,"HPV","HPV",96.7298721801546,7.52343450290091,"WPRO","Lower middle income",0.07,8756
"SLB",2022,"HepB","HepB",418.297167719956,396.04731837315,"WPRO","Lower middle income",0.89,20790
"SLB",2022,"HepB","HepB_BD",73.0179502318893,77.1171961012507,"WPRO","Lower middle income",0.76,20790
"SLB",2022,"Hib","Hib3",27.6955144722212,26.2223488088052,"WPRO","Lower middle income",0.89,20790
"SLB",2022,"Measles","MCV1",81.5237592504191,88.0977632099836,"WPRO","Lower middle income",0.9,20790
"SLB",2022,"Measles","MCV2",7.27220539818619,10.3368988503465,"WPRO","Lower middle income",0.9,20365
"SLB",2022,"PCV","PCV3",25.1892003329925,23.8493492514503,"WPRO","Lower middle income",0.89,20790
"SLB",2022,"D","DTP3",2.86170222121909,2.70948401796276,"WPRO","Lower middle income",0.89,20790
"SLB",2022,"P","DTP3",62.2496763973807,58.93852339752,"WPRO","Lower middle income",0.89,20790
"SLB",2022,"T","DTP3",9.23627323226933,8.7449821028933,"WPRO","Lower middle income",0.89,20790
"SLB",2022,"TB","BCG",8.17056811845819,8.96633763717299,"WPRO","Lower middle income",0.88,20790
"SLB",2022,"Rubella","Rubella",13.3834425827063,14.4626715748466,"WPRO","Lower middle income",0.9,20790
"SLE",2019,"HepB","HepB",4254.47816395437,4254.47816395437,"AFRO","Low income",0.95,245860
"SLE",2019,"Hib","Hib3",1103.342813065,1103.342813065,"AFRO","Low income",0.95,245860
"SLE",2019,"Measles","MCV1",7425.88793872823,7425.88793872823,"AFRO","Low income",0.93,245860
"SLE",2019,"Measles","MCV2",471.698229060279,471.698229060279,"AFRO","Low income",0.72,229016
"SLE",2019,"PCV","PCV3",1008.43654169263,1008.43654169263,"AFRO","Low income",0.94,245860
"SLE",2019,"Rota","Rota",290.851230370159,290.851230370159,"AFRO","Low income",0.92,245860
"SLE",2019,"YF","YF",2592.93145819712,2592.93145819712,"AFRO","Low income",0.9,245860
"SLE",2019,"D","DTP3",8.79126769296461,8.79126769296461,"AFRO","Low income",0.95,245860
"SLE",2019,"P","DTP3",1054.14187231455,1054.14187231455,"AFRO","Low income",0.95,245860
"SLE",2019,"T","DTP3",52.7160576349945,52.7160576349945,"AFRO","Low income",0.95,245860
"SLE",2019,"TB","BCG",214.272228362535,214.272228362535,"AFRO","Low income",0.86,245860
"SLE",2020,"HPV","HPV",684.213409403251,0,"AFRO","Low income",0,104748
"SLE",2020,"HepB","HepB",4290.43686250109,4109.78688934315,"AFRO","Low income",0.91,247938
"SLE",2020,"Hib","Hib3",1112.66822738839,1065.81903886678,"AFRO","Low income",0.91,247938
"SLE",2020,"Measles","MCV1",7488.65128020988,7005.51248793827,"AFRO","Low income",0.87,247938
"SLE",2020,"Measles","MCV2",478.507510268899,445.277822055781,"AFRO","Low income",0.67,232322
"SLE",2020,"PCV","PCV3",1016.95981157646,984.503647377209,"AFRO","Low income",0.91,247938
"SLE",2020,"Rota","Rota",293.309494653528,286.933201291495,"AFRO","Low income",0.9,247938
"SLE",2020,"YF","YF",2614.84682291742,2498.63140856554,"AFRO","Low income",0.86,247938
"SLE",2020,"D","DTP3",8.86557117570267,8.49228396830467,"AFRO","Low income",0.91,247938
"SLE",2020,"P","DTP3",1063.05144203175,1018.29138131462,"AFRO","Low income",0.91,247938
"SLE",2020,"T","DTP3",53.1616118844272,50.9232282261355,"AFRO","Low income",0.91,247938
"SLE",2020,"TB","BCG",216.08324963699,180.906906672829,"AFRO","Low income",0.72,247938
"SLE",2021,"HPV","HPV",576.064997598395,0,"AFRO","Low income",0,106683
"SLE",2021,"HepB","HepB",4312.96728863575,4176.7683216262,"AFRO","Low income",0.92,249240
"SLE",2021,"Hib","Hib3",1118.51119632442,1083.1897901247,"AFRO","Low income",0.92,249240
"SLE",2021,"Measles","MCV1",7527.97653074361,7042.30062553435,"AFRO","Low income",0.87,249240
"SLE",2021,"Measles","MCV2",485.180853014189,451.487738221537,"AFRO","Low income",0.67,235562
"SLE",2021,"PCV","PCV3",1022.30018568076,978.798050119877,"AFRO","Low income",0.9,249240
"SLE",2021,"Rota","Rota",294.849754565437,240.366647743563,"AFRO","Low income",0.75,249240
"SLE",2021,"YF","YF",2628.57820158241,2482.54607927227,"AFRO","Low income",0.85,249240
"SLE",2021,"D","DTP3",8.91212706334702,8.63069147187291,"AFRO","Low income",0.92,249240
"SLE",2021,"P","DTP3",1068.63385770633,1034.88752535771,"AFRO","Low income",0.92,249240
"SLE",2021,"T","DTP3",53.440780138884,51.7531765555509,"AFRO","Low income",0.92,249240
"SLE",2021,"TB","BCG",217.217970377769,186.908486139011,"AFRO","Low income",0.74,249240
"SLE",2022,"HPV","HPV",640.690813993234,0,"AFRO","Low income",0,108182
"SLE",2022,"HepB","HepB",4361.22075134396,4156.41479841607,"AFRO","Low income",0.91,250751
"SLE",2022,"Hib","Hib3",1131.02509561662,1077.91137225792,"AFRO","Low income",0.91,250751
"SLE",2022,"Measles","MCV1",7647.68894522964,7329.30421925424,"AFRO","Low income",0.9,250751
"SLE",2022,"Measles","MCV2",538.678879216008,497.035762623933,"AFRO","Low income",0.73,238012
"SLE",2022,"PCV","PCV3",1036.04163327491,1017.55634272641,"AFRO","Low income",0.93,250751
"SLE",2022,"Rota","Rota",300.319586921495,283.739988304416,"AFRO","Low income",0.88,250751
"SLE",2022,"YF","YF",2692.62892835271,2144.99450425401,"AFRO","Low income",0.73,250751
"SLE",2022,"D","DTP3",9.01183590928127,8.58863384126823,"AFRO","Low income",0.91,250751
"SLE",2022,"P","DTP3",1080.58972951121,1029.84448594416,"AFRO","Low income",0.91,250751
"SLE",2022,"T","DTP3",54.0386753972886,51.500981700795,"AFRO","Low income",0.91,250751
"SLE",2022,"TB","BCG",225.451974022897,185.500502932837,"AFRO","Low income",0.73,250751
"SLV",2019,"HepB","HepB",38.3043879344438,38.3043879344438,"PAHO","Lower middle income",0.9,102289
"SLV",2019,"HepB","HepB_BD",32.8721343906307,32.8721343906307,"PAHO","Lower middle income",0.91,102289
"SLV",2019,"Hib","Hib3",57.2922914438651,57.2922914438651,"PAHO","Lower middle income",0.9,102289
"SLV",2019,"Measles","MCV1",807.58005245043,807.58005245043,"PAHO","Lower middle income",0.85,102289
"SLV",2019,"Measles","MCV2",97.6362095095356,97.6362095095356,"PAHO","Lower middle income",0.87,106596
"SLV",2019,"PCV","PCV3",48.4560912314928,48.4560912314928,"PAHO","Lower middle income",0.85,102289
"SLV",2019,"Rota","Rota",16.5703164630028,16.5703164630028,"PAHO","Lower middle income",0.86,102289
"SLV",2019,"D","DTP3",3.56009949033025,3.56009949033025,"PAHO","Lower middle income",0.9,102289
"SLV",2019,"P","DTP3",123.407245246806,123.407245246806,"PAHO","Lower middle income",0.9,102289
"SLV",2019,"T","DTP3",17.5041370494096,17.5041370494096,"PAHO","Lower middle income",0.9,102289
"SLV",2019,"TB","BCG",12.8862624862879,12.8862624862879,"PAHO","Lower middle income",0.9,102289
"SLV",2019,"Rubella","Rubella",14.3027934819781,14.3027934819781,"PAHO","Lower middle income",0.85,102289
"SLV",2020,"HPV","HPV",136.259936200078,0,"PAHO","Lower middle income",0,54611
"SLV",2020,"HepB","HepB",38.061729942074,32.1410163955291,"PAHO","Lower middle income",0.76,101641
"SLV",2020,"HepB","HepB_BD",32.6638896811788,32.3049458385285,"PAHO","Lower middle income",0.9,101641
"SLV",2020,"Hib","Hib3",56.9293452340515,48.0736693087546,"PAHO","Lower middle income",0.76,101641
"SLV",2020,"Measles","MCV1",802.464039252648,698.615751819953,"PAHO","Lower middle income",0.74,101641
"SLV",2020,"Measles","MCV2",94.5155805384767,60.8376150592494,"PAHO","Lower middle income",0.56,103189
"SLV",2020,"PCV","PCV3",48.1491222796211,45.8832812311683,"PAHO","Lower middle income",0.81,101641
"SLV",2020,"Rota","Rota",16.4653436402357,14.7422262825366,"PAHO","Lower middle income",0.77,101641
"SLV",2020,"D","DTP3",3.53754628842453,2.98726131022516,"PAHO","Lower middle income",0.76,101641
"SLV",2020,"P","DTP3",122.62546133143,103.550389568763,"PAHO","Lower middle income",0.76,101641
"SLV",2020,"T","DTP3",17.393248480668,14.6876320503418,"PAHO","Lower middle income",0.76,101641
"SLV",2020,"TB","BCG",12.8046281161102,12.0932598874374,"PAHO","Lower middle income",0.85,101641
"SLV",2020,"Rubella","Rubella",14.2121853992291,12.3729614063876,"PAHO","Lower middle income",0.74,101641
"SLV",2021,"HPV","HPV",216.486900302367,0,"PAHO","Lower middle income",0,54228
"SLV",2021,"HepB","HepB",37.7048579255177,32.6775435354487,"PAHO","Lower middle income",0.78,100688
"SLV",2021,"HepB","HepB_BD",32.3576285575558,30.9353152143666,"PAHO","Lower middle income",0.87,100688
"SLV",2021,"Hib","Hib3",56.3955678606682,48.8761588125791,"PAHO","Lower middle income",0.78,100688
"SLV",2021,"Measles","MCV1",794.940026015788,794.940026015788,"PAHO","Lower middle income",0.85,100688
"SLV",2021,"Measles","MCV2",92.5069103495915,74.4308474077173,"PAHO","Lower middle income",0.7,100996
"SLV",2021,"PCV","PCV3",47.6976694846616,51.6257128539867,"PAHO","Lower middle income",0.92,100688
"SLV",2021,"Rota","Rota",16.3109623129254,14.6040011406425,"PAHO","Lower middle income",0.77,100688
"SLV",2021,"D","DTP3",3.50437776772059,3.03712739869118,"PAHO","Lower middle income",0.78,100688
"SLV",2021,"P","DTP3",121.475708134896,105.278947050244,"PAHO","Lower middle income",0.78,100688
"SLV",2021,"T","DTP3",17.2301669899105,14.9328113912558,"PAHO","Lower middle income",0.78,100688
"SLV",2021,"TB","BCG",12.6845701612036,10.852354471252,"PAHO","Lower middle income",0.77,100688
"SLV",2021,"Rubella","Rubella",14.0789299935811,14.0789299935811,"PAHO","Lower middle income",0.85,100688
"SLV",2022,"HPV","HPV",278.099059809752,0,"PAHO","Lower middle income",0,54181
"SLV",2022,"HepB","HepB",37.686600482263,31.2141311018347,"PAHO","Lower middle income",0.75,100026
"SLV",2022,"HepB","HepB_BD",32.284933035908,30.3786822760981,"PAHO","Lower middle income",0.86,100026
"SLV",2022,"Hib","Hib3",56.3682600033607,46.6873168503297,"PAHO","Lower middle income",0.75,100026
"SLV",2022,"Measles","MCV1",803.203496949406,603.898544805454,"PAHO","Lower middle income",0.65,100026
"SLV",2022,"Measles","MCV2",93.4186128759009,61.522279638415,"PAHO","Lower middle income",0.58,100752
"SLV",2022,"PCV","PCV3",48.1934909208563,40.6945529363522,"PAHO","Lower middle income",0.73,100026
"SLV",2022,"Rota","Rota",16.4407252847349,14.319567889174,"PAHO","Lower middle income",0.76,100026
"SLV",2022,"D","DTP3",3.50268087820139,2.90111442106656,"PAHO","Lower middle income",0.75,100026
"SLV",2022,"P","DTP3",121.41688717733,100.564194855239,"PAHO","Lower middle income",0.75,100026
"SLV",2022,"T","DTP3",17.2218237998445,14.2640689004051,"PAHO","Lower middle income",0.75,100026
"SLV",2022,"TB","BCG",12.6784280396663,10.5009767379144,"PAHO","Lower middle income",0.75,100026
"SLV",2022,"Rubella","Rubella",14.2252816993337,10.6954550749626,"PAHO","Lower middle income",0.65,100026
"SOM",2019,"HepB","HepB",2361.99308332271,2361.99308332271,"EMRO","Low income",0.42,655440
"SOM",2019,"Hib","Hib3",2169.48358273475,2169.48358273475,"EMRO","Low income",0.42,655440
"SOM",2019,"Measles","MCV1",12910.3640630075,12910.3640630075,"EMRO","Low income",0.46,655440
"SOM",2019,"D","DTP3",6.63174581086507,6.63174581086507,"EMRO","Low income",0.42,655440
"SOM",2019,"P","DTP3",784.041137105213,784.041137105213,"EMRO","Low income",0.42,655440
"SOM",2019,"T","DTP3",63.587724902013,63.587724902013,"EMRO","Low income",0.42,655440
"SOM",2019,"TB","BCG",148.856504292331,148.856504292331,"EMRO","Low income",0.37,655440
"SOM",2020,"HepB","HepB",2429.3637971832,2429.3637971832,"EMRO","Low income",0.42,674135
"SOM",2020,"Hib","Hib3",2231.3633819219,2231.3633819219,"EMRO","Low income",0.42,674135
"SOM",2020,"Measles","MCV1",13278.6041096295,13278.6041096295,"EMRO","Low income",0.46,674135
"SOM",2020,"D","DTP3",6.82090193184353,6.82090193184353,"EMRO","Low income",0.42,674135
"SOM",2020,"P","DTP3",806.404204751652,806.404204751652,"EMRO","Low income",0.42,674135
"SOM",2020,"T","DTP3",65.4014264109888,65.4014264109888,"EMRO","Low income",0.42,674135
"SOM",2020,"TB","BCG",153.102312219441,153.102312219441,"EMRO","Low income",0.37,674135
"SOM",2021,"HepB","HepB",2480.73058805602,2480.73058805602,"EMRO","Low income",0.42,688389
"SOM",2021,"Hib","Hib3",2278.54362570974,2278.54362570974,"EMRO","Low income",0.42,688389
"SOM",2021,"Measles","MCV1",13559.368679009,13559.368679009,"EMRO","Low income",0.46,688389
"SOM",2021,"D","DTP3",6.96512398845904,6.96512398845904,"EMRO","Low income",0.42,688389
"SOM",2021,"P","DTP3",823.454922389113,823.454922389113,"EMRO","Low income",0.42,688389
"SOM",2021,"T","DTP3",66.7842828597153,66.7842828597153,"EMRO","Low income",0.42,688389
"SOM",2021,"TB","BCG",156.339527848916,156.339527848916,"EMRO","Low income",0.37,688389
"SOM",2022,"HepB","HepB",2878.22474703585,2536.16232491625,"EMRO","Low income",0.42,703771
"SOM",2022,"Hib","Hib3",2643.64082189906,2329.4575102295,"EMRO","Low income",0.42,703771
"SOM",2022,"Measles","MCV1",15334.6603710493,13862.3517438467,"EMRO","Low income",0.46,703771
"SOM",2022,"D","DTP3",8.08116460782847,7.12075915577066,"EMRO","Low income",0.42,703771
"SOM",2022,"P","DTP3",955.399327561041,841.854960181974,"EMRO","Low income",0.42,703771
"SOM",2022,"T","DTP3",77.4853087898208,68.2765725955306,"EMRO","Low income",0.42,703771
"SOM",2022,"TB","BCG",188.658841918777,159.83292274246,"EMRO","Low income",0.37,703771
"SRB",2019,"HepB","HepB",254.562887492641,254.562887492641,"EURO","Upper middle income",0.94,69169
"SRB",2019,"HepB","HepB_BD",129.516171329267,129.516171329267,"EURO","Upper middle income",0.99,69169
"SRB",2019,"Hib","Hib3",7.14025826293994,7.14025826293994,"EURO","Upper middle income",0.97,69169
"SRB",2019,"Measles","MCV1",357.953087269985,357.953087269985,"EURO","Upper middle income",0.87,69169
"SRB",2019,"Measles","MCV2",57.7577580582334,57.7577580582334,"EURO","Upper middle income",0.91,69876
"SRB",2019,"PCV","PCV3",6.32251969209463,6.32251969209463,"EURO","Upper middle income",0.92,69169
"SRB",2019,"D","DTP3",1.37389503239869,1.37389503239869,"EURO","Upper middle income",0.97,69169
"SRB",2019,"P","DTP3",40.5837865066429,40.5837865066429,"EURO","Upper middle income",0.97,69169
"SRB",2019,"T","DTP3",5.2489319428171,5.2489319428171,"EURO","Upper middle income",0.97,69169
"SRB",2019,"TB","BCG",3.75533284315433,3.75533284315433,"EURO","Upper middle income",0.98,69169
"SRB",2019,"Rubella","Rubella",31.3063179275644,31.3063179275644,"EURO","Upper middle income",0.87,69169
"SRB",2020,"HepB","HepB",255.457201154263,236.433792557669,"EURO","Upper middle income",0.87,69412
"SRB",2020,"HepB","HepB_BD",129.97117905864,129.97117905864,"EURO","Upper middle income",0.99,69412
"SRB",2020,"Hib","Hib3",7.16534295055859,6.79599537578753,"EURO","Upper middle income",0.92,69412
"SRB",2020,"Measles","MCV1",359.210624609062,322.050904821918,"EURO","Upper middle income",0.78,69412
"SRB",2020,"Measles","MCV2",57.807352561117,53.3606331333388,"EURO","Upper middle income",0.84,69936
"SRB",2020,"PCV","PCV3",6.34473155413079,5.99990918705846,"EURO","Upper middle income",0.87,69412
"SRB",2020,"D","DTP3",1.37872171043181,1.30765358102811,"EURO","Upper middle income",0.92,69412
"SRB",2020,"P","DTP3",40.7263628070248,38.6270657551163,"EURO","Upper middle income",0.92,69412
"SRB",2020,"T","DTP3",5.26737214669607,4.99585811851586,"EURO","Upper middle income",0.92,69412
"SRB",2020,"TB","BCG",3.76852583251208,3.76852583251208,"EURO","Upper middle income",0.98,69412
"SRB",2020,"Rubella","Rubella",31.4163012330394,28.166339036518,"EURO","Upper middle income",0.78,69412
"SRB",2021,"HPV","HPV",135.367160515812,0,"EURO","Upper middle income",0,34335
"SRB",2021,"HepB","HepB",251.37206467525,238.001210171248,"EURO","Upper middle income",0.89,68302
"SRB",2021,"HepB","HepB_BD",127.892748689898,127.892748689898,"EURO","Upper middle income",0.99,68302
"SRB",2021,"Hib","Hib3",7.05075857501661,6.61462917862383,"EURO","Upper middle income",0.91,68302
"SRB",2021,"Measles","MCV1",353.466318245378,304.712343314981,"EURO","Upper middle income",0.75,68302
"SRB",2021,"Measles","MCV2",57.1022840451219,53.9647959107745,"EURO","Upper middle income",0.86,69083
"SRB",2021,"PCV","PCV3",6.24326996211377,5.97182344202187,"EURO","Upper middle income",0.88,68302
"SRB",2021,"D","DTP3",1.35667392188546,1.27275594733584,"EURO","Upper middle income",0.91,68302
"SRB",2021,"P","DTP3",40.0750883484903,37.5962169042538,"EURO","Upper middle income",0.91,68302
"SRB",2021,"T","DTP3",5.18313911663164,4.86253257333483,"EURO","Upper middle income",0.91,68302
"SRB",2021,"TB","BCG",3.70826156013716,3.70826156013716,"EURO","Upper middle income",0.98,68302
"SRB",2021,"Rubella","Rubella",30.9139083561784,26.6499209967055,"EURO","Upper middle income",0.75,68302
"SRB",2022,"HPV","HPV",193.393354086019,0,"EURO","Upper middle income",0,34223
"SRB",2022,"HepB","HepB",249.063367345074,242.61623199727,"EURO","Upper middle income",0.92,67356
"SRB",2022,"HepB","HepB_BD",126.121401726989,126.121401726989,"EURO","Upper middle income",0.99,67356
"SRB",2022,"Hib","Hib3",6.95310378288804,6.59469637139897,"EURO","Upper middle income",0.92,67356
"SRB",2022,"Measles","MCV1",356.401545660064,324.531360194866,"EURO","Upper middle income",0.81,67356
"SRB",2022,"Measles","MCV2",57.9527147803805,56.0421152551834,"EURO","Upper middle income",0.89,69324
"SRB",2022,"PCV","PCV3",6.21207781590285,5.95603390402408,"EURO","Upper middle income",0.89,67356
"SRB",2022,"D","DTP3",1.33788364443965,1.268920569984,"EURO","Upper middle income",0.92,67356
"SRB",2022,"P","DTP3",39.5200382243699,37.4829228519797,"EURO","Upper middle income",0.92,67356
"SRB",2022,"T","DTP3",5.11135132704519,4.84787960915626,"EURO","Upper middle income",0.92,67356
"SRB",2022,"TB","BCG",3.65690119827528,3.58227056157579,"EURO","Upper middle income",0.96,67356
"SRB",2022,"Rubella","Rubella",31.1706212213605,28.3832778680921,"EURO","Upper middle income",0.81,67356
"SSD",2019,"HepB","HepB",1677.39520359986,1677.39520359986,"EMRO","Low income",0.61,297372
"SSD",2019,"Hib","Hib3",978.726312416282,978.726312416282,"EMRO","Low income",0.61,297372
"SSD",2019,"Measles","MCV1",8359.74069835307,8359.74069835307,"EMRO","Low income",0.65,297372
"SSD",2019,"D","DTP3",21.0875773836977,21.0875773836977,"EMRO","Low income",0.61,297372
"SSD",2019,"P","DTP3",1554.37415526167,1554.37415526167,"EMRO","Low income",0.61,297372
"SSD",2019,"T","DTP3",76.0077282085712,76.0077282085712,"EMRO","Low income",0.61,297372
"SSD",2019,"TB","BCG",477.053431749649,477.053431749649,"EMRO","Low income",0.66,297372
"SSD",2020,"HepB","HepB",1628.41110305219,1788.58268695896,"EMRO","Low income",0.67,288688
"SSD",2020,"Hib","Hib3",950.145076465947,1043.60196923309,"EMRO","Low income",0.67,288688
"SSD",2020,"Measles","MCV1",8115.61553450275,8615.03802893368,"EMRO","Low income",0.69,288688
"SSD",2020,"D","DTP3",20.4717678185737,22.4853843253187,"EMRO","Low income",0.67,288688
"SSD",2020,"P","DTP3",1508.98257446626,1657.40708998753,"EMRO","Low income",0.67,288688
"SSD",2020,"T","DTP3",73.7881140156975,81.04596129593,"EMRO","Low income",0.67,288688
"SSD",2020,"TB","BCG",463.122288261648,484.17330136445,"EMRO","Low income",0.69,288688
"SSD",2021,"HepB","HepB",1658.94437530743,1876.51085075758,"EMRO","Low income",0.69,294101
"SSD",2021,"Hib","Hib3",967.960625774925,1094.90628161426,"EMRO","Low income",0.69,294101
"SSD",2021,"Measles","MCV1",8267.78613698107,9412.55652517845,"EMRO","Low income",0.74,294101
"SSD",2021,"D","DTP3",20.8556205564844,23.5907839081544,"EMRO","Low income",0.69,294101
"SSD",2021,"P","DTP3",1537.27652044111,1738.88655590879,"EMRO","Low income",0.69,294101
"SSD",2021,"T","DTP3",75.1716667133052,85.0302459543944,"EMRO","Low income",0.69,294101
"SSD",2021,"TB","BCG",471.805991589671,507.548869740404,"EMRO","Low income",0.71,294101
"SSD",2022,"HepB","HepB",1766.28098729237,2008.0563764938,"EMRO","Low income",0.73,297473
"SSD",2022,"Hib","Hib3",1030.58937671556,1171.66044607256,"EMRO","Low income",0.73,297473
"SSD",2022,"Measles","MCV1",8683.29054726556,9263.16555709063,"EMRO","Low income",0.72,297473
"SSD",2022,"D","DTP3",22.2050158012536,25.2445244503286,"EMRO","Low income",0.73,297473
"SSD",2022,"P","DTP3",1636.74100872907,1860.7844634537,"EMRO","Low income",0.73,297473
"SSD",2022,"T","DTP3",80.0354054512433,90.9909620371363,"EMRO","Low income",0.73,297473
"SSD",2022,"TB","BCG",493.988120459211,520.598682652265,"EMRO","Low income",0.72,297473
"STP",2019,"HepB","HepB",92.6975579755507,92.6975579755507,"AFRO","Lower middle income",0.95,6146
"STP",2019,"Hib","Hib3",8.05327435524931,8.05327435524931,"AFRO","Lower middle income",0.95,6146
"STP",2019,"Measles","MCV1",82.516197006529,82.516197006529,"AFRO","Lower middle income",0.95,6146
"STP",2019,"Measles","MCV2",6.64792811416427,6.64792811416427,"AFRO","Lower middle income",0.81,6152
"STP",2019,"PCV","PCV3",8.45678075078807,8.45678075078807,"AFRO","Lower middle income",0.95,6146
"STP",2019,"Rota","Rota",1.32698481011977,1.32698481011977,"AFRO","Lower middle income",0.95,6146
"STP",2019,"D","DTP3",0.99317234873156,0.99317234873156,"AFRO","Lower middle income",0.95,6146
"STP",2019,"P","DTP3",26.2957554866069,26.2957554866069,"AFRO","Lower middle income",0.95,6146
"STP",2019,"T","DTP3",2.98338027071045,2.98338027071045,"AFRO","Lower middle income",0.95,6146
"STP",2019,"TB","BCG",4.8749148090732,4.8749148090732,"AFRO","Lower middle income",0.95,6146
"STP",2019,"Rubella","Rubella",3.39412671320292,3.39412671320292,"AFRO","Lower middle income",0.95,6146
"STP",2020,"HPV","HPV",41.8855144282276,0,"AFRO","Lower middle income",0,2843
"STP",2020,"HepB","HepB",92.1998327212075,93.1703572761675,"AFRO","Lower middle income",0.96,6113
"STP",2020,"Hib","Hib3",8.01003353947917,8.09434968200001,"AFRO","Lower middle income",0.96,6113
"STP",2020,"Measles","MCV1",82.0731390011246,74.2977889904918,"AFRO","Lower middle income",0.86,6113
"STP",2020,"Measles","MCV2",6.50960971386957,6.02741640173108,"AFRO","Lower middle income",0.75,6024
"STP",2020,"PCV","PCV3",8.41137336960096,8.49991414191255,"AFRO","Lower middle income",0.96,6113
"STP",2020,"Rota","Rota",1.3198597696489,1.20871368378373,"AFRO","Lower middle income",0.87,6113
"STP",2020,"D","DTP3",0.987839662836971,0.998237975077361,"AFRO","Lower middle income",0.96,6113
"STP",2020,"P","DTP3",26.1545644792756,26.4298756843207,"AFRO","Lower middle income",0.96,6113
"STP",2020,"T","DTP3",2.96736147003791,2.99859685393304,"AFRO","Lower middle income",0.96,6113
"STP",2020,"TB","BCG",4.84873970515204,4.79770033983465,"AFRO","Lower middle income",0.94,6113
"STP",2020,"Rubella","Rubella",3.37590247279685,3.05608013326873,"AFRO","Lower middle income",0.86,6113
"STP",2021,"HPV","HPV",40.898412962631,0,"AFRO","Lower middle income",0,2776
"STP",2021,"HepB","HepB",92.7428057259455,94.6952858464917,"AFRO","Lower middle income",0.97,6149
"STP",2021,"Hib","Hib3",8.05720533850113,8.22683071404853,"AFRO","Lower middle income",0.97,6149
"STP",2021,"Measles","MCV1",82.5564750070203,66.9141955320059,"AFRO","Lower middle income",0.77,6149
"STP",2021,"Measles","MCV2",6.51069032637187,5.54614361135381,"AFRO","Lower middle income",0.69,6025
"STP",2021,"PCV","PCV3",8.46090869453236,8.63903308810146,"AFRO","Lower middle income",0.97,6149
"STP",2021,"Rota","Rota",1.32763254107166,1.09005619161673,"AFRO","Lower middle income",0.78,6149
"STP",2021,"D","DTP3",0.993657138358341,1.01457623600799,"AFRO","Lower middle income",0.97,6149
"STP",2021,"P","DTP3",26.3085910327279,26.8624561071012,"AFRO","Lower middle income",0.97,6149
"STP",2021,"T","DTP3",2.98483652531705,3.04767518900793,"AFRO","Lower middle income",0.97,6149
"STP",2021,"TB","BCG",4.87729436397512,4.77461448262828,"AFRO","Lower middle income",0.93,6149
"STP",2021,"Rubella","Rubella",3.39578346233074,2.75237185894176,"AFRO","Lower middle income",0.77,6149
"STP",2022,"HPV","HPV",48.3799907244606,0,"AFRO","Lower middle income",0,2773
"STP",2022,"HepB","HepB",94.252502630637,95.9580949925988,"AFRO","Lower middle income",0.97,6231
"STP",2022,"Hib","Hib3",8.18836309100588,8.33653962908381,"AFRO","Lower middle income",0.97,6231
"STP",2022,"Measles","MCV1",83.9003555787235,67.8065299007853,"AFRO","Lower middle income",0.77,6231
"STP",2022,"Measles","MCV2",6.83785197692646,5.58204396004142,"AFRO","Lower middle income",0.69,6064
"STP",2022,"PCV","PCV3",8.5986380587351,8.7542389285998,"AFRO","Lower middle income",0.97,6231
"STP",2022,"Rota","Rota",1.34924416606117,1.10459263782141,"AFRO","Lower middle income",0.78,6231
"STP",2022,"D","DTP3",1.00983220546314,1.02810611913576,"AFRO","Lower middle income",0.97,6231
"STP",2022,"P","DTP3",26.7368506496116,27.2206804363876,"AFRO","Lower middle income",0.97,6231
"STP",2022,"T","DTP3",3.03342464412593,3.08831746669514,"AFRO","Lower middle income",0.97,6231
"STP",2022,"TB","BCG",4.95668851370919,4.83828636221447,"AFRO","Lower middle income",0.93,6231
"STP",2022,"Rubella","Rubella",3.45106110615394,2.78907611856661,"AFRO","Lower middle income",0.77,6231
"SUR",2019,"HPV","HPV",12.6634888931724,12.6634888931724,"PAHO","Upper middle income",0.36,5329
"SUR",2019,"HepB","HepB",67.0567595191135,67.0567595191135,"PAHO","Upper middle income",0.77,10865
"SUR",2019,"HepB","HepB_BD",27.0332512861077,27.0332512861077,"PAHO","Upper middle income",0.79,10865
"SUR",2019,"Hib","Hib3",4.57215820880583,4.57215820880583,"PAHO","Upper middle income",0.77,10865
"SUR",2019,"Measles","MCV1",37.8830878107722,37.8830878107722,"PAHO","Upper middle income",0.64,10865
"SUR",2019,"Measles","MCV2",2.69837613785153,2.69837613785153,"PAHO","Upper middle income",0.32,10865
"SUR",2019,"YF","YF",10.8501922549854,10.8501922549854,"PAHO","Upper middle income",0.57,10865
"SUR",2019,"D","DTP3",1.55611184609419,1.55611184609419,"PAHO","Upper middle income",0.77,10865
"SUR",2019,"P","DTP3",31.5739507177805,31.5739507177805,"PAHO","Upper middle income",0.77,10865
"SUR",2019,"T","DTP3",3.56470052614034,3.56470052614034,"PAHO","Upper middle income",0.77,10865
"SUR",2019,"Rubella","Rubella",9.95875151203967,9.95875151203967,"PAHO","Upper middle income",0.64,10865
"SUR",2020,"HPV","HPV",16.8054406929096,1.4004533910758,"PAHO","Upper middle income",0.04,5304
"SUR",2020,"HepB","HepB",67.2357421262055,44.5327642654088,"PAHO","Upper middle income",0.51,10894
"SUR",2020,"HepB","HepB_BD",27.1054063056472,27.1054063056472,"PAHO","Upper middle income",0.79,10894
"SUR",2020,"Hib","Hib3",4.58436185243725,3.03639551265324,"PAHO","Upper middle income",0.51,10894
"SUR",2020,"Measles","MCV1",37.9842023571608,26.7076422823787,"PAHO","Upper middle income",0.45,10894
"SUR",2020,"Measles","MCV2",2.70557843035017,2.02918382276263,"PAHO","Upper middle income",0.24,10894
"SUR",2020,"YF","YF",10.8791527313218,8.39794245926594,"PAHO","Upper middle income",0.44,10894
"SUR",2020,"D","DTP3",1.56026529694893,1.03342246940773,"PAHO","Upper middle income",0.51,10894
"SUR",2020,"P","DTP3",31.6582254136678,20.9684350142475,"PAHO","Upper middle income",0.51,10894
"SUR",2020,"T","DTP3",3.57421514328328,2.36733730269412,"PAHO","Upper middle income",0.51,10894
"SUR",2020,"Rubella","Rubella",9.98533262514129,7.02093700205247,"PAHO","Upper middle income",0.45,10894
"SUR",2021,"HPV","HPV",17.456160410539,0.698246416421558,"PAHO","Upper middle income",0.02,5289
"SUR",2021,"HepB","HepB",67.5319892000129,63.1467950961159,"PAHO","Upper middle income",0.72,10942
"SUR",2021,"HepB","HepB_BD",27.2248353035058,27.2248353035058,"PAHO","Upper middle income",0.79,10942
"SUR",2021,"Hib","Hib3",4.60456098672374,4.30556352005336,"PAHO","Upper middle income",0.72,10942
"SUR",2021,"Measles","MCV1",38.1515643649765,34.5748552057599,"PAHO","Upper middle income",0.58,10942
"SUR",2021,"Measles","MCV2",2.71749946620998,3.65163990771966,"PAHO","Upper middle income",0.43,10942
"SUR",2021,"YF","YF",10.927087312844,11.693900457605,"PAHO","Upper middle income",0.61,10942
"SUR",2021,"D","DTP3",1.56713997422574,1.46537763823705,"PAHO","Upper middle income",0.72,10942
"SUR",2021,"P","DTP3",31.7977145654812,29.7329279053851,"PAHO","Upper middle income",0.72,10942
"SUR",2021,"T","DTP3",3.58996347510608,3.35684896373556,"PAHO","Upper middle income",0.72,10942
"SUR",2021,"Rubella","Rubella",10.029328950275,9.08907936118673,"PAHO","Upper middle income",0.58,10942
"SUR",2022,"HPV","HPV",20.9157080267853,0.69719026755951,"PAHO","Upper middle income",0.02,5281
"SUR",2022,"HepB","HepB",68.8340092045888,67.7480026913308,"PAHO","Upper middle income",0.77,10977
"SUR",2022,"HepB","HepB_BD",27.6317416407361,27.3119189477777,"PAHO","Upper middle income",0.79,10977
"SUR",2022,"Hib","Hib3",4.69333714433473,4.61928952214097,"PAHO","Upper middle income",0.77,10977
"SUR",2022,"Measles","MCV1",40.4183429515216,44.253849031458,"PAHO","Upper middle income",0.74,10977
"SUR",2022,"Measles","MCV2",3.65918688730122,4.34486832180456,"PAHO","Upper middle income",0.51,10977
"SUR",2022,"YF","YF",11.9314270434061,14.6160528158276,"PAHO","Upper middle income",0.76,10977
"SUR",2022,"D","DTP3",1.59735450841292,1.57215275974008,"PAHO","Upper middle income",0.77,10977
"SUR",2022,"P","DTP3",32.4107760338978,31.8994254053452,"PAHO","Upper middle income",0.77,10977
"SUR",2022,"T","DTP3",3.65917814382317,3.60144663372688,"PAHO","Upper middle income",0.77,10977
"SUR",2022,"Rubella","Rubella",10.6252224209703,11.6335048546462,"PAHO","Upper middle income",0.74,10977
"SVK",2019,"HepB","HepB",451.940303786468,451.940303786468,"EURO","High income",0.97,58473
"SVK",2019,"Hib","Hib3",11.8747750533853,11.8747750533853,"EURO","High income",0.97,58473
"SVK",2019,"Measles","MCV1",233.193549388909,233.193549388909,"EURO","High income",0.96,58473
"SVK",2019,"Measles","MCV2",38.625702358637,38.625702358637,"EURO","High income",0.98,58473
"SVK",2019,"PCV","PCV3",13.6017366446017,13.6017366446017,"EURO","High income",0.96,58473
"SVK",2019,"D","DTP3",1.05232710077569,1.05232710077569,"EURO","High income",0.97,58473
"SVK",2019,"P","DTP3",34.6757896826229,34.6757896826229,"EURO","High income",0.97,58473
"SVK",2019,"T","DTP3",4.16373959361613,4.16373959361613,"EURO","High income",0.97,58473
"SVK",2019,"Rubella","Rubella",41.2946012606242,41.2946012606242,"EURO","High income",0.96,58473
"SVK",2020,"HepB","HepB",447.403355822063,447.403355822063,"EURO","High income",0.97,57886
"SVK",2020,"Hib","Hib3",11.7555663082151,11.7555663082151,"EURO","High income",0.97,57886
"SVK",2020,"Measles","MCV1",230.852561009806,230.852561009806,"EURO","High income",0.96,57886
"SVK",2020,"Measles","MCV2",38.2379458336678,38.2379458336678,"EURO","High income",0.98,57886
"SVK",2020,"PCV","PCV3",13.4651912405625,13.4651912405625,"EURO","High income",0.96,57886
"SVK",2020,"D","DTP3",1.04176297702361,1.04176297702361,"EURO","High income",0.97,57886
"SVK",2020,"P","DTP3",34.3276856253024,34.3276856253024,"EURO","High income",0.97,57886
"SVK",2020,"T","DTP3",4.12194055574476,4.12194055574476,"EURO","High income",0.97,57886
"SVK",2020,"Rubella","Rubella",40.8800521364133,40.8800521364133,"EURO","High income",0.96,57886
"SVK",2021,"HepB","HepB",429.147357369039,429.147357369039,"EURO","High income",0.97,55524
"SVK",2021,"Hib","Hib3",11.2758881888079,11.2758881888079,"EURO","High income",0.97,55524
"SVK",2021,"Measles","MCV1",221.43277472115,219.126183317804,"EURO","High income",0.95,55524
"SVK",2021,"Measles","MCV2",36.6776717076421,35.9291477952413,"EURO","High income",0.96,55524
"SVK",2021,"PCV","PCV3",12.9157530048888,13.0502920986897,"EURO","High income",0.97,55524
"SVK",2021,"D","DTP3",0.999254526763963,0.999254526763963,"EURO","High income",0.97,55524
"SVK",2021,"P","DTP3",32.9269670846023,32.9269670846023,"EURO","High income",0.97,55524
"SVK",2021,"T","DTP3",3.95374749364565,3.95374749364565,"EURO","High income",0.97,55524
"SVK",2021,"Rubella","Rubella",39.2119686076463,38.8035106013166,"EURO","High income",0.95,55524
"SVK",2022,"HepB","HepB",418.574027189642,418.574027189642,"EURO","High income",0.97,54156
"SVK",2022,"Hib","Hib3",10.9980729189734,10.9980729189734,"EURO","High income",0.97,54156
"SVK",2022,"Measles","MCV1",216.26021810545,213.727353644532,"EURO","High income",0.95,54156
"SVK",2022,"Measles","MCV2",35.7740074382081,35.0439256537549,"EURO","High income",0.96,54156
"SVK",2022,"PCV","PCV3",12.614047605874,12.5975347549304,"EURO","High income",0.96,54156
"SVK",2022,"D","DTP3",0.974634899348555,0.974634899348555,"EURO","High income",0.97,54156
"SVK",2022,"P","DTP3",32.1157126545948,32.1157126545948,"EURO","High income",0.97,54156
"SVK",2022,"T","DTP3",3.85633508511407,3.85633508511407,"EURO","High income",0.97,54156
"SVK",2022,"Rubella","Rubella",38.2959970316611,37.8474699251657,"EURO","High income",0.95,54156
"SVN",2019,"HPV","HPV",39.3670480478901,39.3670480478901,"EURO","High income",0.52,10959
"SVN",2019,"Hib","Hib3",2.01105351952014,2.01105351952014,"EURO","High income",0.95,20411
"SVN",2019,"Measles","MCV1",44.8140990979132,44.8140990979132,"EURO","High income",0.94,20411
"SVN",2019,"Measles","MCV2",7.81686587403591,7.81686587403591,"EURO","High income",0.94,20411
"SVN",2019,"PCV","PCV3",1.35374589920173,1.35374589920173,"EURO","High income",0.65,20411
"SVN",2019,"D","DTP3",0.136724995471058,0.136724995471058,"EURO","High income",0.95,20411
"SVN",2019,"P","DTP3",4.45753462266629,4.45753462266629,"EURO","High income",0.95,20411
"SVN",2019,"T","DTP3",0.643441002902128,0.643441002902128,"EURO","High income",0.95,20411
"SVN",2019,"Rubella","Rubella",9.6944448420958,9.6944448420958,"EURO","High income",0.94,20411
"SVN",2020,"HPV","HPV",53.5412246160817,0,"EURO","High income",0,10334
"SVN",2020,"Hib","Hib3",1.96898209465927,1.96898209465927,"EURO","High income",0.95,19984
"SVN",2020,"Measles","MCV1",43.8765840170838,43.8765840170838,"EURO","High income",0.94,19984
"SVN",2020,"Measles","MCV2",7.65333631996147,7.40908090549462,"EURO","High income",0.91,19984
"SVN",2020,"PCV","PCV3",1.32542541030069,1.42738121109305,"EURO","High income",0.7,19984
"SVN",2020,"D","DTP3",0.133864695972448,0.133864695972448,"EURO","High income",0.95,19984
"SVN",2020,"P","DTP3",4.3642825877891,4.3642825877891,"EURO","High income",0.95,19984
"SVN",2020,"T","DTP3",0.629980157855868,0.629980157855868,"EURO","High income",0.95,19984
"SVN",2020,"Rubella","Rubella",9.49163616307101,9.49163616307101,"EURO","High income",0.94,19984
"SVN",2021,"HPV","HPV",58.8984557224325,0,"EURO","High income",0,11368
"SVN",2021,"Hib","Hib3",1.91006239426865,1.72910911481162,"EURO","High income",0.86,19386
"SVN",2021,"Measles","MCV1",42.5636237867888,43.0164282951589,"EURO","High income",0.95,19386
"SVN",2021,"Measles","MCV2",7.42431834961835,7.18737201931138,"EURO","High income",0.91,19386
"SVN",2021,"PCV","PCV3",1.28576346097323,1.14729662671458,"EURO","High income",0.58,19386
"SVN",2021,"D","DTP3",0.129858936955658,0.117556511349332,"EURO","High income",0.86,19386
"SVN",2021,"P","DTP3",4.23368606119293,3.83260001329044,"EURO","High income",0.86,19386
"SVN",2021,"T","DTP3",0.61112866994565,0.553232269635009,"EURO","High income",0.86,19386
"SVN",2021,"Rubella","Rubella",9.2076090200808,9.30556230752847,"EURO","High income",0.95,19386
"SVN",2022,"HPV","HPV",57.1679768157389,0,"EURO","High income",0,11034
"SVN",2022,"Hib","Hib3",1.89318788832882,1.77133507294758,"EURO","High income",0.89,19190
"SVN",2022,"Measles","MCV1",42.2517604217128,43.0297419529413,"EURO","High income",0.96,19190
"SVN",2022,"Measles","MCV2",7.36992042251737,7.19288846298612,"EURO","High income",0.92,19190
"SVN",2022,"PCV","PCV3",1.41953720698679,1.19443996046366,"EURO","High income",0.61,19190
"SVN",2022,"D","DTP3",0.128711694117113,0.120427317063284,"EURO","High income",0.89,19190
"SVN",2022,"P","DTP3",4.19628342932009,3.92619457382268,"EURO","High income",0.89,19190
"SVN",2022,"T","DTP3",0.605729634604217,0.566742557942995,"EURO","High income",0.89,19190
"SVN",2022,"Rubella","Rubella",9.14014493507501,9.30844239490312,"EURO","High income",0.96,19190
"SWE",2019,"HPV","HPV",210.307846428332,210.307846428332,"EURO","High income",0.8,59951
"SWE",2019,"HepB","HepB",502.663607919367,502.663607919367,"EURO","High income",0.97,116241
"SWE",2019,"Hib","Hib3",10.8880352930949,10.8880352930949,"EURO","High income",0.97,116241
"SWE",2019,"Measles","MCV1",281.629611539362,281.629611539362,"EURO","High income",0.97,116241
"SWE",2019,"Measles","MCV2",44.0343709572609,44.0343709572609,"EURO","High income",0.93,116241
"SWE",2019,"PCV","PCV3",12.8618659279404,12.8618659279404,"EURO","High income",0.97,116241
"SWE",2019,"D","DTP3",0.484891782223369,0.484891782223369,"EURO","High income",0.98,116241
"SWE",2019,"P","DTP3",18.1132740194704,18.1132740194704,"EURO","High income",0.98,116241
"SWE",2019,"T","DTP3",2.88156843492922,2.88156843492922,"EURO","High income",0.98,116241
"SWE",2019,"TB","BCG",0.242192858241324,0.242192858241324,"EURO","High income",0.25,116241
"SWE",2019,"Rubella","Rubella",67.9456714884424,67.9456714884424,"EURO","High income",0.97,116241
"SWE",2020,"HPV","HPV",199.166452285509,0,"EURO","High income",0,60560
"SWE",2020,"HepB","HepB",498.853879522528,498.853879522528,"EURO","High income",0.97,115360
"SWE",2020,"Hib","Hib3",10.8055139874178,10.8055139874178,"EURO","High income",0.97,115360
"SWE",2020,"Measles","MCV1",279.49511779132,279.49511779132,"EURO","High income",0.97,115360
"SWE",2020,"Measles","MCV2",43.7006308757634,43.2307316190348,"EURO","High income",0.92,115360
"SWE",2020,"PCV","PCV3",12.7643847992293,12.7643847992293,"EURO","High income",0.97,115360
"SWE",2020,"D","DTP3",0.481216747939951,0.476306372960972,"EURO","High income",0.97,115360
"SWE",2020,"P","DTP3",17.9759920414148,17.7925635511963,"EURO","High income",0.97,115360
"SWE",2020,"T","DTP3",2.85972879322644,2.83054788717311,"EURO","High income",0.97,115360
"SWE",2020,"TB","BCG",0.240357258856334,0.249971549210588,"EURO","High income",0.26,115360
"SWE",2020,"Rubella","Rubella",67.4307057140486,67.4307057140486,"EURO","High income",0.97,115360
"SWE",2021,"HPV","HPV",205.997177539753,0,"EURO","High income",0,62637
"SWE",2021,"HepB","HepB",491.039828202337,496.102094472464,"EURO","High income",0.98,113553
"SWE",2021,"Hib","Hib3",10.6362563263978,10.7459084534741,"EURO","High income",0.98,113553
"SWE",2021,"Measles","MCV1",275.117103940341,275.117103940341,"EURO","High income",0.97,113553
"SWE",2021,"Measles","MCV2",43.0161038300587,42.091026328337,"EURO","High income",0.91,113553
"SWE",2021,"PCV","PCV3",12.5644433695118,12.5644433695118,"EURO","High income",0.97,113553
"SWE",2021,"D","DTP3",0.473678964795642,0.473678964795642,"EURO","High income",0.98,113553
"SWE",2021,"P","DTP3",17.694415952486,17.694415952486,"EURO","High income",0.98,113553
"SWE",2021,"T","DTP3",2.81493397761132,2.81493397761132,"EURO","High income",0.98,113553
"SWE",2021,"TB","BCG",0.23659230075341,0.227128608723273,"EURO","High income",0.24,113553
"SWE",2021,"Rubella","Rubella",66.3744705786005,66.3744705786005,"EURO","High income",0.97,113553
"SWE",2022,"HPV","HPV",202.340092088275,0,"EURO","High income",0,61525
"SWE",2022,"HepB","HepB",497.094284823508,480.014276194649,"EURO","High income",0.94,114546
"SWE",2022,"Hib","Hib3",10.7673999706427,10.3974353783637,"EURO","High income",0.94,114546
"SWE",2022,"Measles","MCV1",278.509261716314,263.217645358703,"EURO","High income",0.92,114546
"SWE",2022,"Measles","MCV2",44.0273151870608,42.4591045750063,"EURO","High income",0.91,114546
"SWE",2022,"PCV","PCV3",12.7193613068782,12.2823279160152,"EURO","High income",0.94,114546
"SWE",2022,"D","DTP3",0.478544029068701,0.458318293690717,"EURO","High income",0.94,114546
"SWE",2022,"P","DTP3",17.8761518480629,17.1206136010196,"EURO","High income",0.94,114546
"SWE",2022,"T","DTP3",2.84384561554188,2.72365005278932,"EURO","High income",0.94,114546
"SWE",2022,"TB","BCG",0.238661256700396,0.22911480643238,"EURO","High income",0.24,114546
"SWE",2022,"Rubella","Rubella",67.1928590876192,63.5036193948097,"EURO","High income",0.92,114546
"SWZ",2019,"HepB","HepB",294.176436715063,294.176436715063,"AFRO","Lower middle income",0.9,28933
"SWZ",2019,"Hib","Hib3",67.4797028979005,67.4797028979005,"AFRO","Lower middle income",0.9,28933
"SWZ",2019,"Measles","MCV1",624.703594609202,624.703594609202,"AFRO","Lower middle income",0.81,28933
"SWZ",2019,"Measles","MCV2",73.0602872412163,73.0602872412163,"AFRO","Lower middle income",0.75,28857
"SWZ",2019,"PCV","PCV3",60.4002011790556,60.4002011790556,"AFRO","Lower middle income",0.87,28933
"SWZ",2019,"Rota","Rota",28.422540250781,28.422540250781,"AFRO","Lower middle income",0.87,28933
"SWZ",2019,"D","DTP3",9.00683517660561,9.00683517660561,"AFRO","Lower middle income",0.9,28933
"SWZ",2019,"P","DTP3",270.913687938199,270.913687938199,"AFRO","Lower middle income",0.9,28933
"SWZ",2019,"T","DTP3",18.9410742030275,18.9410742030275,"AFRO","Lower middle income",0.9,28933
"SWZ",2019,"TB","BCG",105.721009151514,105.721009151514,"AFRO","Lower middle income",0.98,28933
"SWZ",2019,"Rubella","Rubella",12.2665494844523,12.2665494844523,"AFRO","Lower middle income",0.81,28933
"SWZ",2020,"HPV","HPV",503.539123796607,0,"AFRO","Lower middle income",0,14037
"SWZ",2020,"HepB","HepB",290.150104535919,267.582874183126,"AFRO","Lower middle income",0.83,28537
"SWZ",2020,"Hib","Hib3",66.556122130349,61.379534853544,"AFRO","Lower middle income",0.83,28537
"SWZ",2020,"Measles","MCV1",616.153405431956,578.119244602823,"AFRO","Lower middle income",0.76,28537
"SWZ",2020,"Measles","MCV2",71.7943849083124,67.0080925810916,"AFRO","Lower middle income",0.7,28357
"SWZ",2020,"PCV","PCV3",59.5735160905094,56.834503856463,"AFRO","Lower middle income",0.83,28537
"SWZ",2020,"Rota","Rota",28.0335268080233,20.3001401023617,"AFRO","Lower middle income",0.63,28537
"SWZ",2020,"D","DTP3",8.88356048231411,8.19261688924524,"AFRO","Lower middle income",0.83,28537
"SWZ",2020,"P","DTP3",267.205748200753,246.42307889625,"AFRO","Lower middle income",0.83,28537
"SWZ",2020,"T","DTP3",18.6818316293435,17.2288002803946,"AFRO","Lower middle income",0.83,28537
"SWZ",2020,"TB","BCG",104.274027517256,103.210006828304,"AFRO","Lower middle income",0.97,28537
"SWZ",2020,"Rubella","Rubella",12.0986597531475,11.3518289041878,"AFRO","Lower middle income",0.76,28537
"SWZ",2021,"HPV","HPV",397.780482721081,0,"AFRO","Lower middle income",0,13861
"SWZ",2021,"HepB","HepB",286.927005291504,245.481993416064,"AFRO","Lower middle income",0.77,28220
"SWZ",2021,"Hib","Hib3",65.8167910613746,56.3099212413983,"AFRO","Lower middle income",0.77,28220
"SWZ",2021,"Measles","MCV1",609.308935812797,601.786603271899,"AFRO","Lower middle income",0.8,28220
"SWZ",2021,"Measles","MCV2",71.1057340392127,65.4172753160757,"AFRO","Lower middle income",0.69,28085
"SWZ",2021,"PCV","PCV3",58.911750501951,42.6602331221025,"AFRO","Lower middle income",0.63,28220
"SWZ",2021,"Rota","Rota",27.7221195823814,27.0848294770393,"AFRO","Lower middle income",0.85,28220
"SWZ",2021,"D","DTP3",8.78487846693431,7.51595157726602,"AFRO","Lower middle income",0.77,28220
"SWZ",2021,"P","DTP3",264.237523713959,226.06988139972,"AFRO","Lower middle income",0.77,28220
"SWZ",2021,"T","DTP3",18.4743066398036,15.8057956807208,"AFRO","Lower middle income",0.77,28220
"SWZ",2021,"TB","BCG",103.115711411044,102.063510274196,"AFRO","Lower middle income",0.97,28220
"SWZ",2021,"Rubella","Rubella",11.96426317531,11.8165562225284,"AFRO","Lower middle income",0.8,28220
"SWZ",2022,"HPV","HPV",475.604328208187,0,"AFRO","Lower middle income",0,13913
"SWZ",2022,"HepB","HepB",284.949158395148,305.791682029279,"AFRO","Lower middle income",0.97,27905
"SWZ",2022,"Hib","Hib3",65.3631023756526,70.1440675616438,"AFRO","Lower middle income",0.97,27905
"SWZ",2022,"Measles","MCV1",617.349224039666,617.384381040527,"AFRO","Lower middle income",0.83,27905
"SWZ",2022,"Measles","MCV2",73.6133683562373,72.3936461940114,"AFRO","Lower middle income",0.77,27851
"SWZ",2022,"PCV","PCV3",58.8327574511799,64.2804525137738,"AFRO","Lower middle income",0.96,27905
"SWZ",2022,"Rota","Rota",27.6849477994859,31.193735977455,"AFRO","Lower middle income",0.99,27905
"SWZ",2022,"D","DTP3",8.72432249175504,9.36246053276667,"AFRO","Lower middle income",0.97,27905
"SWZ",2022,"P","DTP3",262.416080083557,281.610428232966,"AFRO","Lower middle income",0.97,27905
"SWZ",2022,"T","DTP3",18.3469594421679,19.6889424750062,"AFRO","Lower middle income",0.97,27905
"SWZ",2022,"TB","BCG",101.964703292884,100.924247136834,"AFRO","Lower middle income",0.97,27905
"SWZ",2022,"Rubella","Rubella",12.1221405979073,12.1228309334432,"AFRO","Lower middle income",0.83,27905
"SYC",2019,"HPV","HPV",3.91726055372815,3.91726055372815,"AFRO","High income",0.64,818
"SYC",2019,"HepB","HepB",16.0607678852378,16.0607678852378,"AFRO","High income",0.99,1718
"SYC",2019,"Hib","Hib3",0.885352530257828,0.885352530257828,"AFRO","High income",0.99,1718
"SYC",2019,"Measles","MCV1",9.78775738478138,9.78775738478138,"AFRO","High income",0.99,1718
"SYC",2019,"Measles","MCV2",1.75864162828377,1.75864162828377,"AFRO","High income",0.99,1718
"SYC",2019,"PCV","PCV3",0.983921754590427,0.983921754590427,"AFRO","High income",0.92,1718
"SYC",2019,"Rota","Rota",0.287006548516692,0.287006548516692,"AFRO","High income",0.99,1718
"SYC",2019,"D","DTP3",0.169505893461279,0.169505893461279,"AFRO","High income",0.99,1718
"SYC",2019,"P","DTP3",4.15381071126498,4.15381071126498,"AFRO","High income",0.99,1718
"SYC",2019,"T","DTP3",0.44091750130036,0.44091750130036,"AFRO","High income",0.99,1718
"SYC",2019,"TB","BCG",0.605501629559991,0.605501629559991,"AFRO","High income",0.98,1718
"SYC",2019,"Rubella","Rubella",2.18524300829647,2.18524300829647,"AFRO","High income",0.99,1718
"SYC",2020,"HPV","HPV",5.85209634602458,0,"AFRO","High income",0,790
"SYC",2020,"HepB","HepB",15.7709635753179,15.452358250564,"AFRO","High income",0.97,1687
"SYC",2020,"Hib","Hib3",0.869377018943514,0.851813846843645,"AFRO","High income",0.97,1687
"SYC",2020,"Measles","MCV1",9.61114476608044,9.41698022535154,"AFRO","High income",0.97,1687
"SYC",2020,"Measles","MCV2",1.72690828109122,1.72690828109122,"AFRO","High income",0.99,1687
"SYC",2020,"PCV","PCV3",0.966167636783498,0.9871712810614,"AFRO","High income",0.94,1687
"SYC",2020,"Rota","Rota",0.281827734195378,0.278980989405526,"AFRO","High income",0.98,1687
"SYC",2020,"D","DTP3",0.166447288864481,0.163084717372269,"AFRO","High income",0.97,1687
"SYC",2020,"P","DTP3",4.07885836432131,3.99645718524412,"AFRO","High income",0.97,1687
"SYC",2020,"T","DTP3",0.432961481195406,0.4242147846056,"AFRO","High income",0.97,1687
"SYC",2020,"TB","BCG",0.594575814358385,0.600642914504899,"AFRO","High income",0.99,1687
"SYC",2020,"Rubella","Rubella",2.14581196449135,2.10246222783496,"AFRO","High income",0.97,1687
"SYC",2021,"HPV","HPV",5.99284296700492,0,"AFRO","High income",0,809
"SYC",2021,"HepB","HepB",15.4531136870187,14.6726533997955,"AFRO","High income",0.94,1653
"SYC",2021,"Hib","Hib3",0.851855490405233,0.808832485839312,"AFRO","High income",0.94,1653
"SYC",2021,"Measles","MCV1",9.41744060363424,8.94181229031938,"AFRO","High income",0.94,1653
"SYC",2021,"Measles","MCV2",1.69210396481552,1.46990849468823,"AFRO","High income",0.86,1653
"SYC",2021,"PCV","PCV3",0.946695378543641,0.97756588001789,"AFRO","High income",0.95,1653
"SYC",2021,"Rota","Rota",0.276147744294582,0.273358373140092,"AFRO","High income",0.98,1653
"SYC",2021,"D","DTP3",0.163092690274444,0.154855685715129,"AFRO","High income",0.94,1653
"SYC",2021,"P","DTP3",3.99665256444762,3.79480142482905,"AFRO","High income",0.94,1653
"SYC",2021,"T","DTP3",0.42423552366094,0.402809487112408,"AFRO","High income",0.94,1653
"SYC",2021,"TB","BCG",0.582592662201784,0.588537485285476,"AFRO","High income",0.99,1653
"SYC",2021,"Rubella","Rubella",2.10256501322122,1.99637486103833,"AFRO","High income",0.94,1653
"SYC",2022,"HPV","HPV",5.57060310406391,0,"AFRO","High income",0,752
"SYC",2022,"HepB","HepB",15.2007034816046,14.8936185627843,"AFRO","High income",0.97,1626
"SYC",2022,"Hib","Hib3",0.83794133538954,0.821013227603892,"AFRO","High income",0.97,1626
"SYC",2022,"Measles","MCV1",9.26361670992697,9.17004482396811,"AFRO","High income",0.98,1626
"SYC",2022,"Measles","MCV2",1.66446524306717,1.64765246283417,"AFRO","High income",0.98,1626
"SYC",2022,"PCV","PCV3",0.94793756642454,0.981842555660723,"AFRO","High income",0.97,1626
"SYC",2022,"Rota","Rota",0.271637164079244,0.271637164079244,"AFRO","High income",0.99,1626
"SYC",2022,"D","DTP3",0.160428744335297,0.157187759601251,"AFRO","High income",0.97,1626
"SYC",2022,"P","DTP3",3.93137148807733,3.85194984185355,"AFRO","High income",0.97,1626
"SYC",2022,"T","DTP3",0.417306086795335,0.408875660799469,"AFRO","High income",0.97,1626
"SYC",2022,"TB","BCG",0.573943557567062,0.578924350317111,"AFRO","High income",0.99,1626
"SYC",2022,"Rubella","Rubella",2.06822184603612,2.04733071627818,"AFRO","High income",0.98,1626
"SYR",2019,"HepB","HepB",1918.25917495229,1918.25917495229,"EMRO","Low income",0.54,348800
"SYR",2019,"Hib","Hib3",48.4500285398543,48.4500285398543,"EMRO","Low income",0.54,348800
"SYR",2019,"Measles","MCV1",2025.97365905522,2025.97365905522,"EMRO","Low income",0.65,348800
"SYR",2019,"Measles","MCV2",313.894809132399,313.894809132399,"EMRO","Low income",0.54,349546
"SYR",2019,"D","DTP3",6.12853511138072,6.12853511138072,"EMRO","Low income",0.54,348800
"SYR",2019,"P","DTP3",207.443130013028,207.443130013028,"EMRO","Low income",0.54,348800
"SYR",2019,"T","DTP3",27.3815035439533,27.3815035439533,"EMRO","Low income",0.54,348800
"SYR",2019,"TB","BCG",31.2399967990192,31.2399967990192,"EMRO","Low income",0.84,348800
"SYR",2019,"Rubella","Rubella",38.4905927206655,38.4905927206655,"EMRO","Low income",0.65,348800
"SYR",2020,"HepB","HepB",2072.72083546751,1880.80223959089,"EMRO","Low income",0.49,376886
"SYR",2020,"Hib","Hib3",52.3513115145399,47.5039678557862,"EMRO","Low income",0.49,376886
"SYR",2020,"Measles","MCV1",2189.10868253064,1987.0371118355,"EMRO","Low income",0.59,376886
"SYR",2020,"Measles","MCV2",319.686057277406,313.765945105603,"EMRO","Low income",0.53,355995
"SYR",2020,"D","DTP3",6.62201572244219,6.00886611851235,"EMRO","Low income",0.49,376886
"SYR",2020,"P","DTP3",224.146821955534,203.392486589281,"EMRO","Low income",0.49,376886
"SYR",2020,"T","DTP3",29.586311194571,26.8468379358144,"EMRO","Low income",0.49,376886
"SYR",2020,"TB","BCG",33.7554972293439,29.736985654422,"EMRO","Low income",0.74,376886
"SYR",2020,"Rubella","Rubella",41.5899241058507,37.7508541883876,"EMRO","Low income",0.59,376886
"SYR",2021,"HepB","HepB",2220.95145342189,1974.17906970835,"EMRO","Low income",0.48,403839
"SYR",2021,"Hib","Hib3",56.0952152394101,49.8624135461423,"EMRO","Low income",0.48,403839
"SYR",2021,"Measles","MCV1",2345.66277666056,2129.14005881497,"EMRO","Low income",0.59,403839
"SYR",2021,"Measles","MCV2",320.961227438038,315.017501004,"EMRO","Low income",0.53,357415
"SYR",2021,"D","DTP3",7.09558913659656,6.30719034364138,"EMRO","Low income",0.48,403839
"SYR",2021,"P","DTP3",240.176680565744,213.490382725105,"EMRO","Low income",0.48,403839
"SYR",2021,"T","DTP3",31.7021760598811,28.1797120532277,"EMRO","Low income",0.48,403839
"SYR",2021,"TB","BCG",36.1695214085984,32.72480508397,"EMRO","Low income",0.76,403839
"SYR",2021,"Rubella","Rubella",44.5642272755758,40.4506062962919,"EMRO","Low income",0.59,403839
"SYR",2022,"HepB","HepB",2603.68367633767,1983.59926703285,"EMRO","Low income",0.46,423408
"SYR",2022,"Hib","Hib3",65.7619940383972,50.1003422031155,"EMRO","Low income",0.46,423408
"SYR",2022,"Measles","MCV1",2607.82548522377,1551.26815703791,"EMRO","Low income",0.41,423408
"SYR",2022,"Measles","MCV2",383.14552177128,241.132216170571,"EMRO","Low income",0.38,381580
"SYR",2022,"D","DTP3",8.31835814352936,6.33728638635196,"EMRO","Low income",0.46,423408
"SYR",2022,"P","DTP3",281.565858480385,214.50909554757,"EMRO","Low income",0.46,423408
"SYR",2022,"T","DTP3",37.1653500954825,28.3141772859728,"EMRO","Low income",0.46,423408
"SYR",2022,"TB","BCG",38.1494419976554,34.3105650296122,"EMRO","Low income",0.76,423408
"SYR",2022,"Rubella","Rubella",49.5449425957141,29.4718692744148,"EMRO","Low income",0.41,423408
"TCD",2019,"HepB","HepB",5125.65078984664,5125.65078984664,"AFRO","Low income",0.5,654457
"TCD",2019,"Hib","Hib3",2781.26538434657,2781.26538434657,"AFRO","Low income",0.5,654457
"TCD",2019,"Measles","MCV1",9785.44120469251,9785.44120469251,"AFRO","Low income",0.41,654457
"TCD",2019,"MenA","MenA",660.065880144133,660.065880144133,"AFRO","Low income",0.699,654457
"TCD",2019,"YF","YF",559.246444209476,559.246444209476,"AFRO","Low income",0.35,654457
"TCD",2019,"D","DTP3",5.66476435054885,5.66476435054885,"AFRO","Low income",0.5,654457
"TCD",2019,"P","DTP3",1102.81732326499,1102.81732326499,"AFRO","Low income",0.5,654457
"TCD",2019,"T","DTP3",48.9391843593568,48.9391843593568,"AFRO","Low income",0.5,654457
"TCD",2019,"TB","BCG",259.938572605631,259.938572605631,"AFRO","Low income",0.51,654457
"TCD",2020,"HepB","HepB",5289.10283021614,5500.66694342479,"AFRO","Low income",0.52,675327
"TCD",2020,"Hib","Hib3",2869.95724427215,2984.75553404303,"AFRO","Low income",0.52,675327
"TCD",2020,"Measles","MCV1",10097.4894491791,11575.1708319857,"AFRO","Low income",0.47,675327
"TCD",2020,"MenA","MenA",681.114741900686,726.619832668585,"AFRO","Low income",0.7457,675327
"TCD",2020,"YF","YF",577.080271780503,577.080271780503,"AFRO","Low income",0.35,675327
"TCD",2020,"D","DTP3",5.8454082003296,6.07922452834278,"AFRO","Low income",0.52,675327
"TCD",2020,"P","DTP3",1137.98509981339,1183.50450380593,"AFRO","Low income",0.52,675327
"TCD",2020,"T","DTP3",50.4998075593223,52.5197998616952,"AFRO","Low income",0.52,675327
"TCD",2020,"TB","BCG",268.227761979844,315.562072917464,"AFRO","Low income",0.6,675327
"TCD",2021,"HepB","HepB",5417.22510757141,6283.98112478284,"AFRO","Low income",0.58,691686
"TCD",2021,"Hib","Hib3",2939.47857328616,3409.79514501195,"AFRO","Low income",0.58,691686
"TCD",2021,"Measles","MCV1",10342.0892206959,13873.5343204457,"AFRO","Low income",0.55,691686
"TCD",2021,"MenA","MenA",697.613943121358,820.869053243659,"AFRO","Low income",0.8225,691686
"TCD",2021,"YF","YF",591.059360675301,759.933463725388,"AFRO","Low income",0.45,691686
"TCD",2021,"D","DTP3",5.9870063190916,6.94492733014626,"AFRO","Low income",0.58,691686
"TCD",2021,"P","DTP3",1165.55144655778,1352.03967800703,"AFRO","Low income",0.58,691686
"TCD",2021,"T","DTP3",51.7231058309195,59.9988027638666,"AFRO","Low income",0.58,691686
"TCD",2021,"TB","BCG",274.725263128515,360.913580972755,"AFRO","Low income",0.67,691686
"TCD",2022,"HepB","HepB",6128.61999448226,6641.62578034368,"AFRO","Low income",0.6,706684
"TCD",2022,"Hib","Hib3",3325.49355063999,3603.85922412914,"AFRO","Low income",0.6,706684
"TCD",2022,"Measles","MCV1",12445.3663928016,14432.0732174518,"AFRO","Low income",0.56,706684
"TCD",2022,"MenA","MenA",729.782646277013,849.986358063624,"AFRO","Low income",0.8336,706684
"TCD",2022,"YF","YF",752.986096694907,724.650537798015,"AFRO","Low income",0.42,706684
"TCD",2022,"D","DTP3",6.77322538858383,7.34018888385932,"AFRO","Low income",0.6,706684
"TCD",2022,"P","DTP3",1318.61271372828,1428.98926702447,"AFRO","Low income",0.6,706684
"TCD",2022,"T","DTP3",58.5154307376024,63.4135569972806,"AFRO","Low income",0.6,706684
"TCD",2022,"TB","BCG",309.080248866501,368.739360137621,"AFRO","Low income",0.67,706684
"TGO",2019,"HepB","HepB",2959.22511914853,2959.22511914853,"AFRO","Low income",0.84,256614
"TGO",2019,"Hib","Hib3",508.148593694282,508.148593694282,"AFRO","Low income",0.84,256614
"TGO",2019,"Measles","MCV1",5098.60197682683,5098.60197682683,"AFRO","Low income",0.75,256614
"TGO",2019,"PCV","PCV3",497.50832732629,497.50832732629,"AFRO","Low income",0.83,256614
"TGO",2019,"Rota","Rota",211.035154087536,211.035154087536,"AFRO","Low income",0.8,256614
"TGO",2019,"YF","YF",861.694276647266,861.694276647266,"AFRO","Low income",0.71,256614
"TGO",2019,"D","DTP3",14.7252902058583,14.7252902058583,"AFRO","Low income",0.84,256614
"TGO",2019,"P","DTP3",1245.7696005856,1245.7696005856,"AFRO","Low income",0.84,256614
"TGO",2019,"T","DTP3",72.7780770461976,72.7780770461976,"AFRO","Low income",0.84,256614
"TGO",2019,"TB","BCG",341.546106717274,341.546106717274,"AFRO","Low income",0.98,256614
"TGO",2019,"Rubella","Rubella",115.113260966962,115.113260966962,"AFRO","Low income",0.75,256614
"TGO",2020,"HPV","HPV",1428.99228035143,0,"AFRO","Low income",0,109376
"TGO",2020,"HepB","HepB",2995.06599949923,2923.75490427306,"AFRO","Low income",0.82,259722
"TGO",2020,"Hib","Hib3",514.303074078056,502.057762790484,"AFRO","Low income",0.82,259722
"TGO",2020,"Measles","MCV1",5160.35408288487,4747.52575625408,"AFRO","Low income",0.69,259722
"TGO",2020,"PCV","PCV3",503.533937313781,497.467263370242,"AFRO","Low income",0.82,259722
"TGO",2020,"Rota","Rota",213.591122424821,208.251344364201,"AFRO","Low income",0.78,259722
"TGO",2020,"YF","YF",872.130752489658,810.713093863626,"AFRO","Low income",0.66,259722
"TGO",2020,"D","DTP3",14.9036366793937,14.5487881870272,"AFRO","Low income",0.82,259722
"TGO",2020,"P","DTP3",1260.85783395798,1230.83740933993,"AFRO","Low income",0.82,259722
"TGO",2020,"T","DTP3",73.6595342677817,71.9057358328345,"AFRO","Low income",0.82,259722
"TGO",2020,"TB","BCG",345.682768394646,338.628018019245,"AFRO","Low income",0.96,259722
"TGO",2020,"Rubella","Rubella",116.507463992071,107.186866872705,"AFRO","Low income",0.69,259722
"TGO",2021,"HPV","HPV",1443.89939152647,0,"AFRO","Low income",0,110517
"TGO",2021,"HepB","HepB",3027.81635348764,2991.77092070802,"AFRO","Low income",0.83,262562
"TGO",2021,"Hib","Hib3",519.926859242123,513.737253774955,"AFRO","Low income",0.83,262562
"TGO",2021,"Measles","MCV1",5216.7813612648,4868.99593718048,"AFRO","Low income",0.7,262562
"TGO",2021,"PCV","PCV3",509.039964458078,509.039964458078,"AFRO","Low income",0.83,262562
"TGO",2021,"Rota","Rota",215.926691947952,215.926691947952,"AFRO","Low income",0.8,262562
"TGO",2021,"YF","YF",881.667300556709,819.578054038631,"AFRO","Low income",0.66,262562
"TGO",2021,"D","DTP3",15.0666044994839,14.8872401602044,"AFRO","Low income",0.83,262562
"TGO",2021,"P","DTP3",1274.64502275385,1259.47067724487,"AFRO","Low income",0.83,262562
"TGO",2021,"T","DTP3",74.4649842385986,73.5784963309962,"AFRO","Low income",0.83,262562
"TGO",2021,"TB","BCG",349.46272951554,349.46272951554,"AFRO","Low income",0.98,262562
"TGO",2021,"Rubella","Rubella",117.781446164307,109.929349753353,"AFRO","Low income",0.7,262562
"TGO",2022,"HPV","HPV",1596.78419487264,0,"AFRO","Low income",0,111355
"TGO",2022,"HepB","HepB",3096.41230096857,2987.44841213291,"AFRO","Low income",0.82,265380
"TGO",2022,"Hib","Hib3",531.705934115478,512.995006542913,"AFRO","Low income",0.82,265380
"TGO",2022,"Measles","MCV1",5461.37998037184,4991.5570454889,"AFRO","Low income",0.71,265380
"TGO",2022,"PCV","PCV3",521.693051709614,508.304503866422,"AFRO","Low income",0.82,265380
"TGO",2022,"Rota","Rota",222.876458801927,215.516116918225,"AFRO","Low income",0.79,265380
"TGO",2022,"YF","YF",935.503654277794,840.92546838067,"AFRO","Low income",0.67,265380
"TGO",2022,"D","DTP3",15.4079422459996,14.8657310858274,"AFRO","Low income",0.82,265380
"TGO",2022,"P","DTP3",1303.52242905259,1257.65099487387,"AFRO","Low income",0.82,265380
"TGO",2022,"T","DTP3",76.1520073442489,73.4721901699418,"AFRO","Low income",0.82,265380
"TGO",2022,"TB","BCG",353.213409247469,327.983880015507,"AFRO","Low income",0.91,265380
"TGO",2022,"Rubella","Rubella",123.30385109048,112.696462955997,"AFRO","Low income",0.71,265380
"THA",2019,"HepB","HepB",5779.58553755194,5779.58553755194,"SEARO","Upper middle income",0.97,682496
"THA",2019,"HepB","HepB_BD",1354.47292218353,1354.47292218353,"SEARO","Upper middle income",0.99,682496
"THA",2019,"Measles","MCV1",3227.21873965749,3227.21873965749,"SEARO","Upper middle income",0.96,682496
"THA",2019,"Measles","MCV2",418.923165969565,418.923165969565,"SEARO","Upper middle income",0.87,719054
"THA",2019,"D","DTP3",29.623310794532,29.623310794532,"SEARO","Upper middle income",0.97,682496
"THA",2019,"P","DTP3",879.321631958961,879.321631958961,"SEARO","Upper middle income",0.97,682496
"THA",2019,"T","DTP3",122.410541424849,122.410541424849,"SEARO","Upper middle income",0.97,682496
"THA",2019,"TB","BCG",106.49264752591,106.49264752591,"SEARO","Upper middle income",0.99,682496
"THA",2019,"Rubella","Rubella",525.955578006192,525.955578006192,"SEARO","Upper middle income",0.96,682496
"THA",2020,"HPV","HPV",2345.59783374991,0,"SEARO","Upper middle income",0,396844
"THA",2020,"HepB","HepB",5624.31066353575,5624.31066353575,"SEARO","Upper middle income",0.97,664160
"THA",2020,"HepB","HepB_BD",1318.08352869089,1318.08352869089,"SEARO","Upper middle income",0.99,664160
"THA",2020,"Measles","MCV1",3140.51598563349,3140.51598563349,"SEARO","Upper middle income",0.96,664160
"THA",2020,"Measles","MCV2",408.834226244461,408.834226244461,"SEARO","Upper middle income",0.87,701737
"THA",2020,"D","DTP3",28.8274482155153,28.8274482155153,"SEARO","Upper middle income",0.97,664160
"THA",2020,"P","DTP3",855.697696516702,855.697696516702,"SEARO","Upper middle income",0.97,664160
"THA",2020,"T","DTP3",119.121848615564,119.121848615564,"SEARO","Upper middle income",0.97,664160
"THA",2020,"TB","BCG",103.631606310965,103.631606310965,"SEARO","Upper middle income",0.99,664160
"THA",2020,"Rubella","Rubella",511.825207310508,511.825207310508,"SEARO","Upper middle income",0.96,664160
"THA",2021,"HPV","HPV",1869.44698220533,0,"SEARO","Upper middle income",0,395357
"THA",2021,"HepB","HepB",5525.46858622789,5525.46858622789,"SEARO","Upper middle income",0.97,652488
"THA",2021,"HepB","HepB_BD",1294.9194252416,1294.9194252416,"SEARO","Upper middle income",0.99,652488
"THA",2021,"Measles","MCV1",3085.32431106063,3085.32431106063,"SEARO","Upper middle income",0.96,652488
"THA",2021,"Measles","MCV2",397.234013801974,397.234013801974,"SEARO","Upper middle income",0.87,681826
"THA",2021,"D","DTP3",28.3208323766038,28.3208323766038,"SEARO","Upper middle income",0.97,652488
"THA",2021,"P","DTP3",840.659597995649,840.659597995649,"SEARO","Upper middle income",0.97,652488
"THA",2021,"T","DTP3",117.028391892725,117.028391892725,"SEARO","Upper middle income",0.97,652488
"THA",2021,"TB","BCG",101.810376322917,101.810376322917,"SEARO","Upper middle income",0.99,652488
"THA",2021,"Rubella","Rubella",502.830350920891,502.830350920891,"SEARO","Upper middle income",0.96,652488
"THA",2022,"HPV","HPV",2343.30761260349,0,"SEARO","Upper middle income",0,391562
"THA",2022,"HepB","HepB",5423.04441513137,5423.04441513137,"SEARO","Upper middle income",0.97,640393
"THA",2022,"HepB","HepB_BD",1270.91584134688,1270.91584134688,"SEARO","Upper middle income",0.99,640393
"THA",2022,"Measles","MCV1",3032.10173502561,3028.13245842536,"SEARO","Upper middle income",0.96,640393
"THA",2022,"Measles","MCV2",395.299817639547,386.614322555846,"SEARO","Upper middle income",0.87,663598
"THA",2022,"D","DTP3",27.7958564880127,27.7958564880127,"SEARO","Upper middle income",0.97,640393
"THA",2022,"P","DTP3",825.076510126205,825.076510126205,"SEARO","Upper middle income",0.97,640393
"THA",2022,"T","DTP3",114.85906709297,114.85906709297,"SEARO","Upper middle income",0.97,640393
"THA",2022,"TB","BCG",99.9231439115537,99.9231439115537,"SEARO","Upper middle income",0.99,640393
"THA",2022,"Rubella","Rubella",494.156408123804,493.509515757044,"SEARO","Upper middle income",0.96,640393
"TJK",2019,"HepB","HepB",1030.80598769635,1030.80598769635,"EURO","Low income",0.97,255362
"TJK",2019,"HepB","HepB_BD",632.39815915757,632.39815915757,"EURO","Low income",0.99,255362
"TJK",2019,"Hib","Hib3",605.906792670657,605.906792670657,"EURO","Low income",0.97,255362
"TJK",2019,"Measles","MCV1",1232.55230812965,1232.55230812965,"EURO","Low income",0.98,255362
"TJK",2019,"Measles","MCV2",142.21256099523,142.21256099523,"EURO","Low income",0.97,254683
"TJK",2019,"Rota","Rota",163.286650887143,163.286650887143,"EURO","Low income",0.97,255362
"TJK",2019,"D","DTP3",21.4937486815481,21.4937486815481,"EURO","Low income",0.97,255362
"TJK",2019,"P","DTP3",638.558237181992,638.558237181992,"EURO","Low income",0.97,255362
"TJK",2019,"T","DTP3",64.4270392180854,64.4270392180854,"EURO","Low income",0.97,255362
"TJK",2019,"TB","BCG",93.7300453541386,93.7300453541386,"EURO","Low income",0.98,255362
"TJK",2019,"Rubella","Rubella",87.6847474411142,87.6847474411142,"EURO","Low income",0.98,255362
"TJK",2020,"HepB","HepB",1039.41211690026,1039.41211690026,"EURO","Low income",0.97,257494
"TJK",2020,"HepB","HepB_BD",637.678008451216,637.678008451216,"EURO","Low income",0.99,257494
"TJK",2020,"Hib","Hib3",610.965467344155,610.965467344155,"EURO","Low income",0.97,257494
"TJK",2020,"Measles","MCV1",1242.84280366514,1242.84280366514,"EURO","Low income",0.98,257494
"TJK",2020,"Measles","MCV2",139.426192531822,139.426192531822,"EURO","Low income",0.97,249693
"TJK",2020,"Rota","Rota",164.649920048927,161.255076336578,"EURO","Low income",0.95,257494
"TJK",2020,"D","DTP3",21.6731985299557,21.6731985299557,"EURO","Low income",0.97,257494
"TJK",2020,"P","DTP3",643.889516548821,643.889516548821,"EURO","Low income",0.97,257494
"TJK",2020,"T","DTP3",64.9649361941937,64.9649361941937,"EURO","Low income",0.97,257494
"TJK",2020,"TB","BCG",94.5125911389265,94.5125911389265,"EURO","Low income",0.98,257494
"TJK",2020,"Rubella","Rubella",88.4168214440765,88.4168214440765,"EURO","Low income",0.98,257494
"TJK",2021,"HepB","HepB",1035.0848324225,1035.0848324225,"EURO","Low income",0.97,256422
"TJK",2021,"HepB","HepB_BD",635.023224941465,635.023224941465,"EURO","Low income",0.99,256422
"TJK",2021,"Hib","Hib3",608.421893587124,608.421893587124,"EURO","Low income",0.97,256422
"TJK",2021,"Measles","MCV1",1237.66859577863,1225.03932439313,"EURO","Low income",0.97,256422
"TJK",2021,"Measles","MCV2",141.572645512451,140.113133703044,"EURO","Low income",0.96,253537
"TJK",2021,"Rota","Rota",163.964448875647,163.964448875647,"EURO","Low income",0.97,256422
"TJK",2021,"D","DTP3",21.5829685874168,21.5829685874168,"EURO","Low income",0.97,256422
"TJK",2021,"P","DTP3",641.208873264937,641.208873264937,"EURO","Low income",0.97,256422
"TJK",2021,"T","DTP3",64.6944739247809,64.6944739247809,"EURO","Low income",0.97,256422
"TJK",2021,"TB","BCG",94.1191159600838,94.1191159600838,"EURO","Low income",0.98,256422
"TJK",2021,"Rubella","Rubella",88.0487241968084,87.1502678274532,"EURO","Low income",0.97,256422
"TJK",2022,"HPV","HPV",296.744817264038,0,"EURO","Low income",0,113159
"TJK",2022,"HepB","HepB",1029.55065746321,1028.14987464937,"EURO","Low income",0.97,254704
"TJK",2022,"HepB","HepB_BD",630.768637189831,630.768637189831,"EURO","Low income",0.99,254704
"TJK",2022,"Hib","Hib3",605.168910737115,604.345531913076,"EURO","Low income",0.97,254704
"TJK",2022,"Measles","MCV1",1229.37634843812,1229.37634843812,"EURO","Low income",0.98,254704
"TJK",2022,"Measles","MCV2",143.002370958789,142.807805240118,"EURO","Low income",0.97,255749
"TJK",2022,"Rota","Rota",163.087798074903,164.544934532831,"EURO","Low income",0.98,254704
"TJK",2022,"D","DTP3",21.4675732878604,21.4383650041315,"EURO","Low income",0.97,254704
"TJK",2022,"P","DTP3",637.780591853651,636.912842330504,"EURO","Low income",0.97,254704
"TJK",2022,"T","DTP3",64.3485790508688,64.2610278624197,"EURO","Low income",0.97,254704
"TJK",2022,"TB","BCG",93.4885279402593,94.4424925110783,"EURO","Low income",0.99,254704
"TJK",2022,"Rubella","Rubella",87.4588071531456,87.4588071531456,"EURO","Low income",0.98,254704
"TKM",2019,"HepB","HepB",841.729766751153,841.729766751153,"EURO","Upper middle income",0.99,140171
"TKM",2019,"HepB","HepB_BD",328.417154591091,328.417154591091,"EURO","Upper middle income",0.99,140171
"TKM",2019,"Hib","Hib3",258.170274505355,258.170274505355,"EURO","Upper middle income",0.99,140171
"TKM",2019,"Measles","MCV1",3464.78433480282,3464.78433480282,"EURO","Upper middle income",0.99,140171
"TKM",2019,"Measles","MCV2",328.123548691579,328.123548691579,"EURO","Upper middle income",0.99,142944
"TKM",2019,"D","DTP3",12.3764624042459,12.3764624042459,"EURO","Upper middle income",0.99,140171
"TKM",2019,"P","DTP3",457.218613605014,457.218613605014,"EURO","Upper middle income",0.99,140171
"TKM",2019,"T","DTP3",40.2010811749333,40.2010811749333,"EURO","Upper middle income",0.99,140171
"TKM",2019,"TB","BCG",73.2131453723782,73.2131453723782,"EURO","Upper middle income",0.98,140171
"TKM",2019,"Rubella","Rubella",32.7792164737432,32.7792164737432,"EURO","Upper middle income",0.99,140171
"TKM",2020,"HPV","HPV",838.40788068019,0,"EURO","Upper middle income",0,55745
"TKM",2020,"HepB","HepB",826.507039091978,826.507039091978,"EURO","Upper middle income",0.99,137636
"TKM",2020,"HepB","HepB_BD",322.477712860002,322.477712860002,"EURO","Upper middle income",0.99,137636
"TKM",2020,"Hib","Hib3",253.501251341712,253.501251341712,"EURO","Upper middle income",0.99,137636
"TKM",2020,"Measles","MCV1",3402.12352558604,3367.75864148922,"EURO","Upper middle income",0.98,137636
"TKM",2020,"Measles","MCV2",323.449973409399,323.449973409399,"EURO","Upper middle income",0.99,140908
"TKM",2020,"D","DTP3",12.1526334225395,12.0298795495846,"EURO","Upper middle income",0.98,137636
"TKM",2020,"P","DTP3",448.949790628159,444.414944258178,"EURO","Upper middle income",0.98,137636
"TKM",2020,"T","DTP3",39.4740424809205,39.0753147790931,"EURO","Upper middle income",0.98,137636
"TKM",2020,"TB","BCG",71.8890817392517,71.8890817392517,"EURO","Upper middle income",0.98,137636
"TKM",2020,"Rubella","Rubella",32.1864025981132,31.8612874203545,"EURO","Upper middle income",0.98,137636
"TKM",2021,"HPV","HPV",881.36030567657,0,"EURO","Upper middle income",0,58578
"TKM",2021,"HepB","HepB",811.608582554537,795.212449573638,"EURO","Upper middle income",0.97,135155
"TKM",2021,"HepB","HepB_BD",316.664791781174,316.664791781174,"EURO","Upper middle income",0.99,135155
"TKM",2021,"Hib","Hib3",248.931686659661,243.902763696839,"EURO","Upper middle income",0.97,135155
"TKM",2021,"Measles","MCV1",3340.79750283779,3273.3066441946,"EURO","Upper middle income",0.97,135155
"TKM",2021,"Measles","MCV2",318.161212382805,314.947462762777,"EURO","Upper middle income",0.98,138604
"TKM",2021,"D","DTP3",11.9335723954731,11.6924901248574,"EURO","Upper middle income",0.97,135155
"TKM",2021,"P","DTP3",440.857108259095,431.950904051841,"EURO","Upper middle income",0.97,135155
"TKM",2021,"T","DTP3",38.7624910016915,37.9794103753947,"EURO","Upper middle income",0.97,135155
"TKM",2021,"TB","BCG",70.5932230119195,70.5932230119195,"EURO","Upper middle income",0.98,135155
"TKM",2021,"Rubella","Rubella",31.6062167103664,30.9677072818741,"EURO","Upper middle income",0.97,135155
"TKM",2022,"HPV","HPV",927.273955877478,0,"EURO","Upper middle income",0,61602
"TKM",2022,"HepB","HepB",797.923140213212,789.863310514089,"EURO","Upper middle income",0.98,132876
"TKM",2022,"HepB","HepB_BD",311.325151660799,311.325151660799,"EURO","Upper middle income",0.99,132876
"TKM",2022,"Hib","Hib3",244.734170371715,242.262108044728,"EURO","Upper middle income",0.98,132876
"TKM",2022,"Measles","MCV1",3284.46457021253,3251.2881604124,"EURO","Upper middle income",0.98,132876
"TKM",2022,"Measles","MCV2",312.629131621481,312.629131621481,"EURO","Upper middle income",0.99,136194
"TKM",2022,"D","DTP3",11.7323470505781,11.6138384945116,"EURO","Upper middle income",0.98,132876
"TKM",2022,"P","DTP3",433.423322237694,429.045308881758,"EURO","Upper middle income",0.98,132876
"TKM",2022,"T","DTP3",38.1088731777645,37.7239350648578,"EURO","Upper middle income",0.98,132876
"TKM",2022,"TB","BCG",69.5078614802887,69.4028715247813,"EURO","Upper middle income",0.98,132876
"TKM",2022,"Rubella","Rubella",31.073268851368,30.7593974488289,"EURO","Upper middle income",0.98,132876
"TLS",2019,"HepB","HepB",440.752677421376,440.752677421376,"SEARO","Lower middle income",0.9,31686
"TLS",2019,"HepB","HepB_BD",44.6815442120966,44.6815442120966,"SEARO","Lower middle income",0.7,31686
"TLS",2019,"Hib","Hib3",105.713201986936,105.713201986936,"SEARO","Lower middle income",0.9,31686
"TLS",2019,"Measles","MCV1",430.904502207237,430.904502207237,"SEARO","Lower middle income",0.85,31686
"TLS",2019,"Measles","MCV2",41.0184994041497,41.0184994041497,"SEARO","Lower middle income",0.8,31525
"TLS",2019,"D","DTP3",6.02099876307405,6.02099876307405,"SEARO","Lower middle income",0.9,31686
"TLS",2019,"P","DTP3",153.602270752168,153.602270752168,"SEARO","Lower middle income",0.9,31686
"TLS",2019,"T","DTP3",16.0299841650261,16.0299841650261,"SEARO","Lower middle income",0.9,31686
"TLS",2019,"TB","BCG",34.264682078968,34.264682078968,"SEARO","Lower middle income",0.95,31686
"TLS",2019,"Rubella","Rubella",9.47830941158628,9.47830941158628,"SEARO","Lower middle income",0.85,31686
"TLS",2020,"HepB","HepB",440.516207197424,420.93770909976,"SEARO","Lower middle income",0.86,31669
"TLS",2020,"HepB","HepB_BD",44.6575719135545,45.9335025396561,"SEARO","Lower middle income",0.72,31669
"TLS",2020,"Hib","Hib3",105.656485316048,100.960641524223,"SEARO","Lower middle income",0.86,31669
"TLS",2020,"Measles","MCV1",430.673315672568,400.272846330975,"SEARO","Lower middle income",0.79,31669
"TLS",2020,"Measles","MCV2",40.8922886367524,39.8699814208336,"SEARO","Lower middle income",0.78,31428
"TLS",2020,"D","DTP3",6.01776840963807,5.75031203587638,"SEARO","Lower middle income",0.86,31669
"TLS",2020,"P","DTP3",153.519860899148,146.696755970297,"SEARO","Lower middle income",0.86,31669
"TLS",2020,"T","DTP3",16.0213838453012,15.3093223410656,"SEARO","Lower middle income",0.86,31669
"TLS",2020,"TB","BCG",34.2462985785153,31.7228871043089,"SEARO","Lower middle income",0.88,31669
"TLS",2020,"Rubella","Rubella",9.47322416068692,8.80452598463843,"SEARO","Lower middle income",0.79,31669
"TLS",2021,"HPV","HPV",36.9279820237759,0,"SEARO","Lower middle income",0,14818
"TLS",2021,"HepB","HepB",443.25647979264,423.556191801856,"SEARO","Lower middle income",0.86,31866
"TLS",2021,"HepB","HepB_BD",44.9353685496014,46.2192362224472,"SEARO","Lower middle income",0.72,31866
"TLS",2021,"Hib","Hib3",106.313731443404,101.588676712586,"SEARO","Lower middle income",0.86,31866
"TLS",2021,"Measles","MCV1",433.352359633145,402.762781306099,"SEARO","Lower middle income",0.79,31866
"TLS",2021,"Measles","MCV2",40.6919127792349,39.674614959754,"SEARO","Lower middle income",0.78,31274
"TLS",2021,"D","DTP3",6.0552025053373,5.78608239398897,"SEARO","Lower middle income",0.86,31866
"TLS",2021,"P","DTP3",154.474845666496,147.609296970207,"SEARO","Lower middle income",0.86,31866
"TLS",2021,"T","DTP3",16.1210463738788,15.4045554239286,"SEARO","Lower middle income",0.86,31866
"TLS",2021,"TB","BCG",34.4593309072901,31.9202223141213,"SEARO","Lower middle income",0.88,31866
"TLS",2021,"Rubella","Rubella",9.53215324463827,8.85929536854616,"SEARO","Lower middle income",0.79,31866
"TLS",2022,"HPV","HPV",41.092597623687,0,"SEARO","Lower middle income",0,14657
"TLS",2022,"HepB","HepB",448.800521615366,425.350583501261,"SEARO","Lower middle income",0.86,32001
"TLS",2022,"HepB","HepB_BD",48.6169073876532,46.4150435685223,"SEARO","Lower middle income",0.72,32001
"TLS",2022,"Hib","Hib3",107.643453174101,102.019056156389,"SEARO","Lower middle income",0.86,32001
"TLS",2022,"Measles","MCV1",444.013244405195,404.46908192357,"SEARO","Lower middle income",0.79,32001
"TLS",2022,"Measles","MCV2",42.1913318725654,39.7190164281812,"SEARO","Lower middle income",0.78,31309
"TLS",2022,"D","DTP3",6.1309381064285,5.8105950759443,"SEARO","Lower middle income",0.86,32001
"TLS",2022,"P","DTP3",156.406943772168,148.234642325476,"SEARO","Lower middle income",0.86,32001
"TLS",2022,"T","DTP3",16.3226807760757,15.4698166736063,"SEARO","Lower middle income",0.86,32001
"TLS",2022,"TB","BCG",34.6053175285317,32.0554520264293,"SEARO","Lower middle income",0.88,32001
"TLS",2022,"Rubella","Rubella",9.76665338087069,8.8968276874677,"SEARO","Lower middle income",0.79,32001
"TON",2019,"HepB","HepB",59.6869675208751,59.6869675208751,"WPRO","Upper middle income",0.99,2474
"TON",2019,"HepB","HepB_BD",15.7805620939453,15.7805620939453,"WPRO","Upper middle income",0.99,2474
"TON",2019,"Hib","Hib3",1.76638137794154,1.76638137794154,"WPRO","Upper middle income",0.99,2474
"TON",2019,"Measles","MCV1",14.3985035986292,14.3985035986292,"WPRO","Upper middle income",0.99,2474
"TON",2019,"Measles","MCV2",1.95091145344669,1.95091145344669,"WPRO","Upper middle income",0.99,2538
"TON",2019,"D","DTP3",0.484098822979425,0.484098822979425,"WPRO","Upper middle income",0.99,2474
"TON",2019,"P","DTP3",9.43530182818223,9.43530182818223,"WPRO","Upper middle income",0.99,2474
"TON",2019,"T","DTP3",1.06310737118223,1.06310737118223,"WPRO","Upper middle income",0.99,2474
"TON",2019,"TB","BCG",1.77728282194393,1.77728282194393,"WPRO","Upper middle income",0.99,2474
"TON",2019,"Rubella","Rubella",0.56013209187745,0.56013209187745,"WPRO","Upper middle income",0.99,2474
"TON",2020,"HPV","HPV",2.18737738442873,0,"WPRO","Upper middle income",0,1165
"TON",2020,"HepB","HepB",59.083825165167,59.083825165167,"WPRO","Upper middle income",0.99,2449
"TON",2020,"HepB","HepB_BD",15.6210980469167,15.6210980469167,"WPRO","Upper middle income",0.99,2449
"TON",2020,"Hib","Hib3",1.74853192990252,1.74853192990252,"WPRO","Upper middle income",0.99,2449
"TON",2020,"Measles","MCV1",14.2530053811815,14.2530053811815,"WPRO","Upper middle income",0.99,2449
"TON",2020,"Measles","MCV2",1.90402193466803,1.90402193466803,"WPRO","Upper middle income",0.99,2477
"TON",2020,"D","DTP3",0.479206959368073,0.479206959368073,"WPRO","Upper middle income",0.99,2449
"TON",2020,"P","DTP3",9.33995722603811,9.33995722603811,"WPRO","Upper middle income",0.99,2449
"TON",2020,"T","DTP3",1.05236457236268,1.05236457236268,"WPRO","Upper middle income",0.99,2449
"TON",2020,"TB","BCG",1.75932321379979,1.75932321379979,"WPRO","Upper middle income",0.99,2449
"TON",2020,"Rubella","Rubella",0.554471905015309,0.554471905015309,"WPRO","Upper middle income",0.99,2449
"TON",2021,"HPV","HPV",2.50994513948869,0,"WPRO","Upper middle income",0,1114
"TON",2021,"HepB","HepB",58.4083057267739,58.4083057267739,"WPRO","Upper middle income",0.99,2421
"TON",2021,"HepB","HepB_BD",15.4424983142447,15.4424983142447,"WPRO","Upper middle income",0.99,2421
"TON",2021,"Hib","Hib3",1.72854054809882,1.72854054809882,"WPRO","Upper middle income",0.99,2421
"TON",2021,"Measles","MCV1",14.09004737764,14.09004737764,"WPRO","Upper middle income",0.99,2421
"TON",2021,"Measles","MCV2",1.87788679305369,1.87788679305369,"WPRO","Upper middle income",0.99,2443
"TON",2021,"D","DTP3",0.473728072123358,0.473728072123358,"WPRO","Upper middle income",0.99,2421
"TON",2021,"P","DTP3",9.2331712716367,9.2331712716367,"WPRO","Upper middle income",0.99,2421
"TON",2021,"T","DTP3",1.04033263768479,1.04033263768479,"WPRO","Upper middle income",0.99,2421
"TON",2021,"TB","BCG",1.73920845267835,1.73920845267835,"WPRO","Upper middle income",0.99,2421
"TON",2021,"Rubella","Rubella",0.548132495729711,0.548132495729711,"WPRO","Upper middle income",0.99,2421
"TON",2022,"HPV","HPV",3.44723165477352,0,"WPRO","Upper middle income",0,1224
"TON",2022,"HepB","HepB",58.6013112806005,58.6013112806005,"WPRO","Upper middle income",0.99,2429
"TON",2022,"HepB","HepB_BD",15.4935268092939,15.4935268092939,"WPRO","Upper middle income",0.99,2429
"TON",2022,"Hib","Hib3",1.7342523714713,1.7342523714713,"WPRO","Upper middle income",0.99,2429
"TON",2022,"Measles","MCV1",14.1366068072233,14.1366068072233,"WPRO","Upper middle income",0.99,2429
"TON",2022,"Measles","MCV2",1.8640505416108,1.8640505416108,"WPRO","Upper middle income",0.99,2425
"TON",2022,"D","DTP3",0.475293468478991,0.475293468478991,"WPRO","Upper middle income",0.99,2429
"TON",2022,"P","DTP3",9.26368154432281,9.26368154432281,"WPRO","Upper middle income",0.99,2429
"TON",2022,"T","DTP3",1.04377033330705,1.04377033330705,"WPRO","Upper middle income",0.99,2429
"TON",2022,"TB","BCG",1.74495552728448,1.74495552728448,"WPRO","Upper middle income",0.99,2429
"TON",2022,"Rubella","Rubella",0.549943755525596,0.549943755525596,"WPRO","Upper middle income",0.99,2429
"TTO",2019,"HPV","HPV",2.1929050028951,2.1929050028951,"PAHO","High income",0.08,9981
"TTO",2019,"HepB","HepB",180.352166391154,180.352166391154,"PAHO","High income",0.93,18791
"TTO",2019,"Hib","Hib3",12.3398641338579,12.3398641338579,"PAHO","High income",0.93,18791
"TTO",2019,"Measles","MCV1",169.904653941784,169.904653941784,"PAHO","High income",0.99,18791
"TTO",2019,"Measles","MCV2",25.2183731286802,25.2183731286802,"PAHO","High income",0.92,18791
"TTO",2019,"PCV","PCV3",14.7511192289925,14.7511192289925,"PAHO","High income",0.93,18791
"TTO",2019,"YF","YF",44.9087887850733,44.9087887850733,"PAHO","High income",0.98,18791
"TTO",2019,"D","DTP3",2.76453652218549,2.76453652218549,"PAHO","High income",0.93,18791
"TTO",2019,"P","DTP3",76.1922471848964,76.1922471848964,"PAHO","High income",0.93,18791
"TTO",2019,"T","DTP3",6.47959271617421,6.47959271617421,"PAHO","High income",0.93,18791
"TTO",2019,"Rubella","Rubella",32.6044751463742,32.6044751463742,"PAHO","High income",0.99,18791
"TTO",2020,"HPV","HPV",39.4351044823553,0,"PAHO","High income",0,10065
"TTO",2020,"HepB","HepB",176.935351360807,182.642943340188,"PAHO","High income",0.96,18435
"TTO",2020,"Hib","Hib3",12.1060824494529,12.496601238145,"PAHO","High income",0.96,18435
"TTO",2020,"Measles","MCV1",166.685769539502,153.216212404997,"PAHO","High income",0.91,18435
"TTO",2020,"Measles","MCV2",24.7406050038433,24.2027657646293,"PAHO","High income",0.9,18435
"TTO",2020,"PCV","PCV3",14.4716557387301,14.7828741417135,"PAHO","High income",0.95,18435
"TTO",2020,"YF","YF",44.0579810149979,40.0118399013757,"PAHO","High income",0.89,18435
"TTO",2020,"D","DTP3",2.71216171499599,2.7996508025765,"PAHO","High income",0.96,18435
"TTO",2020,"P","DTP3",74.7487667954641,77.1600173372533,"PAHO","High income",0.96,18435
"TTO",2020,"T","DTP3",6.35683527873299,6.56189448127276,"PAHO","High income",0.96,18435
"TTO",2020,"Rubella","Rubella",31.9867755480501,29.4019856047733,"PAHO","High income",0.91,18435
"TTO",2021,"HPV","HPV",38.9987095758329,0,"PAHO","High income",0,9957
"TTO",2021,"HepB","HepB",171.858117790432,173.706054540867,"PAHO","High income",0.94,17906
"TTO",2021,"Hib","Hib3",11.7586933734692,11.8851309366247,"PAHO","High income",0.94,17906
"TTO",2021,"Measles","MCV1",161.902651986673,152.090370048087,"PAHO","High income",0.93,17906
"TTO",2021,"Measles","MCV2",24.0306630430604,22.9858516064056,"PAHO","High income",0.88,17906
"TTO",2021,"PCV","PCV3",14.056385552357,14.358673413698,"PAHO","High income",0.95,17906
"TTO",2021,"YF","YF",42.7937189072174,39.737024699559,"PAHO","High income",0.91,17906
"TTO",2021,"D","DTP3",2.6343351054363,2.66266128936572,"PAHO","High income",0.94,17906
"TTO",2021,"P","DTP3",72.6038198122908,73.3845060468315,"PAHO","High income",0.94,17906
"TTO",2021,"T","DTP3",6.17442324388353,6.24081489166723,"PAHO","High income",0.94,17906
"TTO",2021,"Rubella","Rubella",31.0689017067201,29.1859379669189,"PAHO","High income",0.93,17906
"TTO",2022,"HPV","HPV",39.2986109212844,0,"PAHO","High income",0,10034
"TTO",2022,"HepB","HepB",169.27165107585,169.055561641945,"PAHO","High income",0.93,17614
"TTO",2022,"Hib","Hib3",11.5817248984941,11.5669398570471,"PAHO","High income",0.93,17614
"TTO",2022,"Measles","MCV1",159.262443431993,148.001462583266,"PAHO","High income",0.92,17614
"TTO",2022,"Measles","MCV2",23.7034516777896,23.6387858170706,"PAHO","High income",0.92,17614
"TTO",2022,"PCV","PCV3",13.8448367827909,13.8271626895575,"PAHO","High income",0.93,17614
"TTO",2022,"YF","YF",42.0958653429983,39.9481171112127,"PAHO","High income",0.93,17614
"TTO",2022,"D","DTP3",2.5946883308011,2.59137599392131,"PAHO","High income",0.93,17614
"TTO",2022,"P","DTP3",71.511131461514,71.4198415153406,"PAHO","High income",0.93,17614
"TTO",2022,"T","DTP3",6.08149810070512,6.07373455924073,"PAHO","High income",0.93,17614
"TTO",2022,"Rubella","Rubella",30.5622492271958,28.4012821101213,"PAHO","High income",0.92,17614
"TUN",2019,"HepB","HepB",572.806279402218,572.806279402218,"EMRO","Lower middle income",0.98,209077
"TUN",2019,"HepB","HepB_BD",121.930616602547,121.930616602547,"EMRO","Lower middle income",0.81,209077
"TUN",2019,"Hib","Hib3",58.1579148856509,58.1579148856509,"EMRO","Lower middle income",0.98,209077
"TUN",2019,"Measles","MCV1",1649.21552490438,1649.21552490438,"EMRO","Lower middle income",0.98,209077
"TUN",2019,"Measles","MCV2",115.269687147484,115.269687147484,"EMRO","Lower middle income",0.97,217213
"TUN",2019,"D","DTP3",4.09090876275888,4.09090876275888,"EMRO","Lower middle income",0.98,209077
"TUN",2019,"P","DTP3",137.233522195215,137.233522195215,"EMRO","Lower middle income",0.98,209077
"TUN",2019,"T","DTP3",18.7126197597122,18.7126197597122,"EMRO","Lower middle income",0.98,209077
"TUN",2019,"TB","BCG",10.9174187280575,10.9174187280575,"EMRO","Lower middle income",0.91,209077
"TUN",2019,"Rubella","Rubella",19.1201373269517,19.1201373269517,"EMRO","Lower middle income",0.98,209077
"TUN",2020,"HepB","HepB",561.420125510611,555.691348719686,"EMRO","Lower middle income",0.97,204921
"TUN",2020,"HepB","HepB_BD",119.506898821059,118.031505008453,"EMRO","Lower middle income",0.8,204921
"TUN",2020,"Hib","Hib3",57.0018609234036,56.4202092813281,"EMRO","Lower middle income",0.97,204921
"TUN",2020,"Measles","MCV1",1616.43267589898,1616.43267589898,"EMRO","Lower middle income",0.98,204921
"TUN",2020,"Measles","MCV2",114.115467236403,112.939019120564,"EMRO","Lower middle income",0.96,215038
"TUN",2020,"D","DTP3",4.00959031635863,3.96867612945701,"EMRO","Lower middle income",0.97,204921
"TUN",2020,"P","DTP3",134.505615642876,133.133109360806,"EMRO","Lower middle income",0.97,204921
"TUN",2020,"T","DTP3",18.3406532224012,18.1535036997237,"EMRO","Lower middle income",0.97,204921
"TUN",2020,"TB","BCG",10.7004039811757,10.8179908381117,"EMRO","Lower middle income",0.92,204921
"TUN",2020,"Rubella","Rubella",18.7400702189924,18.7400702189924,"EMRO","Lower middle income",0.98,204921
"TUN",2021,"HPV","HPV",143.566571139653,0,"EMRO","Lower middle income",0,94963
"TUN",2021,"HepB","HepB",547.234007885312,541.649987396686,"EMRO","Lower middle income",0.97,199743
"TUN",2021,"HepB","HepB_BD",116.487165742968,106.420373641724,"EMRO","Lower middle income",0.74,199743
"TUN",2021,"Hib","Hib3",55.5615222765037,54.9945679675598,"EMRO","Lower middle income",0.97,199743
"TUN",2021,"Measles","MCV1",1575.58821195529,1527.35591975257,"EMRO","Lower middle income",0.95,199743
"TUN",2021,"Measles","MCV2",111.003053545141,112.147414921895,"EMRO","Lower middle income",0.98,209173
"TUN",2021,"D","DTP3",3.90827488915446,3.86839453314268,"EMRO","Lower middle income",0.97,199743
"TUN",2021,"P","DTP3",131.106890876752,129.769065459643,"EMRO","Lower middle income",0.97,199743
"TUN",2021,"T","DTP3",17.8772165693223,17.6947959920843,"EMRO","Lower middle income",0.97,199743
"TUN",2021,"TB","BCG",10.4300232402339,9.74232940021852,"EMRO","Lower middle income",0.85,199743
"TUN",2021,"Rubella","Rubella",18.2665409877572,17.7073611616014,"EMRO","Lower middle income",0.95,199743
"TUN",2022,"HPV","HPV",218.961817426995,0,"EMRO","Lower middle income",0,100418
"TUN",2022,"HepB","HepB",534.99021201155,528.731284163242,"EMRO","Lower middle income",0.97,194979
"TUN",2022,"HepB","HepB_BD",121.151326492573,94.0554861756417,"EMRO","Lower middle income",0.67,194979
"TUN",2022,"Hib","Hib3",54.318390586246,53.6829118805006,"EMRO","Lower middle income",0.97,194979
"TUN",2022,"Measles","MCV1",1540.33605260424,1490.9274912134,"EMRO","Lower middle income",0.95,194979
"TUN",2022,"Measles","MCV2",109.048957918029,109.783007948693,"EMRO","Lower middle income",0.98,204763
"TUN",2022,"D","DTP3",3.82083127404313,3.77613081648732,"EMRO","Lower middle income",0.97,194979
"TUN",2022,"P","DTP3",128.17350956929,126.673989147333,"EMRO","Lower middle income",0.97,194979
"TUN",2022,"T","DTP3",17.4772323079061,17.2727636399804,"EMRO","Lower middle income",0.97,194979
"TUN",2022,"TB","BCG",10.3993822581525,9.39808654747924,"EMRO","Lower middle income",0.84,194979
"TUN",2022,"Rubella","Rubella",17.8578459944799,17.2850291220612,"EMRO","Lower middle income",0.95,194979
"TUR",2019,"HepB","HepB",20552.5786355234,20552.5786355234,"EURO","Upper middle income",0.99,1351543
"TUR",2019,"HepB","HepB_BD",6478.1404605078,6478.1404605078,"EURO","Upper middle income",0.99,1351543
"TUR",2019,"Hib","Hib3",1158.88990396222,1158.88990396222,"EURO","Upper middle income",0.99,1351543
"TUR",2019,"Measles","MCV1",18967.3443632816,18967.3443632816,"EURO","Upper middle income",0.97,1351543
"TUR",2019,"Measles","MCV2",3052.7193096324,3052.7193096324,"EURO","Upper middle income",0.88,1351543
"TUR",2019,"PCV","PCV3",1265.46860246451,1265.46860246451,"EURO","Upper middle income",0.97,1351543
"TUR",2019,"D","DTP3",58.9884951283287,58.9884951283287,"EURO","Upper middle income",0.99,1351543
"TUR",2019,"P","DTP3",2883.05415453835,2883.05415453835,"EURO","Upper middle income",0.99,1351543
"TUR",2019,"T","DTP3",265.123461321967,265.123461321967,"EURO","Upper middle income",0.99,1351543
"TUR",2019,"TB","BCG",335.857349903522,335.857349903522,"EURO","Upper middle income",0.96,1351543
"TUR",2019,"Rubella","Rubella",1184.91825573105,1184.91825573105,"EURO","Upper middle income",0.97,1351543
"TUR",2020,"HepB","HepB",19616.2381144273,19418.0942950897,"EURO","Upper middle income",0.98,1289969
"TUR",2020,"HepB","HepB_BD",6183.00740094898,6183.00740094898,"EURO","Upper middle income",0.99,1289969
"TUR",2020,"Hib","Hib3",1106.09285129977,1094.92019623613,"EURO","Upper middle income",0.98,1289969
"TUR",2020,"Measles","MCV1",18103.2244190218,17729.9620598667,"EURO","Upper middle income",0.95,1289969
"TUR",2020,"Measles","MCV2",2913.64261079906,3079.19048641265,"EURO","Upper middle income",0.93,1289969
"TUR",2020,"PCV","PCV3",1207.81600559697,1182.91258280116,"EURO","Upper middle income",0.95,1289969
"TUR",2020,"D","DTP3",56.3010796343106,55.7323818602266,"EURO","Upper middle income",0.98,1289969
"TUR",2020,"P","DTP3",2751.70711155744,2723.91209022858,"EURO","Upper middle income",0.98,1289969
"TUR",2020,"T","DTP3",253.044887419813,250.488878455977,"EURO","Upper middle income",0.98,1289969
"TUR",2020,"TB","BCG",320.556260361451,320.556260361451,"EURO","Upper middle income",0.96,1289969
"TUR",2020,"Rubella","Rubella",1130.93539563827,1107.61714005809,"EURO","Upper middle income",0.95,1289969
"TUR",2021,"HepB","HepB",19085.7049656957,18507.3502697656,"EURO","Upper middle income",0.96,1255081
"TUR",2021,"HepB","HepB_BD",6015.78418689941,6015.78418689941,"EURO","Upper middle income",0.99,1255081
"TUR",2021,"Hib","Hib3",1076.17789412161,1032.69595900559,"EURO","Upper middle income",0.95,1255081
"TUR",2021,"Measles","MCV1",17613.6116503965,17432.0280251347,"EURO","Upper middle income",0.96,1255081
"TUR",2021,"Measles","MCV2",2834.84136564855,2995.91189778767,"EURO","Upper middle income",0.93,1255081
"TUR",2021,"PCV","PCV3",1175.14988354034,1163.03493628735,"EURO","Upper middle income",0.96,1255081
"TUR",2021,"D","DTP3",54.778382525867,52.5651145450239,"EURO","Upper middle income",0.95,1255081
"TUR",2021,"P","DTP3",2677.28551095462,2569.11235899686,"EURO","Upper middle income",0.95,1255081
"TUR",2021,"T","DTP3",246.201133785189,236.253613228212,"EURO","Upper middle income",0.95,1255081
"TUR",2021,"TB","BCG",311.886620384451,308.637801422113,"EURO","Upper middle income",0.95,1255081
"TUR",2021,"Rubella","Rubella",1100.34855666537,1089.00475711212,"EURO","Upper middle income",0.96,1255081
"TUR",2022,"HepB","HepB",18786.4817150768,18786.4817150768,"EURO","Upper middle income",0.99,1235404
"TUR",2022,"HepB","HepB_BD",5921.46948892724,5921.46948892724,"EURO","Upper middle income",0.99,1235404
"TUR",2022,"Hib","Hib3",1059.30571422037,1059.30571422037,"EURO","Upper middle income",0.99,1235404
"TUR",2022,"Measles","MCV1",17399.0846123646,16979.9941305625,"EURO","Upper middle income",0.95,1235404
"TUR",2022,"Measles","MCV2",2882.19994583407,2980.65143055456,"EURO","Upper middle income",0.94,1235404
"TUR",2022,"PCV","PCV3",1160.83700843198,1132.87601209245,"EURO","Upper middle income",0.95,1235404
"TUR",2022,"D","DTP3",53.919574024295,53.919574024295,"EURO","Upper middle income",0.99,1235404
"TUR",2022,"P","DTP3",2635.31136984416,2635.31136984416,"EURO","Upper middle income",0.99,1235404
"TUR",2022,"T","DTP3",242.341223779786,242.341223779786,"EURO","Upper middle income",0.99,1235404
"TUR",2022,"TB","BCG",308.822970646294,313.392670474757,"EURO","Upper middle income",0.98,1235404
"TUR",2022,"Rubella","Rubella",1086.94673304456,1060.76552637802,"EURO","Upper middle income",0.95,1235404
"TZA",2019,"HepB","HepB",10139.0785560584,10139.0785560584,"AFRO","Lower middle income",0.89,2113578
"TZA",2019,"Hib","Hib3",4134.9635488484,4134.9635488484,"AFRO","Lower middle income",0.89,2113578
"TZA",2019,"Measles","MCV1",25821.2232264256,25821.2232264256,"AFRO","Lower middle income",0.88,2113578
"TZA",2019,"Measles","MCV2",1654.92596956147,1654.92596956147,"AFRO","Lower middle income",0.72,1990358
"TZA",2019,"PCV","PCV3",3657.52463790441,3657.52463790441,"AFRO","Lower middle income",0.83,2113578
"TZA",2019,"Rota","Rota",879.772962064093,879.772962064093,"AFRO","Lower middle income",0.85,2113578
"TZA",2019,"D","DTP3",293.468418230039,293.468418230039,"AFRO","Lower middle income",0.89,2113578
"TZA",2019,"P","DTP3",11271.5384576845,11271.5384576845,"AFRO","Lower middle income",0.89,2113578
"TZA",2019,"T","DTP3",1050.47192433898,1050.47192433898,"AFRO","Lower middle income",0.89,2113578
"TZA",2019,"TB","BCG",2518.54947605199,2518.54947605199,"AFRO","Lower middle income",0.91,2113578
"TZA",2019,"Rubella","Rubella",699.222675249158,699.222675249158,"AFRO","Lower middle income",0.88,2113578
"TZA",2020,"HPV","HPV",21729.8003541092,18970.4606266033,"AFRO","Lower middle income",0.55,826366
"TZA",2020,"HepB","HepB",10343.4980544206,9994.84081663115,"AFRO","Lower middle income",0.86,2156191
"TZA",2020,"Hib","Hib3",4218.33080650677,4076.13988044475,"AFRO","Lower middle income",0.86,2156191
"TZA",2020,"Measles","MCV1",26341.8190054069,25144.4635960702,"AFRO","Lower middle income",0.84,2156191
"TZA",2020,"Measles","MCV2",1695.82355867098,1578.05803376327,"AFRO","Lower middle income",0.67,2039545
"TZA",2020,"PCV","PCV3",3731.26598901377,3596.40095326628,"AFRO","Lower middle income",0.8,2156191
"TZA",2020,"Rota","Rota",897.510545078506,865.83370231103,"AFRO","Lower middle income",0.82,2156191
"TZA",2020,"D","DTP3",299.385195233791,289.293559439393,"AFRO","Lower middle income",0.86,2156191
"TZA",2020,"P","DTP3",11498.7900984081,11111.1904321697,"AFRO","Lower middle income",0.86,2156191
"TZA",2020,"T","DTP3",1071.65106232766,1035.527992811,"AFRO","Lower middle income",0.86,2156191
"TZA",2020,"TB","BCG",2569.32732708138,2456.38986215473,"AFRO","Lower middle income",0.87,2156191
"TZA",2020,"Rubella","Rubella",713.320085356754,680.896445113265,"AFRO","Lower middle income",0.84,2156191
"TZA",2021,"HPV","HPV",25228.0109052555,19271.3972192924,"AFRO","Lower middle income",0.55,839475
"TZA",2021,"HepB","HepB",10532.0247079215,9585.32585777125,"AFRO","Lower middle income",0.81,2195491
"TZA",2021,"Hib","Hib3",4295.21657437043,3909.12969128096,"AFRO","Lower middle income",0.81,2195491
"TZA",2021,"Measles","MCV1",26821.9404264278,23469.1978731243,"AFRO","Lower middle income",0.77,2195491
"TZA",2021,"Measles","MCV2",1731.32489768756,1490.86310634207,"AFRO","Lower middle income",0.62,2082242
"TZA",2021,"PCV","PCV3",3799.27422825057,3661.95106337405,"AFRO","Lower middle income",0.8,2195491
"TZA",2021,"Rota","Rota",913.869097925441,827.857888708929,"AFRO","Lower middle income",0.77,2195491
"TZA",2021,"D","DTP3",304.841965145495,277.440440188597,"AFRO","Lower middle income",0.81,2195491
"TZA",2021,"P","DTP3",11708.3737813321,10655.9356886281,"AFRO","Lower middle income",0.81,2195491
"TZA",2021,"T","DTP3",1091.18360223228,993.099682930504,"AFRO","Lower middle income",0.81,2195491
"TZA",2021,"TB","BCG",2616.1573917437,2386.16553312887,"AFRO","Lower middle income",0.83,2195491
"TZA",2021,"Rubella","Rubella",726.321475008469,635.53129063241,"AFRO","Lower middle income",0.77,2195491
"TZA",2022,"HPV","HPV",27332.8110914924,21298.2943570071,"AFRO","Lower middle income",0.6,850454
"TZA",2022,"HepB","HepB",10816.3862293278,10609.4493494825,"AFRO","Lower middle income",0.88,2236763
"TZA",2022,"Hib","Hib3",4411.18613898216,4326.79223175069,"AFRO","Lower middle income",0.88,2236763
"TZA",2022,"Measles","MCV1",27602.3660252485,26705.1044945758,"AFRO","Lower middle income",0.86,2236763
"TZA",2022,"Measles","MCV2",1877.58455693399,1867.63730691086,"AFRO","Lower middle income",0.76,2127963
"TZA",2022,"PCV","PCV3",3957.32571672117,3870.69499287605,"AFRO","Lower middle income",0.83,2236763
"TZA",2022,"Rota","Rota",946.95281527384,733.885282049122,"AFRO","Lower middle income",0.67,2236763
"TZA",2022,"D","DTP3",313.072607154155,307.082966333653,"AFRO","Lower middle income",0.88,2236763
"TZA",2022,"P","DTP3",12024.4963763683,11794.4461813143,"AFRO","Lower middle income",0.88,2236763
"TZA",2022,"T","DTP3",1120.64523357758,1099.20527912947,"AFRO","Lower middle income",0.88,2236763
"TZA",2022,"TB","BCG",2676.94959832025,2636.04787998331,"AFRO","Lower middle income",0.9,2236763
"TZA",2022,"Rubella","Rubella",747.454915134646,723.157630595738,"AFRO","Lower middle income",0.86,2236763
"UGA",2019,"HPV","HPV",14994.5631780325,14994.5631780325,"AFRO","Low income",0.65,624409
"UGA",2019,"HepB","HepB",11413.7300300512,11413.7300300512,"AFRO","Low income",0.93,1535099
"UGA",2019,"Hib","Hib3",3337.15279088376,3337.15279088376,"AFRO","Low income",0.93,1535099
"UGA",2019,"Measles","MCV1",36914.5716980197,36914.5716980197,"AFRO","Low income",0.87,1535099
"UGA",2019,"PCV","PCV3",2872.80393638107,2872.80393638107,"AFRO","Low income",0.92,1535099
"UGA",2019,"Rota","Rota",722.728185686653,722.728185686653,"AFRO","Low income",0.87,1535099
"UGA",2019,"D","DTP3",208.074169565495,208.074169565495,"AFRO","Low income",0.93,1535099
"UGA",2019,"P","DTP3",7578.7813118679,7578.7813118679,"AFRO","Low income",0.93,1535099
"UGA",2019,"T","DTP3",751.713222424769,751.713222424769,"AFRO","Low income",0.93,1535099
"UGA",2019,"TB","BCG",1518.65643231892,1518.65643231892,"AFRO","Low income",0.88,1535099
"UGA",2020,"HPV","HPV",17294.0763065984,0,"AFRO","Low income",0,624144
"UGA",2020,"HepB","HepB",11695.7016147241,11192.6606850585,"AFRO","Low income",0.89,1573023
"UGA",2020,"Hib","Hib3",3419.59580103586,3272.51641174399,"AFRO","Low income",0.89,1573023
"UGA",2020,"Measles","MCV1",37826.5312635433,38696.1066948891,"AFRO","Low income",0.89,1573023
"UGA",2020,"PCV","PCV3",2943.77539586565,2847.78271991351,"AFRO","Low income",0.89,1573023
"UGA",2020,"Rota","Rota",740.58289324231,749.095340291072,"AFRO","Low income",0.88,1573023
"UGA",2020,"D","DTP3",213.214557779286,204.044039165123,"AFRO","Low income",0.89,1573023
"UGA",2020,"P","DTP3",7766.01203931368,7431.99001611739,"AFRO","Low income",0.89,1573023
"UGA",2020,"T","DTP3",770.283993591474,737.153499243453,"AFRO","Low income",0.89,1573023
"UGA",2020,"TB","BCG",1556.17422533375,1609.22561937922,"AFRO","Low income",0.91,1573023
"UGA",2021,"HPV","HPV",17951.7010440496,0,"AFRO","Low income",0,639353
"UGA",2021,"HepB","HepB",11971.6060964253,11714.1522018785,"AFRO","Low income",0.91,1610131
"UGA",2021,"Hib","Hib3",3500.26490821664,3424.99039406144,"AFRO","Low income",0.91,1610131
"UGA",2021,"Measles","MCV1",38718.8684525911,40054.001847508,"AFRO","Low income",0.9,1610131
"UGA",2021,"PCV","PCV3",3013.21978249558,2980.46739355541,"AFRO","Low income",0.91,1610131
"UGA",2021,"Rota","Rota",758.053426096842,758.053426096842,"AFRO","Low income",0.87,1610131
"UGA",2021,"D","DTP3",218.24434171129,213.550915007822,"AFRO","Low income",0.91,1610131
"UGA",2021,"P","DTP3",7949.21417606238,7778.26333356641,"AFRO","Low income",0.91,1610131
"UGA",2021,"T","DTP3",788.455182718519,771.499157283712,"AFRO","Low income",0.91,1610131
"UGA",2021,"TB","BCG",1592.88475858958,1502.37994276062,"AFRO","Low income",0.83,1610131
"UGA",2022,"HPV","HPV",20722.6457391976,0,"AFRO","Low income",0,652222
"UGA",2022,"HepB","HepB",12255.1690611468,11695.7609362295,"AFRO","Low income",0.89,1643729
"UGA",2022,"Hib","Hib3",3583.17320696036,3419.6131454909,"AFRO","Low income",0.89,1643729
"UGA",2022,"Measles","MCV1",40121.7211824637,40889.7936893349,"AFRO","Low income",0.9,1643729
"UGA",2022,"PCV","PCV3",3089.70588316284,3009.22386863008,"AFRO","Low income",0.9,1643729
"UGA",2022,"Rota","Rota",785.519035519063,747.186220609135,"AFRO","Low income",0.84,1643729
"UGA",2022,"D","DTP3",223.413741044253,213.215639220055,"AFRO","Low income",0.89,1643729
"UGA",2022,"P","DTP3",8137.50158886355,7766.05142912889,"AFRO","Low income",0.89,1643729
"UGA",2022,"T","DTP3",807.130762867157,770.287900531615,"AFRO","Low income",0.89,1643729
"UGA",2022,"TB","BCG",1646.67698630079,1515.25087266218,"AFRO","Low income",0.82,1643729
"UKR",2019,"HepB","HepB",851.09251331013,851.09251331013,"EURO","Lower middle income",0.76,353008
"UKR",2019,"HepB","HepB_BD",247.46087207741,247.46087207741,"EURO","Lower middle income",0.6,353008
"UKR",2019,"Hib","Hib3",67.7721566768041,67.7721566768041,"EURO","Lower middle income",0.8,353008
"UKR",2019,"Measles","MCV1",1662.58477234076,1662.58477234076,"EURO","Lower middle income",0.93,353008
"UKR",2019,"Measles","MCV2",331.896981143257,331.896981143257,"EURO","Lower middle income",0.92,416478
"UKR",2019,"D","DTP3",9.72647471257672,9.72647471257672,"EURO","Lower middle income",0.8,353008
"UKR",2019,"P","DTP3",332.152593637078,332.152593637078,"EURO","Lower middle income",0.8,353008
"UKR",2019,"T","DTP3",39.8814698847442,39.8814698847442,"EURO","Lower middle income",0.8,353008
"UKR",2019,"TB","BCG",35.061061813757,35.061061813757,"EURO","Lower middle income",0.84,353008
"UKR",2019,"Rubella","Rubella",58.809825848098,58.809825848098,"EURO","Lower middle income",0.93,353008
"UKR",2020,"HepB","HepB",847.852166525102,903.631914322807,"EURO","Lower middle income",0.81,351664
"UKR",2020,"HepB","HepB_BD",246.518719457435,283.49652737605,"EURO","Lower middle income",0.69,351664
"UKR",2020,"Hib","Hib3",67.5141291573891,71.733762229726,"EURO","Lower middle income",0.85,351664
"UKR",2020,"Measles","MCV1",1656.25484799336,1513.7813126821,"EURO","Lower middle income",0.85,351664
"UKR",2020,"Measles","MCV2",304.258423764451,271.186855963967,"EURO","Lower middle income",0.82,381796
"UKR",2020,"D","DTP3",9.68944330815047,9.81056134950235,"EURO","Lower middle income",0.81,351664
"UKR",2020,"P","DTP3",330.887995990995,335.024095940883,"EURO","Lower middle income",0.81,351664
"UKR",2020,"T","DTP3",39.7296299957754,40.2262503707226,"EURO","Lower middle income",0.81,351664
"UKR",2020,"TB","BCG",34.9275745639562,38.6698146958086,"EURO","Lower middle income",0.93,351664
"UKR",2020,"Rubella","Rubella",58.5859204240287,53.5462713552951,"EURO","Lower middle income",0.85,351664
"UKR",2021,"HepB","HepB",813.404194155708,824.106880920915,"EURO","Lower middle income",0.77,337376
"UKR",2021,"HepB","HepB_BD",236.502739818894,220.735890497634,"EURO","Lower middle income",0.56,337376
"UKR",2021,"Hib","Hib3",64.7710508855138,70.4385178379962,"EURO","Lower middle income",0.87,337376
"UKR",2021,"Measles","MCV1",1588.96172368115,1503.53367402087,"EURO","Lower middle income",0.88,337376
"UKR",2021,"Measles","MCV2",280.803662771053,262.490380416419,"EURO","Lower middle income",0.86,352364
"UKR",2021,"D","DTP3",9.29576421109517,9.06337010581779,"EURO","Lower middle income",0.78,337376
"UKR",2021,"P","DTP3",317.44411863443,309.508015668569,"EURO","Lower middle income",0.78,337376
"UKR",2021,"T","DTP3",38.1154273666191,37.1625416824536,"EURO","Lower middle income",0.78,337376
"UKR",2021,"TB","BCG",33.5084779678593,34.306298871856,"EURO","Lower middle income",0.86,337376
"UKR",2021,"Rubella","Rubella",56.2055925229114,53.1837864732925,"EURO","Lower middle income",0.88,337376
"UKR",2022,"HepB","HepB",825.353016315746,657.913864521425,"EURO","Lower middle income",0.62,334502
"UKR",2022,"HepB","HepB_BD",254.062002341117,207.131108524301,"EURO","Lower middle income",0.53,334502
"UKR",2022,"Hib","Hib3",65.1051546803601,56.1918758459193,"EURO","Lower middle income",0.7,334502
"UKR",2022,"Measles","MCV1",1575.42585867042,1253.56466173775,"EURO","Lower middle income",0.74,334502
"UKR",2022,"Measles","MCV2",279.902353492597,209.926765119447,"EURO","Lower middle income",0.69,351233
"UKR",2022,"D","DTP3",9.34371387466344,8.41012607484684,"EURO","Lower middle income",0.73,334502
"UKR",2022,"P","DTP3",319.081567513789,287.20016975556,"EURO","Lower middle income",0.73,334502
"UKR",2022,"T","DTP3",38.3120353998573,34.4840448047647,"EURO","Lower middle income",0.73,334502
"UKR",2022,"TB","BCG",33.4221098034569,28.0813704146661,"EURO","Lower middle income",0.71,334502
"UKR",2022,"Rubella","Rubella",55.7267947634062,44.3417506719576,"EURO","Lower middle income",0.74,334502
"URY",2019,"HPV","HPV",38.0209818459033,38.0209818459033,"PAHO","High income",0.37,22918
"URY",2019,"HepB","HepB",348.759052255264,348.759052255264,"PAHO","High income",0.94,39534
"URY",2019,"Hib","Hib3",13.885792604841,13.885792604841,"PAHO","High income",0.94,39534
"URY",2019,"Measles","MCV1",209.745037324031,209.745037324031,"PAHO","High income",0.96,39534
"URY",2019,"Measles","MCV2",31.6665132289637,31.6665132289637,"PAHO","High income",0.99,39534
"URY",2019,"PCV","PCV3",16.0501582244324,16.0501582244324,"PAHO","High income",0.95,39534
"URY",2019,"D","DTP3",1.10715173880804,1.10715173880804,"PAHO","High income",0.94,39534
"URY",2019,"P","DTP3",36.6819617749325,36.6819617749325,"PAHO","High income",0.94,39534
"URY",2019,"T","DTP3",4.77003620713136,4.77003620713136,"PAHO","High income",0.94,39534
"URY",2019,"TB","BCG",3.60566683784976,3.60566683784976,"PAHO","High income",0.99,39534
"URY",2019,"Rubella","Rubella",37.3077609959572,37.3077609959572,"PAHO","High income",0.96,39534
"URY",2020,"HPV","HPV",72.5907038362902,0,"PAHO","High income",0,23128
"URY",2020,"HepB","HepB",325.425524324491,318.501576998438,"PAHO","High income",0.92,36889
"URY",2020,"Hib","Hib3",12.9567714726559,12.681095483876,"PAHO","High income",0.92,36889
"URY",2020,"Measles","MCV1",195.712163753888,193.673495381451,"PAHO","High income",0.95,36889
"URY",2020,"Measles","MCV2",29.5478829995255,27.1601752823922,"PAHO","High income",0.91,36889
"URY",2020,"PCV","PCV3",14.976331429683,14.8186858356863,"PAHO","High income",0.94,36889
"URY",2020,"D","DTP3",1.0330783753956,1.01109798442974,"PAHO","High income",0.92,36889
"URY",2020,"P","DTP3",34.2277757857916,33.4995252371577,"PAHO","High income",0.92,36889
"URY",2020,"T","DTP3",4.4508996217147,4.35619962976332,"PAHO","High income",0.92,36889
"URY",2020,"TB","BCG",3.36443172918095,3.36443172918095,"PAHO","High income",0.99,36889
"URY",2020,"Rubella","Rubella",34.8117062624542,34.4490843222203,"PAHO","High income",0.95,36889
"URY",2021,"HPV","HPV",72.0822424898063,0,"PAHO","High income",0,22966
"URY",2021,"HepB","HepB",311.301903070364,301.366735951097,"PAHO","High income",0.91,35288
"URY",2021,"Hib","Hib3",12.3944414792237,11.9988741979719,"PAHO","High income",0.91,35288
"URY",2021,"Measles","MCV1",187.218163532413,181.367595922025,"PAHO","High income",0.93,35288
"URY",2021,"Measles","MCV2",28.2654909400433,23.4118207786217,"PAHO","High income",0.82,35288
"URY",2021,"PCV","PCV3",14.3263515815189,14.1755478806608,"PAHO","High income",0.94,35288
"URY",2021,"D","DTP3",0.98824228661552,0.956702639170343,"PAHO","High income",0.91,35288
"URY",2021,"P","DTP3",32.7422741719486,31.6973079749715,"PAHO","High income",0.91,35288
"URY",2021,"T","DTP3",4.25772847870824,4.1218435272601,"PAHO","High income",0.91,35288
"URY",2021,"TB","BCG",3.21841380518142,3.21841380518142,"PAHO","High income",0.99,35288
"URY",2021,"Rubella","Rubella",33.3008617904927,32.2602098595398,"PAHO","High income",0.93,35288
"URY",2022,"HPV","HPV",71.8782302211554,0,"PAHO","High income",0,22901
"URY",2022,"HepB","HepB",315.139364185633,315.139364185633,"PAHO","High income",0.94,35723
"URY",2022,"Hib","Hib3",12.547229453704,12.547229453704,"PAHO","High income",0.94,35723
"URY",2022,"Measles","MCV1",189.526027427692,189.526027427692,"PAHO","High income",0.96,35723
"URY",2022,"Measles","MCV2",28.6139235108583,26.5907167979693,"PAHO","High income",0.92,35723
"URY",2022,"PCV","PCV3",14.5029544759295,14.3502917972355,"PAHO","High income",0.94,35723
"URY",2022,"D","DTP3",1.000424484379,1.000424484379,"PAHO","High income",0.94,35723
"URY",2022,"P","DTP3",33.1458926616561,33.1458926616561,"PAHO","High income",0.94,35723
"URY",2022,"T","DTP3",4.31021407971249,4.31021407971249,"PAHO","High income",0.94,35723
"URY",2022,"TB","BCG",3.25808763212695,3.19226767996277,"PAHO","High income",0.97,35723
"URY",2022,"Rubella","Rubella",33.711366066135,33.711366066135,"PAHO","High income",0.96,35723
"USA",2019,"HPV","HPV",4367.19555661596,4367.19555661596,"PAHO","High income",0.49,2084039
"USA",2019,"HepB","HepB",48868.4317568552,48868.4317568552,"PAHO","High income",0.91,3847417
"USA",2019,"HepB","HepB_BD",12637.3891415282,12637.3891415282,"PAHO","High income",0.67,3847417
"USA",2019,"Hib","Hib3",700.010035961884,700.010035961884,"PAHO","High income",0.91,3847417
"USA",2019,"Measles","MCV1",14699.3011201857,14699.3011201857,"PAHO","High income",0.9,3847417
"USA",2019,"Measles","MCV2",2599.97172718361,2599.97172718361,"PAHO","High income",0.95,3847417
"USA",2019,"PCV","PCV3",903.196045245243,903.196045245243,"PAHO","High income",0.92,3847417
"USA",2019,"Rota","Rota",185.634267730724,185.634267730724,"PAHO","High income",0.74,3847417
"USA",2019,"D","DTP3",46.267607487346,46.267607487346,"PAHO","High income",0.94,3847417
"USA",2019,"P","DTP3",1689.69584658657,1689.69584658657,"PAHO","High income",0.94,3847417
"USA",2019,"T","DTP3",222.953138638991,222.953138638991,"PAHO","High income",0.94,3847417
"USA",2019,"Rubella","Rubella",3655.37577933746,3655.37577933746,"PAHO","High income",0.9,3847417
"USA",2020,"HPV","HPV",13514.5864586035,0,"PAHO","High income",0,2158358
"USA",2020,"HepB","HepB",48208.8365892055,48208.8365892055,"PAHO","High income",0.91,3795487
"USA",2020,"HepB","HepB_BD",12466.8176599031,12838.9614706465,"PAHO","High income",0.69,3795487
"USA",2020,"Hib","Hib3",690.561743466555,682.973152879011,"PAHO","High income",0.9,3795487
"USA",2020,"Measles","MCV1",14500.8992554616,14662.0203583001,"PAHO","High income",0.91,3795487
"USA",2020,"Measles","MCV2",2564.87895408606,2564.87895408606,"PAHO","High income",0.95,3795487
"USA",2020,"PCV","PCV3",891.005276573798,794.156876946211,"PAHO","High income",0.82,3795487
"USA",2020,"Rota","Rota",183.128693855249,185.603405934374,"PAHO","High income",0.75,3795487
"USA",2020,"D","DTP3",45.6431165998706,45.1575515296592,"PAHO","High income",0.93,3795487
"USA",2020,"P","DTP3",1666.88940129789,1649.15653532664,"PAHO","High income",0.93,3795487
"USA",2020,"T","DTP3",219.943858259578,217.60402998022,"PAHO","High income",0.93,3795487
"USA",2020,"Rubella","Rubella",3606.03783020925,3646.10491721157,"PAHO","High income",0.91,3795487
"USA",2021,"HPV","HPV",13142.4171484907,0,"PAHO","High income",0,2099162
"USA",2021,"HepB","HepB",46539.4117622292,47050.8338695065,"PAHO","High income",0.92,3664053
"USA",2021,"HepB","HepB_BD",12035.1039661633,12933.2460531904,"PAHO","High income",0.72,3664053
"USA",2021,"Hib","Hib3",666.648266173448,666.648266173448,"PAHO","High income",0.91,3664053
"USA",2021,"Measles","MCV1",13998.7473069126,14309.8305803996,"PAHO","High income",0.92,3664053
"USA",2021,"Measles","MCV2",2476.05970626586,2476.05970626586,"PAHO","High income",0.95,3664053
"USA",2021,"PCV","PCV3",860.150635912085,766.656001573815,"PAHO","High income",0.82,3664053
"USA",2021,"Rota","Rota",176.787126423146,181.565156867015,"PAHO","High income",0.76,3664053
"USA",2021,"D","DTP3",44.0625401449421,44.0625401449421,"PAHO","High income",0.94,3664053
"USA",2021,"P","DTP3",1609.16665278889,1609.16665278889,"PAHO","High income",0.94,3664053
"USA",2021,"T","DTP3",212.327417716773,212.327417716773,"PAHO","High income",0.94,3664053
"USA",2021,"Rubella","Rubella",3481.16426953687,3558.52347552658,"PAHO","High income",0.92,3664053
"USA",2022,"HPV","HPV",12805.1494669017,0,"PAHO","High income",0,2043031
"USA",2022,"HepB","HepB",47474.9607574098,48216.8765755876,"PAHO","High income",0.93,3714483
"USA",2022,"HepB","HepB_BD",13337.4228482379,13657.5542732872,"PAHO","High income",0.75,3714483
"USA",2022,"Hib","Hib3",680.049426436149,683.250277840044,"PAHO","High income",0.92,3714483
"USA",2022,"Measles","MCV1",14308.3008781563,14506.7831780202,"PAHO","High income",0.92,3714483
"USA",2022,"Measles","MCV2",2510.13882329473,2510.13882329473,"PAHO","High income",0.95,3714483
"USA",2022,"PCV","PCV3",875.847443727272,796.164119531583,"PAHO","High income",0.84,3714483
"USA",2022,"Rota","Rota",189.760462691695,186.486015623539,"PAHO","High income",0.77,3714483
"USA",2022,"D","DTP3",44.7261711918307,44.6689925896828,"PAHO","High income",0.94,3714483
"USA",2022,"P","DTP3",1633.40249908589,1631.31433304901,"PAHO","High income",0.94,3714483
"USA",2022,"T","DTP3",215.525305674185,215.249774919427,"PAHO","High income",0.94,3714483
"USA",2022,"Rubella","Rubella",3558.14307400382,3607.50102548855,"PAHO","High income",0.92,3714483
"UZB",2019,"HepB","HepB",3267.35858087199,3267.35858087199,"EURO","Lower middle income",0.96,769579
"UZB",2019,"HepB","HepB_BD",2706.72579879223,2706.72579879223,"EURO","Lower middle income",0.99,769579
"UZB",2019,"Hib","Hib3",897.259710871307,897.259710871307,"EURO","Lower middle income",0.96,769579
"UZB",2019,"Measles","MCV1",4066.60688789591,4066.60688789591,"EURO","Lower middle income",0.98,769579
"UZB",2019,"Measles","MCV2",244.149779390786,244.149779390786,"EURO","Lower middle income",0.99,713219
"UZB",2019,"PCV","PCV3",805.513831004148,805.513831004148,"EURO","Lower middle income",0.99,769579
"UZB",2019,"Rota","Rota",89.1618611251362,89.1618611251362,"EURO","Lower middle income",0.48,769579
"UZB",2019,"D","DTP3",48.6035533192892,48.6035533192892,"EURO","Lower middle income",0.96,769579
"UZB",2019,"P","DTP3",1764.65005306459,1764.65005306459,"EURO","Lower middle income",0.96,769579
"UZB",2019,"T","DTP3",173.437137706212,173.437137706212,"EURO","Lower middle income",0.96,769579
"UZB",2019,"TB","BCG",231.368734984042,231.368734984042,"EURO","Lower middle income",0.99,769579
"UZB",2019,"Rubella","Rubella",148.63894844859,148.63894844859,"EURO","Lower middle income",0.98,769579
"UZB",2020,"HPV","HPV",1215.75284178138,1389.43181917872,"EURO","Lower middle income",0.96,303980
"UZB",2020,"HepB","HepB",3365.81506875748,3330.75449512459,"EURO","Lower middle income",0.95,792769
"UZB",2020,"HepB","HepB_BD",2788.28853799639,2731.95947662272,"EURO","Lower middle income",0.97,792769
"UZB",2020,"Hib","Hib3",924.29715952194,914.669064110253,"EURO","Lower middle income",0.95,792769
"UZB",2020,"Measles","MCV1",4189.1474116502,4231.8938138099,"EURO","Lower middle income",0.99,792769
"UZB",2020,"Measles","MCV2",245.093558148475,245.093558148475,"EURO","Lower middle income",0.99,715976
"UZB",2020,"PCV","PCV3",829.786668154053,779.496567053807,"EURO","Lower middle income",0.93,792769
"UZB",2020,"Rota","Rota",91.8486074624088,172.216138992016,"EURO","Lower middle income",0.9,792769
"UZB",2020,"D","DTP3",50.0681416220812,49.5465984801845,"EURO","Lower middle income",0.95,792769
"UZB",2020,"P","DTP3",1817.82488596747,1798.88921007197,"EURO","Lower middle income",0.95,792769
"UZB",2020,"T","DTP3",178.663381176223,176.80230428897,"EURO","Lower middle income",0.95,792769
"UZB",2020,"TB","BCG",238.34065205075,238.34065205075,"EURO","Lower middle income",0.99,792769
"UZB",2020,"Rubella","Rubella",153.117939188362,154.680367139263,"EURO","Lower middle income",0.99,792769
"UZB",2021,"HPV","HPV",1210.24159954184,1267.87215190098,"EURO","Lower middle income",0.88,302602
"UZB",2021,"HepB","HepB",3492.2333690282,3564.98823088296,"EURO","Lower middle income",0.98,822545
"UZB",2021,"HepB","HepB_BD",2893.01523582057,2893.01523582057,"EURO","Lower middle income",0.99,822545
"UZB",2021,"Hib","Hib3",959.013290225746,978.992733772116,"EURO","Lower middle income",0.98,822545
"UZB",2021,"Measles","MCV1",4346.48965551859,4390.84159077898,"EURO","Lower middle income",0.99,822545
"UZB",2021,"Measles","MCV2",262.451282373137,262.451282373137,"EURO","Lower middle income",0.99,766682
"UZB",2021,"PCV","PCV3",860.953032922296,852.256537640252,"EURO","Lower middle income",0.98,822545
"UZB",2021,"Rota","Rota",95.2983943937856,103.239927259934,"EURO","Lower middle income",0.52,822545
"UZB",2021,"D","DTP3",51.9486755291071,53.0309396026302,"EURO","Lower middle income",0.98,822545
"UZB",2021,"P","DTP3",1886.10146313505,1925.39524361703,"EURO","Lower middle income",0.98,822545
"UZB",2021,"T","DTP3",185.373886806366,189.235842781499,"EURO","Lower middle income",0.98,822545
"UZB",2021,"TB","BCG",247.292605590133,247.292605590133,"EURO","Lower middle income",0.99,822545
"UZB",2021,"Rubella","Rubella",158.868971023957,160.490082973181,"EURO","Lower middle income",0.99,822545
"UZB",2022,"HPV","HPV",1317.13604509828,1448.8496496081,"EURO","Lower middle income",0.99,307374
"UZB",2022,"HepB","HepB",3382.33892058664,3477.29719290138,"EURO","Lower middle income",0.99,794208
"UZB",2022,"HepB","HepB_BD",2793.34971875166,2793.34971875166,"EURO","Lower middle income",0.99,794208
"UZB",2022,"Hib","Hib3",928.834826921385,954.911619490389,"EURO","Lower middle income",0.99,794208
"UZB",2022,"Measles","MCV1",4196.75137084306,4239.57536442309,"EURO","Lower middle income",0.99,794208
"UZB",2022,"Measles","MCV2",270.499247042442,270.499247042442,"EURO","Lower middle income",0.99,790192
"UZB",2022,"PCV","PCV3",831.2928610242,831.2928610242,"EURO","Lower middle income",0.99,794208
"UZB",2022,"Rota","Rota",122.291638611689,118.853130814307,"EURO","Lower middle income",0.62,794208
"UZB",2022,"D","DTP3",50.3139419814664,51.7264926205594,"EURO","Lower middle income",0.99,794208
"UZB",2022,"P","DTP3",1826.74916387742,1878.03466442214,"EURO","Lower middle income",0.99,794208
"UZB",2022,"T","DTP3",179.540496281344,184.581048318764,"EURO","Lower middle income",0.99,794208
"UZB",2022,"TB","BCG",238.773277693656,238.773277693656,"EURO","Lower middle income",0.99,794208
"UZB",2022,"Rubella","Rubella",153.395872248928,154.961136251468,"EURO","Lower middle income",0.99,794208
"VCT",2019,"HPV","HPV",0.749439290052196,0.749439290052196,"PAHO","Upper middle income",0.11,816
"VCT",2019,"HepB","HepB",11.6865010579816,11.6865010579816,"PAHO","Upper middle income",0.98,1428
"VCT",2019,"HepB","HepB_BD",4.29715985408981,4.29715985408981,"PAHO","Upper middle income",0.99,1428
"VCT",2019,"Hib","Hib3",0.552133876693111,0.552133876693111,"PAHO","Upper middle income",0.98,1428
"VCT",2019,"Measles","MCV1",7.17860756066351,7.17860756066351,"PAHO","Upper middle income",0.99,1428
"VCT",2019,"Measles","MCV2",1.09578964865488,1.09578964865488,"PAHO","Upper middle income",0.99,1428
"VCT",2019,"D","DTP3",0.135534681887113,0.135534681887113,"PAHO","Upper middle income",0.97,1428
"VCT",2019,"P","DTP3",2.95728350387619,2.95728350387619,"PAHO","Upper middle income",0.97,1428
"VCT",2019,"T","DTP3",0.411587197359005,0.411587197359005,"PAHO","Upper middle income",0.97,1428
"VCT",2019,"TB","BCG",0.458912369123636,0.458912369123636,"PAHO","Upper middle income",0.99,1428
"VCT",2019,"Rubella","Rubella",1.84671526622484,1.84671526622484,"PAHO","Upper middle income",0.99,1428
"VCT",2020,"HPV","HPV",4.62304517493205,0,"PAHO","Upper middle income",0,791
"VCT",2020,"HepB","HepB",11.3509642628995,11.3509642628995,"PAHO","Upper middle income",0.98,1387
"VCT",2020,"HepB","HepB_BD",4.17378201514185,4.04730377225876,"PAHO","Upper middle income",0.96,1387
"VCT",2020,"Hib","Hib3",0.536281293398701,0.536281293398701,"PAHO","Upper middle income",0.98,1387
"VCT",2020,"Measles","MCV1",6.97249908028031,6.97249908028031,"PAHO","Upper middle income",0.99,1387
"VCT",2020,"Measles","MCV2",1.06432790103944,1.06432790103944,"PAHO","Upper middle income",0.99,1387
"VCT",2020,"D","DTP3",0.131643279956181,0.131643279956181,"PAHO","Upper middle income",0.97,1387
"VCT",2020,"P","DTP3",2.87237550411504,2.87237550411504,"PAHO","Upper middle income",0.97,1387
"VCT",2020,"T","DTP3",0.399769917883011,0.399769917883011,"PAHO","Upper middle income",0.97,1387
"VCT",2020,"TB","BCG",0.445736313707622,0.445736313707622,"PAHO","Upper middle income",0.99,1387
"VCT",2020,"Rubella","Rubella",1.79369332930942,1.79369332930942,"PAHO","Upper middle income",0.99,1387
"VCT",2021,"HPV","HPV",4.6873353101081,0,"PAHO","Upper middle income",0,802
"VCT",2021,"HepB","HepB",11.0727142377094,11.1857011176861,"PAHO","Upper middle income",0.99,1353
"VCT",2021,"HepB","HepB_BD",4.07146868528257,3.82471300738666,"PAHO","Upper middle income",0.93,1353
"VCT",2021,"Hib","Hib3",0.523135248715531,0.528473363498343,"PAHO","Upper middle income",0.99,1353
"VCT",2021,"Measles","MCV1",6.80157985264547,6.59547137226227,"PAHO","Upper middle income",0.96,1353
"VCT",2021,"Measles","MCV2",1.03823767130956,0.985801425283828,"PAHO","Upper middle income",0.94,1353
"VCT",2021,"D","DTP3",0.128416263720773,0.12179686868362,"PAHO","Upper middle income",0.92,1353
"VCT",2021,"P","DTP3",2.80196399211799,2.65753285850366,"PAHO","Upper middle income",0.92,1353
"VCT",2021,"T","DTP3",0.389970222707796,0.36986866483626,"PAHO","Upper middle income",0.92,1353
"VCT",2021,"TB","BCG",0.434809828728488,0.272305145264305,"PAHO","Upper middle income",0.62,1353
"VCT",2021,"Rubella","Rubella",1.74972391820883,1.69670198129341,"PAHO","Upper middle income",0.96,1353
"VCT",2022,"HPV","HPV",5.39686462014192,0,"PAHO","Upper middle income",0,798
"VCT",2022,"HepB","HepB",10.9090377523035,11.0203544640617,"PAHO","Upper middle income",0.99,1333
"VCT",2022,"HepB","HepB_BD",4.01128437360064,3.76817622974606,"PAHO","Upper middle income",0.93,1333
"VCT",2022,"Hib","Hib3",0.515402281254843,0.520661488206423,"PAHO","Upper middle income",0.99,1333
"VCT",2022,"Measles","MCV1",6.70103913050732,6.49797733867377,"PAHO","Upper middle income",0.96,1333
"VCT",2022,"Measles","MCV2",1.02289047735081,0.971229342131074,"PAHO","Upper middle income",0.94,1333
"VCT",2022,"D","DTP3",0.126518018876416,0.119996471511652,"PAHO","Upper middle income",0.92,1333
"VCT",2022,"P","DTP3",2.76054545564913,2.61824929814145,"PAHO","Upper middle income",0.92,1333
"VCT",2022,"T","DTP3",0.384205696134141,0.364401278807639,"PAHO","Upper middle income",0.92,1333
"VCT",2022,"TB","BCG",0.428382484623114,0.268279939864981,"PAHO","Upper middle income",0.62,1333
"VCT",2022,"Rubella","Rubella",1.72385955873789,1.67162139029129,"PAHO","Upper middle income",0.96,1333
"VEN",2019,"HepB","HepB",412.525367006535,412.525367006535,"PAHO","Upper middle income",0.64,514522
"VEN",2019,"HepB","HepB_BD",211.575941137479,211.575941137479,"PAHO","Upper middle income",0.52,514522
"VEN",2019,"Hib","Hib3",133.956308372916,133.956308372916,"PAHO","Upper middle income",0.64,514522
"VEN",2019,"Measles","MCV1",4926.87051161501,4926.87051161501,"PAHO","Upper middle income",0.93,514522
"VEN",2019,"Measles","MCV2",92.5540546636505,92.5540546636505,"PAHO","Upper middle income",0.13,542239
"VEN",2019,"PCV","PCV3",0,0,"PAHO","Upper middle income",0,514522
"VEN",2019,"Rota","Rota",0,0,"PAHO","Upper middle income",0,514522
"VEN",2019,"YF","YF",280.164865795684,280.164865795684,"PAHO","Upper middle income",0.8,514522
"VEN",2019,"D","DTP3",10.4217149537742,10.4217149537742,"PAHO","Upper middle income",0.64,514522
"VEN",2019,"P","DTP3",388.966316321294,388.966316321294,"PAHO","Upper middle income",0.64,514522
"VEN",2019,"T","DTP3",52.7556346556769,52.7556346556769,"PAHO","Upper middle income",0.64,514522
"VEN",2019,"TB","BCG",50.4845393384218,50.4845393384218,"PAHO","Upper middle income",0.91,514522
"VEN",2019,"Rubella","Rubella",256.622805737717,256.622805737717,"PAHO","Upper middle income",0.93,514522
"VEN",2020,"HepB","HepB",380.680892860112,321.19950335072,"PAHO","Upper middle income",0.54,474804
"VEN",2020,"HepB","HepB_BD",195.243552570812,187.734185164243,"PAHO","Upper middle income",0.5,474804
"VEN",2020,"Hib","Hib3",123.615688038012,104.300736782073,"PAHO","Upper middle income",0.54,474804
"VEN",2020,"Measles","MCV1",4546.54577723956,3715.45676419577,"PAHO","Upper middle income",0.76,474804
"VEN",2020,"Measles","MCV2",88.811876224907,191.287118022877,"PAHO","Upper middle income",0.28,520315
"VEN",2020,"PCV","PCV3",0,0,"PAHO","Upper middle income",0,474804
"VEN",2020,"Rota","Rota",0,0,"PAHO","Upper middle income",0,474804
"VEN",2020,"YF","YF",258.537825281045,265.001270913071,"PAHO","Upper middle income",0.82,474804
"VEN",2020,"D","DTP3",9.61722131786747,8.11453048695068,"PAHO","Upper middle income",0.54,474804
"VEN",2020,"P","DTP3",358.940459017526,302.856012296038,"PAHO","Upper middle income",0.54,474804
"VEN",2020,"T","DTP3",48.6832173494117,41.0764646385661,"PAHO","Upper middle income",0.54,474804
"VEN",2020,"TB","BCG",46.5874369143399,41.9798882085261,"PAHO","Upper middle income",0.82,474804
"VEN",2020,"Rubella","Rubella",236.813070491624,193.524659756596,"PAHO","Upper middle income",0.76,474804
"VEN",2021,"HepB","HepB",361.738409699244,316.521108486838,"PAHO","Upper middle income",0.56,451178
"VEN",2021,"HepB","HepB_BD",185.528334979895,132.010546043387,"PAHO","Upper middle income",0.37,451178
"VEN",2021,"Hib","Hib3",117.464635718348,102.781556253554,"PAHO","Upper middle income",0.56,451178
"VEN",2021,"Measles","MCV1",4320.3120249269,3158.93782467773,"PAHO","Upper middle income",0.68,451178
"VEN",2021,"Measles","MCV2",84.2309336533415,239.734195782587,"PAHO","Upper middle income",0.37,493477
"VEN",2021,"PCV","PCV3",0,0,"PAHO","Upper middle income",0,451178
"VEN",2021,"Rota","Rota",0,0,"PAHO","Upper middle income",0,451178
"VEN",2021,"YF","YF",245.673117612007,230.318547761256,"PAHO","Upper middle income",0.75,451178
"VEN",2021,"D","DTP3",9.13867338892008,7.99633921530507,"PAHO","Upper middle income",0.56,451178
"VEN",2021,"P","DTP3",341.079768533141,298.444797466498,"PAHO","Upper middle income",0.56,451178
"VEN",2021,"T","DTP3",46.2607657839295,40.4781700609383,"PAHO","Upper middle income",0.56,451178
"VEN",2021,"TB","BCG",44.2692702928747,33.080333845225,"PAHO","Upper middle income",0.68,451178
"VEN",2021,"Rubella","Rubella",225.029375317541,164.537607759062,"PAHO","Upper middle income",0.68,451178
"VEN",2022,"HepB","HepB",373.159941727333,306.69107738577,"PAHO","Upper middle income",0.56,437166
"VEN",2022,"HepB","HepB_BD",203.45516719672,127.910763316481,"PAHO","Upper middle income",0.37,437166
"VEN",2022,"Hib","Hib3",121.173465256633,99.5895230289183,"PAHO","Upper middle income",0.56,437166
"VEN",2022,"Measles","MCV1",4186.13834603902,3060.83233903928,"PAHO","Upper middle income",0.68,437166
"VEN",2022,"Measles","MCV2",182.360030574812,223.505353213809,"PAHO","Upper middle income",0.37,460071
"VEN",2022,"PCV","PCV3",0,0,"PAHO","Upper middle income",0,437166
"VEN",2022,"Rota","Rota",0,0,"PAHO","Upper middle income",0,437166
"VEN",2022,"YF","YF",241.327046632757,223.165664661392,"PAHO","Upper middle income",0.75,437166
"VEN",2022,"D","DTP3",9.42721795042402,7.74800107584602,"PAHO","Upper middle income",0.56,437166
"VEN",2022,"P","DTP3",351.849024426298,289.176152935736,"PAHO","Upper middle income",0.56,437166
"VEN",2022,"T","DTP3",47.7214036478611,39.2210606298626,"PAHO","Upper middle income",0.56,437166
"VEN",2022,"TB","BCG",42.8944226377502,32.0529751578793,"PAHO","Upper middle income",0.68,437166
"VEN",2022,"Rubella","Rubella",218.040755289638,159.427649028982,"PAHO","Upper middle income",0.68,437166
"VNM",2019,"HepB","HepB",17291.226053076,17291.226053076,"WPRO","Lower middle income",0.89,1483665
"VNM",2019,"HepB","HepB_BD",5392.00048282162,5392.00048282162,"WPRO","Lower middle income",0.79,1483665
"VNM",2019,"Hib","Hib3",484.93188279146,484.93188279146,"WPRO","Lower middle income",0.89,1483665
"VNM",2019,"JE","JE",907.755693247211,907.755693247211,"WPRO","Lower middle income",0.904,1483665
"VNM",2019,"Measles","MCV1",6708.65530387159,6708.65530387159,"WPRO","Lower middle income",0.95,1483665
"VNM",2019,"Measles","MCV2",868.355513751419,868.355513751419,"WPRO","Lower middle income",0.92,1501889
"VNM",2019,"D","DTP3",75.8613493188356,75.8613493188356,"WPRO","Lower middle income",0.89,1483665
"VNM",2019,"P","DTP3",2796.91023029511,2796.91023029511,"WPRO","Lower middle income",0.89,1483665
"VNM",2019,"T","DTP3",322.142682438311,322.142682438311,"WPRO","Lower middle income",0.89,1483665
"VNM",2019,"TB","BCG",351.289796301916,351.289796301916,"WPRO","Lower middle income",0.96,1483665
"VNM",2019,"Rubella","Rubella",661.330078402231,661.330078402231,"WPRO","Lower middle income",0.92,1483665
"VNM",2020,"HepB","HepB",17219.4466006653,18186.8312411521,"WPRO","Lower middle income",0.94,1477506
"VNM",2020,"HepB","HepB_BD",5369.61717461276,5573.52668757274,"WPRO","Lower middle income",0.82,1477506
"VNM",2020,"Hib","Hib3",482.918830339517,510.049101706905,"WPRO","Lower middle income",0.94,1477506
"VNM",2020,"JE","JE",903.987411785621,0,"WPRO","Lower middle income",0,1477506
"VNM",2020,"Measles","MCV1",6680.80628942658,6821.4548428882,"WPRO","Lower middle income",0.97,1477506
"VNM",2020,"Measles","MCV2",858.854932948202,868.190312654161,"WPRO","Lower middle income",0.93,1485457
"VNM",2020,"D","DTP3",75.5464331818002,79.7906148212271,"WPRO","Lower middle income",0.94,1477506
"VNM",2020,"P","DTP3",2785.29967797475,2941.77718797333,"WPRO","Lower middle income",0.94,1477506
"VNM",2020,"T","DTP3",320.805401595844,338.828176966397,"WPRO","Lower middle income",0.94,1477506
"VNM",2020,"TB","BCG",349.831519766834,346.187441435929,"WPRO","Lower middle income",0.95,1477506
"VNM",2020,"Rubella","Rubella",658.584760589328,694.377410621357,"WPRO","Lower middle income",0.97,1477506
"VNM",2021,"HepB","HepB",17086.9593762775,15935.0295306857,"WPRO","Lower middle income",0.83,1466138
"VNM",2021,"HepB","HepB_BD",5328.30308990448,5193.40934079297,"WPRO","Lower middle income",0.77,1466138
"VNM",2021,"Hib","Hib3",479.203230360024,446.897394605416,"WPRO","Lower middle income",0.83,1466138
"VNM",2021,"JE","JE",897.032090523183,0,"WPRO","Lower middle income",0,1466138
"VNM",2021,"Measles","MCV1",6629.40385458151,6210.70466376584,"WPRO","Lower middle income",0.89,1466138
"VNM",2021,"Measles","MCV2",854.834300103413,789.792559878153,"WPRO","Lower middle income",0.85,1478503
"VNM",2021,"D","DTP3",74.9651754052424,69.9113433554508,"WPRO","Lower middle income",0.83,1466138
"VNM",2021,"P","DTP3",2763.8694524872,2577.54117479143,"WPRO","Lower middle income",0.83,1466138
"VNM",2021,"T","DTP3",318.33710988986,296.876181133241,"WPRO","Lower middle income",0.83,1466138
"VNM",2021,"TB","BCG",347.139899755335,318.211574775724,"WPRO","Lower middle income",0.88,1466138
"VNM",2021,"Rubella","Rubella",653.517578758338,632.207222929262,"WPRO","Lower middle income",0.89,1466138
"VNM",2022,"HPV","HPV",2466.46371488754,0,"WPRO","Lower middle income",0,703936
"VNM",2022,"HepB","HepB",16895.5053052844,17171.2292032177,"WPRO","Lower middle income",0.91,1440987
"VNM",2022,"HepB","HepB_BD",5396.86549605142,5104.31851964906,"WPRO","Lower middle income",0.77,1440987
"VNM",2022,"Hib","Hib3",473.833907049474,481.566574967006,"WPRO","Lower middle income",0.91,1440987
"VNM",2022,"JE","JE",884.872661828911,0,"WPRO","Lower middle income",0,1440987
"VNM",2022,"Measles","MCV1",6515.67913266135,6035.57645972841,"WPRO","Lower middle income",0.88,1440987
"VNM",2022,"Measles","MCV2",852.406905606388,749.52881608334,"WPRO","Lower middle income",0.81,1472419
"VNM",2022,"D","DTP3",74.1252139060672,75.3348902397445,"WPRO","Lower middle income",0.91,1440987
"VNM",2022,"P","DTP3",2732.90115399011,2777.50036219544,"WPRO","Lower middle income",0.91,1440987
"VNM",2022,"T","DTP3",314.770241479018,319.907091568187,"WPRO","Lower middle income",0.91,1440987
"VNM",2022,"TB","BCG",341.184856220043,312.752784868372,"WPRO","Lower middle income",0.88,1440987
"VNM",2022,"Rubella","Rubella",643.129311235937,614.380370498646,"WPRO","Lower middle income",0.88,1440987
"VUT",2019,"HepB","HepB",146.621069945773,146.621069945773,"WPRO","Lower middle income",0.9,9010
"VUT",2019,"HepB","HepB_BD",49.486726105499,49.486726105499,"WPRO","Lower middle income",0.82,9010
"VUT",2019,"Hib","Hib3",6.69148494198976,6.69148494198976,"WPRO","Lower middle income",0.9,9010
"VUT",2019,"Measles","MCV1",36.6785214741192,36.6785214741192,"WPRO","Lower middle income",0.8,9010
"VUT",2019,"D","DTP3",3.21712985426285,3.21712985426285,"WPRO","Lower middle income",0.9,9010
"VUT",2019,"P","DTP3",51.3371365937548,51.3371365937548,"WPRO","Lower middle income",0.9,9010
"VUT",2019,"T","DTP3",6.17877776233151,6.17877776233151,"WPRO","Lower middle income",0.9,9010
"VUT",2019,"TB","BCG",12.916433418481,12.916433418481,"WPRO","Lower middle income",0.97,9010
"VUT",2019,"Rubella","Rubella",5.47044049190439,5.47044049190439,"WPRO","Lower middle income",0.8,9010
"VUT",2020,"HPV","HPV",19.7757585039544,0,"WPRO","Lower middle income",0,3615
"VUT",2020,"HepB","HepB",147.80900980216,128.101141828538,"WPRO","Lower middle income",0.78,9083
"VUT",2020,"HepB","HepB_BD",49.8876729429798,35.8947890687293,"WPRO","Lower middle income",0.59,9083
"VUT",2020,"Hib","Hib3",6.74570008080943,5.84627340336817,"WPRO","Lower middle income",0.78,9083
"VUT",2020,"Measles","MCV1",36.9756948445532,36.0513024734394,"WPRO","Lower middle income",0.78,9083
"VUT",2020,"D","DTP3",3.24319539026298,2.81076933822792,"WPRO","Lower middle income",0.78,9083
"VUT",2020,"P","DTP3",51.7530756582769,44.8526655705066,"WPRO","Lower middle income",0.78,9083
"VUT",2020,"T","DTP3",6.22883889181544,5.39832703957338,"WPRO","Lower middle income",0.78,9083
"VUT",2020,"TB","BCG",13.0210837669326,10.3363242273589,"WPRO","Lower middle income",0.77,9083
"VUT",2020,"Rubella","Rubella",5.51476259577887,5.37689353088439,"WPRO","Lower middle income",0.78,9083
"VUT",2021,"HPV","HPV",20.7495026294603,0,"WPRO","Lower middle income",0,3793
"VUT",2021,"HepB","HepB",149.094588550852,102.709605446142,"WPRO","Lower middle income",0.62,9162
"VUT",2021,"HepB","HepB_BD",50.3215743150479,40.5027305462581,"WPRO","Lower middle income",0.66,9162
"VUT",2021,"Hib","Hib3",6.8043712584362,4.6874557558116,"WPRO","Lower middle income",0.62,9162
"VUT",2021,"Measles","MCV1",37.2972934235161,23.3108083896976,"WPRO","Lower middle income",0.5,9162
"VUT",2021,"D","DTP3",3.27140329908504,2.25363338381414,"WPRO","Lower middle income",0.62,9162
"VUT",2021,"P","DTP3",52.2032014952255,35.9622054744886,"WPRO","Lower middle income",0.62,9162
"VUT",2021,"T","DTP3",6.28301463468161,4.32829897055844,"WPRO","Lower middle income",0.62,9162
"VUT",2021,"TB","BCG",13.1343355138871,10.290819577891,"WPRO","Lower middle income",0.76,9162
"VUT",2021,"Rubella","Rubella",5.56272761230056,3.47670475768785,"WPRO","Lower middle income",0.5,9162
"VUT",2022,"HPV","HPV",24.0447785710425,0,"WPRO","Lower middle income",0,3907
"VUT",2022,"HepB","HepB",150.816936513208,113.460732365584,"WPRO","Lower middle income",0.68,9228
"VUT",2022,"HepB","HepB_BD",51.7924416338588,42.6487941401243,"WPRO","Lower middle income",0.69,9228
"VUT",2022,"Hib","Hib3",6.88297568724876,5.17811514001522,"WPRO","Lower middle income",0.68,9228
"VUT",2022,"Measles","MCV1",38.5999800837554,32.8702243776665,"WPRO","Lower middle income",0.7,9228
"VUT",2022,"D","DTP3",3.3091947096318,2.48953243565095,"WPRO","Lower middle income",0.68,9228
"VUT",2022,"P","DTP3",52.8062554262748,39.7265489716704,"WPRO","Lower middle income",0.68,9228
"VUT",2022,"T","DTP3",6.35559632633575,4.78136362186962,"WPRO","Lower middle income",0.68,9228
"VUT",2022,"TB","BCG",13.2289508974187,11.0468559040301,"WPRO","Lower middle income",0.81,9228
"VUT",2022,"Rubella","Rubella",5.75701761004393,4.90244969499245,"WPRO","Lower middle income",0.7,9228
"WSM",2019,"HepB","HepB",105.535088719433,105.535088719433,"WPRO","Upper middle income",0.68,5861
"WSM",2019,"HepB","HepB_BD",21.4485485877839,21.4485485877839,"WPRO","Upper middle income",0.78,5861
"WSM",2019,"Hib","Hib3",3.07121775115587,3.07121775115587,"WPRO","Upper middle income",0.68,5861
"WSM",2019,"Measles","MCV1",36.7088637552358,36.7088637552358,"WPRO","Upper middle income",0.96,5861
"WSM",2019,"Measles","MCV2",3.71383308859855,3.71383308859855,"WPRO","Upper middle income",0.59,5864
"WSM",2019,"D","DTP3",0.618837722496032,0.618837722496032,"WPRO","Upper middle income",0.68,5861
"WSM",2019,"P","DTP3",13.6994713313937,13.6994713313937,"WPRO","Upper middle income",0.68,5861
"WSM",2019,"T","DTP3",1.37713529754394,1.37713529754394,"WPRO","Upper middle income",0.68,5861
"WSM",2019,"TB","BCG",3.48336086624702,3.48336086624702,"WPRO","Upper middle income",0.96,5861
"WSM",2019,"Rubella","Rubella",3.28136156691103,3.28136156691103,"WPRO","Upper middle income",0.96,5861
"WSM",2020,"HPV","HPV",8.78782747430946,0,"WPRO","Upper middle income",0,2369
"WSM",2020,"HepB","HepB",105.355025438901,137.891136236209,"WPRO","Upper middle income",0.89,5851
"WSM",2020,"HepB","HepB_BD",21.4119532139777,25.255124303666,"WPRO","Upper middle income",0.92,5851
"WSM",2020,"Hib","Hib3",3.065977659446,4.01282370133373,"WPRO","Upper middle income",0.89,5851
"WSM",2020,"Measles","MCV1",36.6462313311524,25.1942840401673,"WPRO","Upper middle income",0.66,5851
"WSM",2020,"Measles","MCV2",3.7049665020978,3.7049665020978,"WPRO","Upper middle income",0.59,5850
"WSM",2020,"D","DTP3",0.617781865607283,0.808567441750708,"WPRO","Upper middle income",0.89,5851
"WSM",2020,"P","DTP3",13.6760973826966,17.8995980449999,"WPRO","Upper middle income",0.89,5851
"WSM",2020,"T","DTP3",1.37478563827496,1.79935179127164,"WPRO","Upper middle income",0.89,5851
"WSM",2020,"TB","BCG",3.47741757864038,3.5860868779729,"WPRO","Upper middle income",0.99,5851
"WSM",2020,"Rubella","Rubella",3.27576292919236,2.25208701381975,"WPRO","Upper middle income",0.66,5851
"WSM",2021,"HPV","HPV",10.2034689516769,0,"WPRO","Upper middle income",0,2445
"WSM",2021,"HepB","HepB",105.679139343858,132.098924179822,"WPRO","Upper middle income",0.85,5869
"WSM",2021,"HepB","HepB_BD",21.4778248868288,24.5067489093303,"WPRO","Upper middle income",0.89,5869
"WSM",2021,"Hib","Hib3",3.07540982452376,3.84426228065471,"WPRO","Upper middle income",0.85,5869
"WSM",2021,"Measles","MCV1",36.7589696945024,23.7401679276995,"WPRO","Upper middle income",0.62,5869
"WSM",2021,"Measles","MCV2",3.69926655363304,3.13497165562122,"WPRO","Upper middle income",0.5,5841
"WSM",2021,"D","DTP3",0.619682408007032,0.77460301000879,"WPRO","Upper middle income",0.85,5869
"WSM",2021,"P","DTP3",13.7181704903514,17.1477131129393,"WPRO","Upper middle income",0.85,5869
"WSM",2021,"T","DTP3",1.37901502495911,1.72376878119889,"WPRO","Upper middle income",0.85,5869
"WSM",2021,"TB","BCG",3.48811549633232,3.34277735065181,"WPRO","Upper middle income",0.92,5869
"WSM",2021,"Rubella","Rubella",3.28584047708596,2.12210530811802,"WPRO","Upper middle income",0.62,5869
"WSM",2022,"HPV","HPV",13.2238209573113,0,"WPRO","Upper middle income",0,2535
"WSM",2022,"HepB","HepB",114.644757555423,118.655346695562,"WPRO","Upper middle income",0.76,5896
"WSM",2022,"HepB","HepB_BD",22.3947234388486,26.2792317644873,"WPRO","Upper middle income",0.95,5896
"WSM",2022,"Hib","Hib3",3.33632177462075,3.45303549239223,"WPRO","Upper middle income",0.76,5896
"WSM",2022,"Measles","MCV1",36.9280772395274,31.5427326420963,"WPRO","Upper middle income",0.82,5896
"WSM",2022,"Measles","MCV2",4.18636622849409,2.81664402525845,"WPRO","Upper middle income",0.45,5831
"WSM",2022,"D","DTP3",0.672255090914081,0.695772424148615,"WPRO","Upper middle income",0.76,5896
"WSM",2022,"P","DTP3",14.8819941166724,15.40260722852,"WPRO","Upper middle income",0.76,5896
"WSM",2022,"T","DTP3",1.4960080502483,1.54834252910126,"WPRO","Upper middle income",0.76,5896
"WSM",2022,"TB","BCG",3.50416237287023,3.50416237287023,"WPRO","Upper middle income",0.96,5896
"WSM",2022,"Rubella","Rubella",3.30095679892637,2.8195672657496,"WPRO","Upper middle income",0.82,5896
"YEM",2019,"HepB","HepB",2466.93347746429,2466.93347746429,"EMRO","Low income",0.73,956908
"YEM",2019,"Hib","Hib3",1958.60401404554,1958.60401404554,"EMRO","Low income",0.73,956908
"YEM",2019,"Measles","MCV1",6415.9448360256,6415.9448360256,"EMRO","Low income",0.67,956908
"YEM",2019,"Measles","MCV2",653.93554083385,653.93554083385,"EMRO","Low income",0.46,922087
"YEM",2019,"PCV","PCV3",1842.25939957599,1842.25939957599,"EMRO","Low income",0.72,956908
"YEM",2019,"Rota","Rota",1046.23761752835,1046.23761752835,"EMRO","Low income",0.73,956908
"YEM",2019,"D","DTP3",59.454080263703,59.454080263703,"EMRO","Low income",0.73,956908
"YEM",2019,"P","DTP3",2089.93954857402,2089.93954857402,"EMRO","Low income",0.73,956908
"YEM",2019,"T","DTP3",285.659212452178,285.659212452178,"EMRO","Low income",0.73,956908
"YEM",2019,"TB","BCG",297.642256446348,297.642256446348,"EMRO","Low income",0.69,956908
"YEM",2019,"Rubella","Rubella",0.396269216337921,0.396269216337921,"EMRO","Low income",0.67,956908
"YEM",2020,"HepB","HepB",2486.28156082066,2452.22290930256,"EMRO","Low income",0.72,964413
"YEM",2020,"Hib","Hib3",1973.96528506158,1946.92466471827,"EMRO","Low income",0.72,964413
"YEM",2020,"Measles","MCV1",6466.26489395632,6562.77631028403,"EMRO","Low income",0.68,964413
"YEM",2020,"Measles","MCV2",657.932539715886,657.932539715886,"EMRO","Low income",0.46,927723
"YEM",2020,"PCV","PCV3",1856.70818336066,1856.70818336066,"EMRO","Low income",0.72,964413
"YEM",2020,"Rota","Rota",1054.44322696996,1054.44322696996,"EMRO","Low income",0.73,964413
"YEM",2020,"D","DTP3",59.9203767858128,59.0995497065551,"EMRO","Low income",0.72,964413
"YEM",2020,"P","DTP3",2106.33088014618,2077.47703247294,"EMRO","Low income",0.72,964413
"YEM",2020,"T","DTP3",287.899628865724,283.955798333317,"EMRO","Low income",0.72,964413
"YEM",2020,"TB","BCG",299.976655505223,308.671631027114,"EMRO","Low income",0.71,964413
"YEM",2020,"Rubella","Rubella",0.39937714360848,0.405337996498159,"EMRO","Low income",0.68,964413
"YEM",2021,"HepB","HepB",2503.2604385002,2468.96919961664,"EMRO","Low income",0.72,970999
"YEM",2021,"Hib","Hib3",1987.44554234493,1960.22026094295,"EMRO","Low income",0.72,970999
"YEM",2021,"Measles","MCV1",6510.42317530632,6899.10515592162,"EMRO","Low income",0.71,970999
"YEM",2021,"Measles","MCV2",665.815903728077,752.661456388261,"EMRO","Low income",0.52,938839
"YEM",2021,"PCV","PCV3",1869.38768902433,1869.38768902433,"EMRO","Low income",0.72,970999
"YEM",2021,"Rota","Rota",1061.6440455952,1061.6440455952,"EMRO","Low income",0.73,970999
"YEM",2021,"D","DTP3",60.3295745066144,59.5031419791265,"EMRO","Low income",0.72,970999
"YEM",2021,"P","DTP3",2120.71506532063,2091.66417401486,"EMRO","Low income",0.72,970999
"YEM",2021,"T","DTP3",289.865702483261,285.894939435545,"EMRO","Low income",0.72,970999
"YEM",2021,"TB","BCG",302.025203433504,306.402380294859,"EMRO","Low income",0.7,970999
"YEM",2021,"Rubella","Rubella",0.402104499904803,0.42611073870509,"EMRO","Low income",0.71,970999
"YEM",2022,"HepB","HepB",2562.49428033822,2531.69779312916,"EMRO","Low income",0.74,968759
"YEM",2022,"Hib","Hib3",2034.47382318472,2010.02317462968,"EMRO","Low income",0.74,968759
"YEM",2022,"Measles","MCV1",6786.13293821868,7077.08225773139,"EMRO","Low income",0.73,968759
"YEM",2022,"Measles","MCV2",780.053358418516,816.178118737997,"EMRO","Low income",0.56,945348
"YEM",2022,"PCV","PCV3",1918.83878545802,1916.88283820656,"EMRO","Low income",0.74,968759
"YEM",2022,"Rota","Rota",1086.76538515615,1102.72349534146,"EMRO","Low income",0.76,968759
"YEM",2022,"D","DTP3",61.7571337088125,61.0149260898825,"EMRO","Low income",0.74,968759
"YEM",2022,"P","DTP3",2170.89685976386,2144.80665621223,"EMRO","Low income",0.74,968759
"YEM",2022,"T","DTP3",296.724700816429,293.158613460286,"EMRO","Low income",0.74,968759
"YEM",2022,"TB","BCG",312.773059730349,318.796777307862,"EMRO","Low income",0.73,968759
"YEM",2022,"Rubella","Rubella",0.419133214221754,0.437103172159979,"EMRO","Low income",0.73,968759
"ZAF",2019,"HepB","HepB",6742.44371963678,6742.44371963678,"AFRO","Upper middle income",0.85,1185428
"ZAF",2019,"Hib","Hib3",2381.18797552433,2381.18797552433,"AFRO","Upper middle income",0.85,1185428
"ZAF",2019,"Measles","MCV1",17647.2274666557,17647.2274666557,"AFRO","Upper middle income",0.83,1185428
"ZAF",2019,"Measles","MCV2",1887.40626572674,1887.40626572674,"AFRO","Upper middle income",0.79,1107380
"ZAF",2019,"PCV","PCV3",2372.36217076818,2372.36217076818,"AFRO","Upper middle income",0.86,1185428
"ZAF",2019,"Rota","Rota",618.411929332178,618.411929332178,"AFRO","Upper middle income",0.83,1185428
"ZAF",2019,"D","DTP3",309.250689319303,309.250689319303,"AFRO","Upper middle income",0.85,1185428
"ZAF",2019,"P","DTP3",9483.64281561665,9483.64281561665,"AFRO","Upper middle income",0.85,1185428
"ZAF",2019,"T","DTP3",641.878247242968,641.878247242968,"AFRO","Upper middle income",0.85,1185428
"ZAF",2019,"TB","BCG",2996.63159432149,2996.63159432149,"AFRO","Upper middle income",0.84,1185428
"ZAF",2020,"HPV","HPV",7690.41440926712,0,"AFRO","Upper middle income",0,543267
"ZAF",2020,"HepB","HepB",6867.43818845541,6786.644798003,"AFRO","Upper middle income",0.84,1207404
"ZAF",2020,"Hib","Hib3",2425.33151435598,2396.79820242238,"AFRO","Upper middle income",0.84,1207404
"ZAF",2020,"Measles","MCV1",17974.3797448263,18190.9385369327,"AFRO","Upper middle income",0.84,1207404
"ZAF",2020,"Measles","MCV2",1939.44807876084,1865.79815171929,"AFRO","Upper middle income",0.76,1137914
"ZAF",2020,"PCV","PCV3",2416.34209284258,2332.05108960388,"AFRO","Upper middle income",0.83,1207404
"ZAF",2020,"Rota","Rota",629.876329159923,629.876329159923,"AFRO","Upper middle income",0.83,1207404
"ZAF",2020,"D","DTP3",314.98371835901,311.278027554786,"AFRO","Upper middle income",0.84,1207404
"ZAF",2020,"P","DTP3",9659.45487211944,9545.81422656509,"AFRO","Upper middle income",0.84,1207404
"ZAF",2020,"T","DTP3",653.777676277386,646.086174203534,"AFRO","Upper middle income",0.84,1207404
"ZAF",2020,"TB","BCG",3052.18450509871,3124.85556474391,"AFRO","Upper middle income",0.86,1207404
"ZAF",2021,"HPV","HPV",7824.66863464338,3912.33431732169,"AFRO","Upper middle income",0.35,552751
"ZAF",2021,"HepB","HepB",6668.20123686058,6746.65066317659,"AFRO","Upper middle income",0.86,1172375
"ZAF",2021,"Hib","Hib3",2354.9682079429,2382.67371627164,"AFRO","Upper middle income",0.86,1172375
"ZAF",2021,"Measles","MCV1",17452.9100892003,18294.0141898846,"AFRO","Upper middle income",0.87,1172375
"ZAF",2021,"Measles","MCV2",2007.79578114115,2084.04119055157,"AFRO","Upper middle income",0.82,1178015
"ZAF",2021,"PCV","PCV3",2346.2395860013,2373.52144165248,"AFRO","Upper middle income",0.87,1172375
"ZAF",2021,"Rota","Rota",611.602463963068,626.339872733263,"AFRO","Upper middle income",0.85,1172375
"ZAF",2021,"D","DTP3",305.845464162073,309.443646093392,"AFRO","Upper middle income",0.86,1172375
"ZAF",2021,"P","DTP3",9379.21640619132,9489.5601286171,"AFRO","Upper middle income",0.86,1172375
"ZAF",2021,"T","DTP3",634.810389253059,642.278746773683,"AFRO","Upper middle income",0.86,1172375
"ZAF",2021,"TB","BCG",2963.63504606999,3034.19778526214,"AFRO","Upper middle income",0.86,1172375
"ZAF",2022,"HPV","HPV",9192.67344756036,5334.02039549799,"AFRO","Upper middle income",0.47,561201
"ZAF",2022,"HepB","HepB",6603.39324369787,6539.71447627572,"AFRO","Upper middle income",0.85,1149785
"ZAF",2022,"Hib","Hib3",2332.08036186605,2309.59131759858,"AFRO","Upper middle income",0.85,1149785
"ZAF",2022,"Measles","MCV1",17355.8063500812,17735.290231978,"AFRO","Upper middle income",0.86,1149785
"ZAF",2022,"Measles","MCV2",2095.42254688178,2253.78825738258,"AFRO","Upper middle income",0.87,1200749
"ZAF",2022,"PCV","PCV3",2318.97618419916,2381.29940299834,"AFRO","Upper middle income",0.89,1149785
"ZAF",2022,"Rota","Rota",608.199656878077,599.817753728778,"AFRO","Upper middle income",0.83,1149785
"ZAF",2022,"D","DTP3",302.872963776108,299.952256753675,"AFRO","Upper middle income",0.85,1149785
"ZAF",2022,"P","DTP3",9288.06016013144,9198.49223635159,"AFRO","Upper middle income",0.85,1149785
"ZAF",2022,"T","DTP3",628.640691323291,622.578495282933,"AFRO","Upper middle income",0.85,1149785
"ZAF",2022,"TB","BCG",2940.81528799819,2906.53001082895,"AFRO","Upper middle income",0.84,1149785
"ZMB",2019,"HepB","HepB",3550.43201592268,3550.43201592268,"AFRO","Lower middle income",0.88,619709
"ZMB",2019,"Hib","Hib3",1525.50342481021,1525.50342481021,"AFRO","Lower middle income",0.88,619709
"ZMB",2019,"Measles","MCV1",17780.6553303594,17780.6553303594,"AFRO","Lower middle income",0.93,619709
"ZMB",2019,"Measles","MCV2",1145.72060805576,1145.72060805576,"AFRO","Lower middle income",0.66,589733
"ZMB",2019,"PCV","PCV3",1367.49066541256,1367.49066541256,"AFRO","Lower middle income",0.89,619709
"ZMB",2019,"Rota","Rota",508.765070779088,508.765070779088,"AFRO","Lower middle income",0.9,619709
"ZMB",2019,"D","DTP3",125.315409308934,125.315409308934,"AFRO","Lower middle income",0.88,619709
"ZMB",2019,"P","DTP3",4286.05587638576,4286.05587638576,"AFRO","Lower middle income",0.88,619709
"ZMB",2019,"T","DTP3",340.260719247498,340.260719247498,"AFRO","Lower middle income",0.88,619709
"ZMB",2019,"TB","BCG",1327.25814707935,1327.25814707935,"AFRO","Lower middle income",0.95,619709
"ZMB",2019,"Rubella","Rubella",319.506553360676,319.506553360676,"AFRO","Lower middle income",0.93,619709
"ZMB",2020,"HPV","HPV",9501.27825215801,7691.51096603267,"AFRO","Lower middle income",0.68,265131
"ZMB",2020,"HepB","HepB",3602.03485074905,3438.30599389682,"AFRO","Lower middle income",0.84,628716
"ZMB",2020,"Hib","Hib3",1547.67545934136,1477.32657482584,"AFRO","Lower middle income",0.84,628716
"ZMB",2020,"Measles","MCV1",18039.083661335,18620.9895858942,"AFRO","Lower middle income",0.96,628716
"ZMB",2020,"Measles","MCV2",1161.72327476859,1302.53821716478,"AFRO","Lower middle income",0.74,597970
"ZMB",2020,"PCV","PCV3",1387.3661044063,1325.012571624,"AFRO","Lower middle income",0.85,628716
"ZMB",2020,"Rota","Rota",516.159584966404,498.954265467524,"AFRO","Lower middle income",0.87,628716
"ZMB",2020,"D","DTP3",127.136773677768,121.357829419687,"AFRO","Lower middle income",0.84,628716
"ZMB",2020,"P","DTP3",4348.35044573783,4150.69815274975,"AFRO","Lower middle income",0.84,628716
"ZMB",2020,"T","DTP3",345.206150568105,329.514961905918,"AFRO","Lower middle income",0.84,628716
"ZMB",2020,"TB","BCG",1346.54883695273,1204.8068541156,"AFRO","Lower middle income",0.85,628716
"ZMB",2020,"Rubella","Rubella",324.150338631052,334.606801167538,"AFRO","Lower middle income",0.96,628716
"ZMB",2021,"HPV","HPV",9704.11094583477,3812.32930014938,"AFRO","Lower middle income",0.33,270791
"ZMB",2021,"HepB","HepB",3660.23198588464,3785.01262176707,"AFRO","Lower middle income",0.91,638874
"ZMB",2021,"Hib","Hib3",1572.680847014,1626.29496679856,"AFRO","Lower middle income",0.91,638874
"ZMB",2021,"Measles","MCV1",18330.5364187514,17739.2287923401,"AFRO","Lower middle income",0.9,638874
"ZMB",2021,"Measles","MCV2",1180.14275796688,1448.35702114117,"AFRO","Lower middle income",0.81,607451
"ZMB",2021,"PCV","PCV3",1409.78141575285,1409.78141575285,"AFRO","Lower middle income",0.89,638874
"ZMB",2021,"Rota","Rota",524.499040402704,507.015739055947,"AFRO","Lower middle income",0.87,638874
"ZMB",2021,"D","DTP3",129.190889283254,133.595124145183,"AFRO","Lower middle income",0.91,638874
"ZMB",2021,"P","DTP3",4418.60560677685,4569.23988882606,"AFRO","Lower middle income",0.91,638874
"ZMB",2021,"T","DTP3",350.783556069907,362.742086390472,"AFRO","Lower middle income",0.91,638874
"ZMB",2021,"TB","BCG",1368.30467438293,1325.09505308663,"AFRO","Lower middle income",0.92,638874
"ZMB",2021,"Rubella","Rubella",329.387550885575,318.762146018298,"AFRO","Lower middle income",0.9,638874
"ZMB",2022,"HPV","HPV",10564.7830002404,4460.68615565705,"AFRO","Lower middle income",0.38,275154
"ZMB",2022,"HepB","HepB",3745.87257970613,3469.62983182803,"AFRO","Lower middle income",0.82,649918
"ZMB",2022,"Hib","Hib3",1609.47778287745,1490.7853938732,"AFRO","Lower middle income",0.82,649918
"ZMB",2022,"Measles","MCV1",18647.4102377027,18045.8808751962,"AFRO","Lower middle income",0.9,649918
"ZMB",2022,"Measles","MCV2",1290.77775597408,1471.55406165749,"AFRO","Lower middle income",0.81,617180
"ZMB",2022,"PCV","PCV3",1440.31410432217,1256.89711207732,"AFRO","Lower middle income",0.78,649918
"ZMB",2022,"Rota","Rota",535.0177050556,189.712312511182,"AFRO","Lower middle income",0.32,649918
"ZMB",2022,"D","DTP3",132.213644266329,122.463429964599,"AFRO","Lower middle income",0.82,649918
"ZMB",2022,"P","DTP3",4521.99031285193,4188.51206357353,"AFRO","Lower middle income",0.82,649918
"ZMB",2022,"T","DTP3",358.991044600823,332.516926617893,"AFRO","Lower middle income",0.82,649918
"ZMB",2022,"TB","BCG",1391.95809716095,1245.43619219664,"AFRO","Lower middle income",0.85,649918
"ZMB",2022,"Rubella","Rubella",335.081562712602,324.272480044453,"AFRO","Lower middle income",0.9,649918
"ZWE",2019,"HepB","HepB",5074.65778601162,5074.65778601162,"AFRO","Lower middle income",0.9,468273
"ZWE",2019,"Hib","Hib3",737.32097837985,737.32097837985,"AFRO","Lower middle income",0.9,468273
"ZWE",2019,"Measles","MCV1",11365.6210641879,11365.6210641879,"AFRO","Lower middle income",0.85,468273
"ZWE",2019,"Measles","MCV2",944.434783640269,944.434783640269,"AFRO","Lower middle income",0.75,452736
"ZWE",2019,"PCV","PCV3",763.572996402516,763.572996402516,"AFRO","Lower middle income",0.9,468273
"ZWE",2019,"Rota","Rota",281.944328058696,281.944328058696,"AFRO","Lower middle income",0.92,468273
"ZWE",2019,"D","DTP3",131.298970771159,131.298970771159,"AFRO","Lower middle income",0.9,468273
"ZWE",2019,"P","DTP3",3944.32698842977,3944.32698842977,"AFRO","Lower middle income",0.9,468273
"ZWE",2019,"T","DTP3",313.810258332104,313.810258332104,"AFRO","Lower middle income",0.9,468273
"ZWE",2019,"TB","BCG",1319.04218983035,1319.04218983035,"AFRO","Lower middle income",0.95,468273
"ZWE",2019,"Rubella","Rubella",145.833470007158,145.833470007158,"AFRO","Lower middle income",0.85,468273
"ZWE",2020,"HPV","HPV",5828.64769936445,0,"AFRO","Lower middle income",0,208315
"ZWE",2020,"HepB","HepB",5087.03359924797,4860.94321705917,"AFRO","Lower middle income",0.86,469415
"ZWE",2020,"Hib","Hib3",739.11911868969,706.269380081259,"AFRO","Lower middle income",0.86,469415
"ZWE",2020,"Measles","MCV1",11393.3389536569,11393.3389536569,"AFRO","Lower middle income",0.85,469415
"ZWE",2020,"Measles","MCV2",946.159955851161,933.544489773146,"AFRO","Lower middle income",0.74,453563
"ZWE",2020,"PCV","PCV3",765.435158777652,731.415818387534,"AFRO","Lower middle income",0.86,469415
"ZWE",2020,"Rota","Rota",282.631919319869,270.343575001614,"AFRO","Lower middle income",0.88,469415
"ZWE",2020,"D","DTP3",131.619175917773,125.769434765872,"AFRO","Lower middle income",0.86,469415
"ZWE",2020,"P","DTP3",3953.94620931328,3778.21526667714,"AFRO","Lower middle income",0.86,469415
"ZWE",2020,"T","DTP3",314.575562577737,300.59442646317,"AFRO","Lower middle income",0.86,469415
"ZWE",2020,"TB","BCG",1322.2590017772,1224.82939111993,"AFRO","Lower middle income",0.88,469415
"ZWE",2020,"Rubella","Rubella",146.189121139613,146.189121139613,"AFRO","Lower middle income",0.85,469415
"ZWE",2021,"HPV","HPV",6091.8769262347,0,"AFRO","Lower middle income",0,214858
"ZWE",2021,"HepB","HepB",5107.08198321228,4993.59127247423,"AFRO","Lower middle income",0.88,471265
"ZWE",2021,"Hib","Hib3",742.032043009484,725.542442053717,"AFRO","Lower middle income",0.88,471265
"ZWE",2021,"Measles","MCV1",11438.2409637424,11841.9435859921,"AFRO","Lower middle income",0.88,471265
"ZWE",2021,"Measles","MCV2",955.463786637835,968.203303793007,"AFRO","Lower middle income",0.76,458023
"ZWE",2021,"PCV","PCV3",768.451796600769,751.375090009641,"AFRO","Lower middle income",0.88,471265
"ZWE",2021,"Rota","Rota",283.745793079211,265.240632661002,"AFRO","Lower middle income",0.86,471265
"ZWE",2021,"D","DTP3",132.137897039697,129.201499327704,"AFRO","Lower middle income",0.88,471265
"ZWE",2021,"P","DTP3",3969.52901021915,3881.31725443651,"AFRO","Lower middle income",0.88,471265
"ZWE",2021,"T","DTP3",315.815328649909,308.797210235467,"AFRO","Lower middle income",0.88,471265
"ZWE",2021,"TB","BCG",1327.47012445817,1229.6565363402,"AFRO","Lower middle income",0.88,471265
"ZWE",2021,"Rubella","Rubella",146.765263517058,151.945213994131,"AFRO","Lower middle income",0.88,471265
"ZWE",2022,"HPV","HPV",6680.85830440738,0,"AFRO","Lower middle income",0,221086
"ZWE",2022,"HepB","HepB",5154.78369233125,5132.62470807925,"AFRO","Lower middle income",0.9,473622
"ZWE",2022,"Hib","Hib3",748.962849444341,745.743266048269,"AFRO","Lower middle income",0.9,473622
"ZWE",2022,"Measles","MCV1",11660.1630305273,12171.6514077108,"AFRO","Lower middle income",0.9,473622
"ZWE",2022,"Measles","MCV2",1003.9425483497,987.307920656834,"AFRO","Lower middle income",0.77,460995
"ZWE",2022,"PCV","PCV3",775.629371621865,772.295156248924,"AFRO","Lower middle income",0.9,473622
"ZWE",2022,"Rota","Rota",285.530120536965,170.479033317286,"AFRO","Lower middle income",0.55,473622
"ZWE",2022,"D","DTP3",133.37210544851,132.798775788008,"AFRO","Lower middle income",0.9,473622
"ZWE",2022,"P","DTP3",4006.60562633912,3989.3823408868,"AFRO","Lower middle income",0.9,473622
"ZWE",2022,"T","DTP3",318.765140497866,317.394857640239,"AFRO","Lower middle income",0.9,473622
"ZWE",2022,"TB","BCG",1334.10937643604,1348.1526330301,"AFRO","Lower middle income",0.96,473622
"ZWE",2022,"Rubella","Rubella",149.612768716082,156.175729463387,"AFRO","Lower middle income",0.9,473622
