"Year","Total deaths averted"
"2019 (baseline)",5809516.55772035
"2021",5958218.15554225
"2022",6158808.81069174
"2023",6323970.73587338
"2024",6484148.77015102
"2025",6691920.56481684
"2026",6862021.83072238
"2027",7064219.90795086
"2028",7237160.68804484
"2029",7387897.65354493
"2030",7521373.79438708
