"Year","Total deaths averted"
"2019 (baseline)",4255873.90108059
"2021",4445872.66280022
"2022",4623097.89497226
"2023",4767638.37250249
"2024",4908864.76650538
"2025",5098638.95859411
"2026",5251664.26348071
"2027",5436265.33324268
"2028",5591734.44042134
"2029",5725507.24559947
"2030",5842798.81409055
