"income_group","total","incremental"
"Global",510.099854195755,90.5501291450009
"High income",20.2493231951305,0.814652460344378
"Low income",129.864305575076,35.9560472957383
"Lower middle income",247.664615192832,49.928533436483
"Upper middle income",112.321610232716,3.84190155323781
