"income_group","total","incremental"
"Global",672.996818285389,97.7175183124833
"High income",25.60401779351,0.582674130389863
"Low income",155.438654989085,40.4013645798885
"Lower middle income",347.551668694097,55.6561517887061
"Upper middle income",144.402476808697,1.06833341430139
